t,x,y,yaw,v,w
0.020000,0.000000,0.000000,0.000000,0.000000,0.000000
0.120000,0.000000,0.000000,0.000000,0.000000,0.000000
0.220000,0.000000,0.000000,0.000000,-0.000000,0.000000
0.320000,0.000000,-0.000000,0.000000,-0.000000,0.000000
0.420000,0.000000,-0.000000,0.000000,-0.000000,0.000000
0.520000,0.000000,-0.000000,0.000000,-0.000000,0.000000
0.620000,0.000000,-0.000000,0.000000,0.000000,0.000000
0.720000,0.000000,-0.000000,0.000000,0.000000,0.000000
0.820000,0.000000,-0.000000,0.000000,-0.000000,0.000000
0.920000,0.000000,-0.000000,0.000000,0.000000,0.000000
1.020000,0.000000,-0.000000,0.000000,-0.000000,0.000000
1.120000,0.000000,0.000000,0.000000,-0.000000,0.000000
1.220000,0.000000,0.000000,0.000000,0.000000,0.000000
1.320000,0.000000,0.000000,0.000000,0.000000,0.000000
1.420000,0.000000,0.000000,0.000000,0.000000,0.000000
1.520000,0.000000,0.000000,0.000000,0.000000,0.000000
1.620000,0.000000,0.000000,0.000000,0.000000,0.000000
1.720000,0.000000,0.000000,0.000000,0.000000,0.000000
1.820000,0.000000,0.000000,0.000000,0.000000,0.000000
1.920000,0.000000,0.000000,0.000000,0.000000,0.000000
2.020000,0.000000,0.000000,0.000000,-0.000000,0.000000
2.120000,0.000000,0.000000,0.000000,0.000000,0.000000
2.220000,0.000000,0.000000,0.000000,0.000000,0.000000
2.320000,0.000000,0.000000,0.000000,0.000000,0.000000
2.420000,0.000000,0.000000,0.000000,0.000000,0.000000
2.520000,0.000000,0.000000,0.000000,0.000000,0.000000
2.620000,0.000000,0.000000,0.000000,-0.000000,0.000000
2.720000,0.000000,0.000000,0.000000,-0.000000,0.000000
2.820000,0.000000,0.000000,0.000000,0.000000,0.000000
2.920000,0.000000,0.000000,0.000000,-0.000000,0.000000
3.020000,0.000000,0.000000,0.000000,0.000000,0.000000
3.120000,0.000000,0.000000,0.000000,-0.000000,0.000000
3.220000,0.000000,0.000000,0.000000,0.000000,0.000000
3.320000,0.000000,0.000000,0.000000,-0.000000,0.000000
3.420000,0.000000,0.000000,0.000000,0.000000,0.000000
3.520000,0.000000,0.000000,0.000000,0.000000,-0.000000
3.620000,0.000000,0.000000,0.000000,0.000000,0.000000
3.720000,0.000000,0.000000,0.000000,0.000000,0.000000
3.820000,0.000000,0.000000,0.000000,0.000000,0.000000
3.920000,0.000000,0.000000,0.000000,0.000000,0.000000
4.020000,0.000000,0.000000,0.000000,0.000000,0.000000
4.120000,0.000000,0.000000,0.000000,0.000000,0.000000
4.220000,0.000000,0.000000,0.000000,0.000000,0.000000
4.320000,0.000000,0.000000,0.000000,0.000000,0.000000
4.420000,0.000000,0.000000,0.000000,0.000000,0.000000
4.520000,0.000000,0.000000,0.000000,0.000000,0.000000
4.620000,0.000000,0.000000,0.000000,0.000000,0.000000
4.720000,0.000000,0.000000,0.000000,0.000000,0.000000
4.820000,0.000000,0.000000,0.000000,0.000000,0.000000
4.920000,0.000000,0.000000,0.000000,0.000000,0.000000
5.020000,0.000000,0.000000,0.000000,0.000000,0.000000
5.120000,0.000000,0.000000,0.000000,0.000000,0.000000
5.220000,0.000000,0.000000,0.000000,0.000000,0.000000
5.320000,0.000000,0.000000,0.000000,0.000000,0.000000
5.420000,0.000000,0.000000,0.000000,0.000000,0.000000
5.520000,0.000000,0.000000,0.000000,0.000000,0.000000
5.620000,0.000000,0.000000,0.000000,0.000000,0.000000
5.720000,0.000000,0.000000,0.000000,0.000000,0.000000
5.820000,0.000000,0.000000,0.000000,0.000000,0.000000
5.920000,0.000000,0.000000,0.000000,0.000000,0.000000
6.020000,0.000000,0.000000,0.000000,0.000000,0.000000
6.120000,0.000000,0.000000,0.000000,0.000000,0.000000
6.220000,0.000000,0.000000,0.000000,0.000000,0.000000
6.320000,0.000000,0.000000,0.000000,0.000000,0.000000
6.420000,0.000000,0.000000,0.000000,0.000000,0.000000
6.520000,0.000000,0.000000,0.000000,0.000000,0.000000
6.620000,0.000000,0.000000,0.000000,0.000000,0.000000
6.720000,0.000000,0.000000,0.000000,0.000000,0.000000
6.820000,0.000000,0.000000,0.000000,0.000000,0.000000
6.920000,0.000000,0.000000,0.000000,0.000000,0.000000
7.020000,0.000000,0.000000,0.000000,-0.000000,0.000000
7.120000,0.000000,0.000000,0.000000,0.000000,0.000000
7.220000,0.000000,0.000000,0.000000,0.000000,0.000000
7.320000,0.000000,0.000000,0.000000,0.000000,0.000000
7.420000,0.000000,0.000000,0.000000,0.000000,0.000000
7.520000,0.000000,0.000000,0.000000,0.000000,0.000000
7.620000,0.000000,0.000000,0.000000,0.000000,0.000000
7.720000,0.000000,0.000000,0.000000,0.000000,0.000000
7.820000,0.000000,0.000000,0.000000,0.000000,0.000000
7.920000,0.000000,0.000000,0.000000,0.000000,0.000000
8.020000,0.000000,0.000000,0.000000,0.000000,0.000000
8.120000,0.000000,0.000000,0.000000,0.000000,0.000000
8.220000,0.000000,0.000000,0.000000,0.000000,0.000000
8.320000,0.000000,0.000000,0.000000,0.000000,0.000000
8.420000,0.000000,0.000000,0.000000,0.000000,0.000000
8.520000,0.000000,0.000000,0.000000,-0.000000,0.000000
8.620000,0.000000,0.000000,0.000000,0.000000,0.000000
8.720000,0.000000,0.000000,0.000000,-0.000000,0.000000
8.820000,0.000000,0.000000,0.000000,-0.000000,0.000000
8.920000,0.000000,0.000000,0.000000,0.000000,0.000000
9.020000,0.000000,0.000000,0.000000,-0.000000,0.000000
9.120000,0.000000,0.000000,0.000000,0.000000,0.000000
9.220000,0.000000,0.000000,0.000000,-0.000000,0.000000
9.320000,0.000000,0.000000,0.000000,0.000000,0.000000
9.420000,0.000000,0.000000,0.000000,-0.000000,-0.000000
9.520000,0.000000,0.000000,0.000000,-0.000000,0.000000
9.620000,0.000000,0.000000,0.000000,0.000000,-0.000000
9.720000,0.000000,0.000000,0.000000,-0.000000,-0.000000
9.820000,0.000000,0.000000,0.000000,0.000000,0.000000
9.920000,0.000000,0.000000,0.000000,0.000000,-0.000000
10.020000,0.000000,0.000000,0.000000,0.000000,-0.000000
10.120000,0.000000,0.000000,0.000000,-0.000000,-0.000000
10.220000,0.000000,0.000000,0.000000,0.000000,0.000000
10.320000,0.000000,0.000000,0.000000,0.000000,0.000000
10.420000,0.000000,0.000000,0.000000,0.000000,0.000000
10.520000,0.000000,0.000000,0.000000,0.000000,-0.000000
10.620000,0.000000,0.000000,0.000000,-0.000000,-0.000000
10.720000,0.000000,0.000000,0.000000,-0.000000,-0.000000
10.820000,0.000000,0.000000,0.000000,-0.000000,-0.000000
10.920000,0.000000,0.000000,0.000000,-0.000000,0.000000
11.020000,0.000000,0.000000,0.000000,0.000000,-0.000000
11.120000,0.000000,0.000000,0.000000,-0.000000,0.000000
11.220000,0.000000,0.000000,0.000000,0.000000,-0.000000
11.320000,0.000000,0.000000,0.000000,-0.000000,-0.000000
11.420000,0.000000,0.000000,0.000000,-0.000000,-0.000000
11.520000,0.000000,0.000000,0.000000,-0.000000,-0.000000
11.620000,0.000000,0.000000,0.000000,-0.000000,-0.000000
11.720000,0.000000,0.000000,0.000000,-0.000000,-0.000000
11.820000,0.000000,0.000000,0.000000,0.000000,-0.000000
11.920000,0.000000,0.000000,0.000000,-0.000000,0.000000
12.020000,0.000000,0.000000,0.000000,0.000000,0.000000
12.120000,0.000000,0.000000,0.000000,0.000000,-0.000000
12.220000,0.000000,0.000000,0.000000,0.000000,0.000000
12.320000,0.000000,0.000000,0.000000,0.000000,-0.000000
12.420000,0.000000,0.000000,0.000000,0.000000,-0.000000
12.520000,0.000000,0.000000,0.000000,0.000000,-0.000000
12.620000,0.000000,0.000000,0.000000,0.000000,0.000000
12.720000,0.000000,0.000000,0.000000,0.000000,-0.000000
12.820000,0.000000,0.000000,0.000000,0.000000,-0.000000
12.920000,0.000000,0.000000,0.000000,0.000000,-0.000000
13.020000,0.000000,0.000000,0.000000,0.000000,0.000000
13.120000,0.000000,0.000000,0.000000,0.000000,-0.000000
13.220000,0.000000,0.000000,0.000000,0.000000,-0.000000
13.320000,0.000000,0.000000,0.000000,0.000000,0.000000
13.420000,0.000000,0.000000,0.000000,0.000000,-0.000000
13.520000,0.000000,0.000000,0.000000,0.000000,-0.000000
13.620000,0.000000,0.000000,0.000000,0.000000,-0.000000
13.720000,0.000000,0.000000,0.000000,0.000000,0.000000
13.820000,0.000000,0.000000,0.000000,0.000000,0.000000
13.920000,0.000000,0.000000,0.000000,-0.000000,0.000000
14.020000,0.000000,0.000000,0.000000,0.000000,0.000000
14.120000,0.000000,0.000000,0.000000,0.000000,0.000000
14.220000,0.000000,0.000000,0.000000,0.000000,0.000000
14.320000,0.000000,0.000000,0.000000,0.000000,0.000000
14.420000,0.000000,0.000000,0.000000,0.000000,0.000000
14.520000,0.000000,0.000000,0.000000,0.000000,0.000000
14.620000,0.000000,0.000000,0.000000,0.000000,0.000000
14.720000,0.000000,0.000000,0.000000,-0.000000,0.000000
14.820000,0.000000,0.000000,0.000000,0.000000,0.000000
14.920000,0.000000,0.000000,0.000000,-0.000000,0.000000
15.020000,0.000000,0.000000,0.000000,0.000000,0.000000
15.120000,0.000000,0.000000,0.000000,0.000000,0.000000
15.220000,0.000000,0.000000,0.000000,0.000000,0.000000
15.320000,0.000000,0.000000,0.000000,0.000000,0.000000
15.420000,0.000000,0.000000,0.000000,0.000000,0.000000
15.520000,0.000000,0.000000,0.000000,0.000000,0.000000
15.620000,0.000000,0.000000,0.000000,0.000000,0.000000
15.720000,0.000000,0.000000,0.000000,0.000000,0.000000
15.820000,0.000000,0.000000,0.000000,0.000000,0.000000
15.920000,0.000000,0.000000,0.000000,0.000000,0.000000
16.020000,0.000000,0.000000,0.000000,-0.000000,0.000000
16.120000,0.000000,0.000000,0.000000,0.000000,0.000000
16.220000,0.000000,0.000000,0.000000,0.000000,-0.000000
16.320000,0.000000,0.000000,0.000000,0.000000,0.000000
16.420000,0.000000,0.000000,0.000000,0.000000,0.000000
16.520000,0.000000,0.000000,0.000000,0.000000,0.000000
16.620000,0.000000,0.000000,0.000000,0.000000,0.000000
16.720000,0.000000,0.000000,0.000000,0.000000,0.000000
16.820000,0.000000,0.000000,0.000000,0.000000,0.000000
16.920000,0.000000,0.000000,0.000000,0.000000,0.000000
17.020000,0.000000,0.000000,0.000000,0.000000,0.000000
17.120000,0.000000,0.000000,0.000000,0.000000,0.000000
17.220000,0.000000,0.000000,0.000000,0.000000,0.000000
17.320000,0.000000,0.000000,0.000000,0.000000,0.000000
17.420000,0.000000,0.000000,0.000000,0.000000,0.000000
17.520000,0.000000,0.000000,0.000000,-0.000000,-0.000000
17.620000,0.000000,0.000000,0.000000,-0.000000,-0.000000
17.720000,0.000000,0.000000,0.000000,-0.000000,-0.000000
17.820000,0.000000,0.000000,0.000000,0.000000,-0.000000
17.920000,0.000000,0.000000,0.000000,0.000000,0.000000
18.020000,0.000000,0.000000,0.000000,0.000000,-0.000000
18.120000,0.000000,0.000000,0.000000,-0.000000,0.000000
18.220000,0.000000,0.000000,0.000000,-0.000000,0.000000
18.320000,0.000000,0.000000,0.000000,-0.000000,-0.000000
18.420000,0.000000,0.000000,0.000000,-0.000000,0.000000
18.520000,0.000000,0.000000,0.000000,-0.000000,0.000000
18.620000,0.000000,0.000000,0.000000,0.000000,0.000000
18.720000,0.000000,0.000000,0.000000,0.000000,0.000000
18.820000,0.000000,0.000000,0.000000,0.000000,0.000000
18.920000,0.000000,0.000000,0.000000,0.000000,0.000000
19.020000,0.000000,0.000000,0.000000,-0.000000,-0.000000
19.120000,0.000000,0.000000,0.000000,-0.000000,0.000000
19.220000,0.000000,0.000000,0.000000,-0.000000,-0.000000
19.320000,0.000000,0.000000,0.000000,0.000000,0.000000
19.420000,0.000000,0.000000,0.000000,0.000000,0.000000
19.520000,0.000000,0.000000,0.000000,0.000000,0.000000
19.620000,0.000000,0.000000,0.000000,0.000000,0.000000
19.720000,0.000000,0.000000,0.000000,-0.000000,0.000000
19.820000,0.000000,0.000000,0.000000,0.000000,0.000000
19.920000,0.000000,0.000000,0.000000,0.000000,0.000000
20.020000,0.000000,0.000000,0.000000,0.000000,0.000000
20.120000,0.000000,0.000000,0.000000,0.000000,0.000000
20.220000,0.000000,0.000000,0.000000,0.000000,0.000000
20.320000,0.000000,0.000000,0.000000,0.000000,0.000000
20.420000,0.000000,0.000000,0.000000,0.000000,0.000000
20.520000,0.000000,0.000000,0.000000,0.000000,0.000000
20.620000,0.000000,0.000000,0.000000,0.000000,0.000000
20.720000,0.000000,0.000000,0.000000,0.000000,0.000000
20.820000,0.000000,0.000000,0.000000,-0.000000,0.000000
20.920000,0.000000,0.000000,0.000000,-0.000000,0.000000
21.020000,0.000000,0.000000,0.000000,0.000000,0.000000
21.120000,0.000000,0.000000,0.000000,0.000000,0.000000
21.220000,0.000000,0.000000,0.000000,0.000000,0.000000
21.320000,0.000000,0.000000,0.000000,0.000000,0.000000
21.420000,0.000000,0.000000,0.000000,0.000000,0.000000
21.520000,0.000000,0.000000,0.000000,-0.000000,0.000000
21.620000,0.000000,0.000000,0.000000,-0.000000,0.000000
21.720000,0.000000,0.000000,0.000000,0.000000,0.000000
21.820000,0.000000,0.000000,0.000000,0.000000,0.000000
21.920000,0.000000,0.000000,0.000000,0.000000,0.000000
22.020000,0.000000,0.000000,0.000000,0.000000,0.000000
22.120000,0.000000,0.000000,0.000000,0.000000,0.000000
22.220000,0.000000,0.000000,0.000000,0.000000,0.000000
22.320000,0.000000,0.000000,0.000000,0.000000,0.000000
22.420000,0.000000,0.000000,0.000000,0.000000,0.000000
22.520000,0.000000,0.000000,0.000000,0.000000,0.000000
22.620000,0.000000,0.000000,0.000000,0.000000,0.000000
22.720000,0.000000,0.000000,0.000000,0.000000,0.000000
22.820000,0.000000,0.000000,0.000000,0.000000,0.000000
22.920000,0.000000,0.000000,0.000000,0.000000,0.000000
23.020000,0.000000,0.000000,0.000000,0.000000,0.000000
23.120000,0.000000,0.000000,0.000000,0.000000,0.000000
23.220000,0.000000,0.000000,0.000000,0.000000,0.000000
23.320000,0.000000,0.000000,0.000000,-0.000000,0.000000
23.420000,0.000000,0.000000,0.000000,0.000000,0.000000
23.520000,0.000000,0.000000,0.000000,-0.000000,0.000000
23.620000,0.000000,0.000000,0.000000,-0.000000,0.000000
23.720000,0.000000,0.000000,0.000000,-0.000000,0.000000
23.820000,0.000000,0.000000,0.000000,-0.000000,0.000000
23.920000,0.000000,0.000000,0.000000,-0.000000,0.000000
24.020000,0.000000,0.000000,0.000000,-0.000000,0.000000
24.120000,0.000000,0.000000,0.000000,-0.000000,0.000000
24.220000,0.000000,0.000000,0.000000,-0.000000,0.000000
24.320000,0.000000,0.000000,0.000000,-0.000000,0.000000
24.420000,0.000000,0.000000,0.000000,-0.000000,0.000000
24.520000,0.000000,0.000000,0.000000,-0.000000,0.000000
24.620000,0.000000,0.000000,0.000000,-0.000000,0.000000
24.720000,0.000000,0.000000,0.000000,-0.000000,0.000000
24.820000,0.000000,0.000000,0.000000,-0.000000,0.000000
24.920000,0.000000,0.000000,0.000000,-0.000000,0.000000
25.020000,0.000000,0.000000,0.000000,-0.000000,0.000000
25.120000,0.000000,0.000000,0.000000,-0.000000,0.000000
25.220000,0.000000,0.000000,0.000000,-0.000000,0.000000
25.320000,0.000000,0.000000,0.000000,-0.000000,0.000000
25.420000,0.000000,0.000000,0.000000,-0.000000,0.000000
25.520000,0.000000,0.000000,0.000000,-0.000000,0.000000
25.620000,0.000000,0.000000,0.000000,-0.000000,0.000000
25.720000,0.000000,0.000000,0.000000,-0.000000,0.000000
25.820000,0.000000,0.000000,0.000000,-0.000000,0.000000
25.920000,0.000000,0.000000,0.000000,-0.000000,0.000000
26.020000,0.000000,0.000000,0.000000,-0.000000,0.000000
26.120000,0.000000,0.000000,0.000000,-0.000000,0.000000
26.220000,0.000000,0.000000,0.000000,-0.000000,0.000000
26.320000,0.000000,0.000000,0.000000,-0.000000,0.000000
26.420000,0.000000,0.000000,0.000000,-0.000000,0.000000
26.520000,0.000000,0.000000,0.000000,-0.000000,0.000000
26.620000,0.000000,0.000000,0.000000,-0.000000,0.000000
26.720000,0.000000,0.000000,0.000000,-0.000000,0.000000
26.820000,0.000000,0.000000,0.000000,-0.000000,0.000000
26.920000,0.000000,0.000000,0.000000,-0.000000,0.000000
27.020000,0.000000,0.000000,0.000000,-0.000000,0.000000
27.120000,0.000000,0.000000,0.000000,-0.000000,0.000000
27.220000,0.000000,0.000000,0.000000,-0.000000,0.000000
27.320000,0.000000,0.000000,0.000000,-0.000000,0.000000
27.420000,0.000000,0.000000,0.000000,-0.000000,0.000000
27.520000,0.000000,0.000000,0.000000,-0.000000,0.000000
27.620000,0.000000,0.000000,0.000000,-0.000000,0.000000
27.720000,0.000000,-0.000000,0.000000,-0.000000,0.000000
27.820000,0.000000,-0.000000,0.000000,-0.000000,0.000000
27.920000,0.000000,-0.000000,0.000000,-0.000000,0.000000
28.020000,0.000000,-0.000000,0.000000,-0.000000,0.000000
28.120000,0.000000,-0.000000,0.000000,-0.000000,0.000000
28.220000,0.000000,-0.000000,0.000000,-0.000000,0.000000
28.320000,0.000000,-0.000000,0.000000,-0.000000,0.000000
28.420000,0.000000,-0.000000,0.000000,-0.000000,0.000000
28.520000,0.000000,-0.000000,0.000000,-0.000000,0.000000
28.620000,0.000000,-0.000000,0.000000,-0.000000,0.000000
28.720000,0.000000,-0.000000,0.000000,-0.000000,0.000000
28.820000,0.000000,-0.000000,0.000000,-0.000000,0.000000
28.920000,0.000000,-0.000000,0.000000,-0.000000,0.000000
29.020000,0.000000,-0.000000,0.000000,-0.000000,0.000000
29.120000,0.000000,-0.000000,0.000000,-0.000000,0.000000
29.220000,0.000000,-0.000000,0.000000,-0.000000,0.000000
29.320000,0.000000,-0.000000,0.000000,-0.000000,0.000000
29.420000,0.000000,-0.000000,0.000000,-0.000000,0.000000
29.520000,0.000000,-0.000000,0.000000,-0.000000,0.000000
29.620000,0.000000,-0.000000,0.000000,-0.000000,0.000000
29.720000,0.000000,-0.000000,0.000000,-0.000000,0.000000
29.820000,0.000000,-0.000000,0.000000,-0.000000,0.000000
29.920000,0.000000,-0.000000,0.000000,-0.000000,0.000000
30.020000,0.000000,-0.000000,0.000000,-0.000000,0.000000
30.120000,0.000000,-0.000000,0.000000,-0.000000,0.000000
30.220000,0.000000,-0.000000,0.000000,-0.000000,0.000000
30.320000,0.000000,-0.000000,0.000000,-0.000000,0.000000
30.420000,0.000000,-0.000000,0.000000,-0.000000,0.000000
30.520000,0.000000,-0.000000,0.000000,-0.000000,0.000000
30.620000,0.000000,-0.000000,0.000000,-0.000000,0.000000
30.720000,0.000000,-0.000000,0.000000,-0.000000,0.000000
30.820000,0.000000,-0.000000,0.000000,-0.000000,0.000000
30.920000,0.000000,-0.000000,0.000000,-0.000000,0.000000
31.020000,-0.000000,-0.000000,0.000000,-0.000000,0.000000
31.120000,-0.000000,-0.000000,0.000000,-0.000000,0.000000
31.220000,-0.000000,-0.000000,0.000000,-0.000000,0.000000
31.320000,-0.000000,-0.000000,0.000000,-0.000000,-0.000000
31.420000,-0.000000,-0.000000,0.000000,-0.000000,0.000000
31.520000,-0.000000,-0.000000,0.000000,-0.000000,-0.000000
31.620000,-0.000000,-0.000000,0.000000,-0.000000,0.000000
31.720000,-0.000000,-0.000000,0.000000,-0.000000,0.000000
31.820000,-0.000000,-0.000000,0.000000,-0.000000,0.000000
31.920000,-0.000000,-0.000000,0.000000,0.000000,0.000000
32.020000,-0.000000,-0.000000,0.000000,-0.000000,0.000000
32.120000,-0.000000,-0.000000,0.000000,0.000000,0.000000
32.220000,-0.000000,-0.000000,0.000000,-0.000000,0.000000
32.320000,-0.000000,-0.000000,0.000000,0.000000,0.000000
32.420000,-0.000000,-0.000000,0.000000,-0.000000,0.000000
32.520000,-0.000000,-0.000000,0.000000,-0.000000,0.000000
32.620000,-0.000000,-0.000000,0.000000,-0.000000,0.000000
32.720000,-0.000000,-0.000000,0.000000,-0.000000,0.000000
32.820000,-0.000000,-0.000000,0.000000,0.000000,0.000000
32.920000,-0.000000,-0.000000,0.000000,-0.000000,0.000000
33.020000,-0.000000,-0.000000,0.000000,0.000000,0.000000
33.120000,-0.000000,-0.000000,0.000000,-0.000000,0.000000
33.220000,-0.000000,-0.000000,0.000000,-0.000000,0.000000
33.320000,-0.000000,-0.000000,0.000000,0.000000,0.000000
33.420000,-0.000000,-0.000000,0.000000,0.000000,0.000000
33.520000,-0.000000,-0.000000,0.000000,0.000000,0.000000
33.620000,-0.000000,-0.000000,0.000000,-0.000000,0.000000
33.720000,-0.000000,-0.000000,0.000000,-0.000000,0.000000
33.820000,-0.000000,-0.000000,0.000000,-0.000000,0.000000
33.920000,-0.000000,-0.000000,0.000000,-0.000000,0.000000
34.020000,-0.000000,-0.000000,0.000000,0.000000,0.000000
34.120000,-0.000000,-0.000000,0.000000,-0.000000,0.000000
34.220000,-0.000000,-0.000000,0.000000,0.000000,0.000000
34.320000,-0.000000,-0.000000,0.000000,0.000000,0.000000
34.420000,-0.000000,-0.000000,0.000000,-0.000000,0.000000
34.520000,-0.000000,-0.000000,0.000000,-0.000000,0.000000
34.620000,-0.000000,-0.000000,0.000000,-0.000000,0.000000
34.720000,-0.000000,-0.000000,0.000000,0.000000,0.000000
34.820000,-0.000000,-0.000000,0.000000,0.000000,0.000000
34.920000,-0.000000,-0.000000,0.000000,0.000000,0.000000
35.020000,-0.000000,-0.000000,0.000000,0.000000,0.000000
35.120000,-0.000000,-0.000000,0.000000,-0.000000,0.000000
35.220000,-0.000000,-0.000000,0.000000,-0.000000,0.000000
35.320000,-0.000000,-0.000000,0.000000,-0.000000,0.000000
35.420000,-0.000000,-0.000000,0.000000,-0.000000,0.000000
35.520000,-0.000000,-0.000000,0.000000,-0.000000,0.000000
35.620000,-0.000000,-0.000000,0.000000,-0.000000,0.000000
35.720000,-0.000000,-0.000000,0.000000,-0.000000,0.000000
35.820000,-0.000000,-0.000000,0.000000,-0.000000,0.000000
35.920000,-0.000000,-0.000000,0.000000,-0.000000,0.000000
36.020000,-0.000000,-0.000000,0.000000,-0.000000,0.000000
36.120000,-0.000000,-0.000000,0.000000,-0.000000,0.000000
36.220000,-0.000000,-0.000000,0.000000,-0.000000,0.000000
36.320000,-0.000000,-0.000000,0.000000,-0.000000,0.000000
36.420000,-0.000000,-0.000000,0.000000,-0.000000,-0.000000
36.520000,-0.000000,-0.000000,0.000000,-0.000000,0.000000
36.620000,-0.000000,-0.000000,0.000000,-0.000000,0.000000
36.720000,-0.000000,-0.000000,0.000000,-0.000000,0.000000
36.820000,-0.000000,-0.000000,0.000000,-0.000000,0.000000
36.920000,-0.000000,-0.000000,0.000000,-0.000000,0.000000
37.020000,-0.000000,-0.000000,0.000000,-0.000000,0.000000
37.120000,-0.000000,-0.000000,0.000000,-0.000000,0.000000
37.220000,-0.000000,-0.000000,0.000000,-0.000000,0.000000
37.320000,-0.000000,-0.000000,0.000000,-0.000000,0.000000
37.420000,-0.000000,-0.000000,0.000000,-0.000000,0.000000
37.520000,-0.000000,-0.000000,0.000000,-0.000000,0.000000
37.620000,-0.000000,-0.000000,0.000000,-0.000000,0.000000
37.720000,-0.000000,-0.000000,0.000000,-0.000000,0.000000
37.820000,-0.000000,-0.000000,0.000000,-0.000000,0.000000
37.920000,-0.000000,-0.000000,0.000000,-0.000000,0.000000
38.020000,-0.000000,-0.000000,0.000000,-0.000000,0.000000
38.120000,-0.000000,-0.000000,0.000000,-0.000000,0.000000
38.220000,-0.000000,-0.000000,0.000000,-0.000000,0.000000
38.320000,-0.000000,-0.000000,0.000000,-0.000000,0.000000
38.420000,-0.000000,-0.000000,0.000000,-0.000000,0.000000
38.520000,-0.000000,-0.000000,0.000000,-0.000000,0.000000
38.620000,-0.000000,-0.000000,0.000000,-0.000000,0.000000
38.720000,-0.000000,-0.000000,0.000000,-0.000000,0.000000
38.820000,-0.000000,-0.000000,0.000000,-0.000000,0.000000
38.920000,-0.000000,-0.000000,0.000000,-0.000000,0.000000
39.020000,-0.000000,-0.000000,0.000000,-0.000000,0.000000
39.120000,-0.000000,-0.000000,0.000000,-0.000000,0.000000
39.220000,-0.000000,-0.000000,0.000000,-0.000000,0.000000
39.320000,-0.000000,-0.000000,0.000000,-0.000000,0.000000
39.420000,-0.000000,-0.000000,0.000000,-0.000000,-0.000000
39.520000,-0.000000,-0.000000,0.000000,-0.000000,-0.000000
39.620000,-0.000000,-0.000000,0.000000,-0.000000,-0.000000
39.720000,-0.000000,-0.000000,0.000000,-0.000000,-0.000000
39.820000,-0.000000,-0.000000,0.000000,-0.000000,0.000000
39.920000,-0.000000,-0.000000,0.000000,-0.000000,-0.000000
40.020000,-0.000000,-0.000000,0.000000,-0.000000,0.000000
40.120000,-0.000000,-0.000000,0.000000,-0.000000,0.000000
40.220000,-0.000000,-0.000000,0.000000,-0.000000,-0.000000
40.320000,-0.000000,-0.000000,0.000000,-0.000000,0.000000
40.420000,-0.000000,-0.000000,0.000000,-0.000000,0.000000
40.520000,-0.000000,-0.000000,0.000000,-0.000000,0.000000
40.620000,-0.000000,-0.000000,0.000000,-0.000000,0.000000
40.720000,-0.000000,-0.000000,0.000000,-0.000000,0.000000
40.820000,-0.000000,-0.000000,0.000000,-0.000000,0.000000
40.920000,-0.000000,-0.000000,0.000000,-0.000000,0.000000
41.020000,-0.000000,-0.000000,0.000000,-0.000000,0.000000
41.120000,-0.000000,-0.000000,0.000000,-0.000000,0.000000
41.220000,-0.000000,-0.000000,0.000000,-0.000000,0.000000
41.320000,-0.000000,-0.000000,0.000000,-0.000000,0.000000
41.420000,-0.000000,-0.000000,0.000000,-0.000000,0.000000
41.520000,-0.000000,-0.000000,0.000000,-0.000000,0.000000
41.620000,-0.000000,-0.000000,0.000000,-0.000000,0.000000
41.720000,-0.000000,-0.000000,0.000000,-0.000000,0.000000
41.820000,-0.000000,-0.000000,0.000000,-0.000000,-0.000000
41.920000,-0.000000,-0.000000,0.000000,-0.000000,0.000000
42.020000,-0.000000,-0.000000,0.000000,-0.000000,0.000000
42.120000,-0.000000,-0.000000,0.000000,-0.000000,0.000000
42.220000,-0.000000,-0.000000,0.000000,-0.000000,0.000000
42.320000,-0.000000,-0.000000,0.000000,-0.000000,-0.000000
42.420000,-0.000000,-0.000000,0.000000,-0.000000,-0.000000
42.520000,-0.000000,-0.000000,0.000000,-0.000000,-0.000000
42.620000,-0.000000,-0.000000,0.000000,-0.000000,-0.000000
42.720000,-0.000000,-0.000000,0.000000,-0.000000,-0.000000
42.820000,-0.000000,-0.000000,0.000000,-0.000000,-0.000000
42.920000,-0.000000,-0.000000,0.000000,0.000000,-0.000000
43.020000,-0.000000,-0.000000,0.000000,-0.000000,-0.000000
43.120000,-0.000000,-0.000000,0.000000,-0.000000,-0.000000
43.220000,-0.000000,-0.000000,0.000000,-0.000000,-0.000000
43.320000,-0.000000,-0.000000,0.000000,-0.000000,-0.000000
43.420000,-0.000000,-0.000000,0.000000,-0.000000,-0.000000
43.520000,-0.000000,-0.000000,0.000000,-0.000000,-0.000000
43.620000,-0.000000,-0.000000,0.000000,-0.000000,-0.000000
43.720000,-0.000000,-0.000000,0.000000,-0.000000,-0.000000
43.820000,-0.000000,-0.000000,0.000000,-0.000000,-0.000000
43.920000,-0.000000,-0.000000,0.000000,-0.000000,-0.000000
44.020000,-0.000000,-0.000000,0.000000,-0.000000,-0.000000
44.120000,-0.000000,-0.000000,0.000000,-0.000000,-0.000000
44.220000,-0.000000,-0.000000,0.000000,-0.000000,-0.000000
44.320000,-0.000000,-0.000000,0.000000,-0.000000,-0.000000
44.420000,-0.000000,-0.000000,0.000000,-0.000000,-0.000000
44.520000,-0.000000,-0.000000,0.000000,-0.000000,-0.000000
44.620000,-0.000000,-0.000000,0.000000,-0.000000,-0.000000
44.720000,-0.000000,-0.000000,0.000000,-0.000000,-0.000000
44.820000,-0.000000,-0.000000,0.000000,-0.000000,-0.000000
44.920000,-0.000000,-0.000000,0.000000,-0.000000,-0.000000
45.020000,-0.000000,-0.000000,0.000000,-0.000000,-0.000000
45.120000,-0.000000,-0.000000,0.000000,-0.000000,-0.000000
45.220000,-0.000000,-0.000000,0.000000,-0.000000,-0.000000
45.320000,-0.000000,-0.000000,0.000000,-0.000000,-0.000000
45.420000,-0.000000,-0.000000,0.000000,-0.000000,-0.000000
45.520000,-0.000000,-0.000000,0.000000,-0.000000,-0.000000
45.620000,-0.000000,-0.000000,0.000000,-0.000000,-0.000000
45.720000,-0.000000,-0.000000,0.000000,-0.000000,-0.000000
45.820000,-0.000000,-0.000000,0.000000,-0.000000,-0.000000
45.920000,-0.000000,-0.000000,0.000000,-0.000000,-0.000000
46.020000,-0.000000,-0.000000,0.000000,-0.000000,-0.000000
46.120000,-0.000000,-0.000000,0.000000,-0.000000,-0.000000
46.220000,-0.000000,-0.000000,0.000000,-0.000000,-0.000000
46.320000,-0.000000,-0.000000,0.000000,-0.000000,-0.000000
46.420000,-0.000000,-0.000000,0.000000,-0.000000,-0.000000
46.520000,-0.000000,-0.000000,0.000000,-0.000000,-0.000000
46.620000,-0.000000,-0.000000,0.000000,-0.000000,-0.000000
46.720000,-0.000000,-0.000000,0.000000,-0.000000,-0.000000
46.820000,-0.000000,-0.000000,0.000000,-0.000000,-0.000000
46.920000,-0.000000,-0.000000,0.000000,-0.000000,-0.000000
47.020000,-0.000000,-0.000000,0.000000,-0.000000,-0.000000
47.120000,-0.000000,-0.000000,0.000000,-0.000000,-0.000000
47.220000,-0.000000,-0.000000,0.000000,-0.000000,-0.000000
47.320000,-0.000000,-0.000000,0.000000,-0.000000,-0.000000
47.420000,-0.000000,-0.000000,0.000000,-0.000000,0.000000
47.520000,-0.000000,-0.000000,0.000000,-0.000000,0.000000
47.620000,-0.000000,-0.000000,0.000000,-0.000000,0.000000
47.720000,-0.000000,-0.000000,0.000000,-0.000000,0.000000
47.820000,-0.000000,-0.000000,0.000000,0.000000,0.000000
47.920000,-0.000000,-0.000000,0.000000,-0.000000,0.000000
48.020000,-0.000000,-0.000000,0.000000,-0.000000,0.000000
48.120000,-0.000000,-0.000000,0.000000,-0.000000,0.000000
48.220000,-0.000000,-0.000000,0.000000,-0.000000,0.000000
48.320000,-0.000000,-0.000000,0.000000,-0.000000,0.000000
48.420000,-0.000000,-0.000000,0.000000,-0.000000,0.000000
48.520000,-0.000000,-0.000000,0.000000,-0.000000,0.000000
48.620000,-0.000000,-0.000000,0.000000,-0.000000,0.000000
48.720000,-0.000000,-0.000000,0.000000,-0.000000,0.000000
48.820000,-0.000000,-0.000000,0.000000,-0.000000,0.000000
48.920000,-0.000000,-0.000000,0.000000,-0.000000,0.000000
49.020000,-0.000000,-0.000000,0.000000,-0.000000,0.000000
49.120000,-0.000000,-0.000000,0.000000,-0.000000,-0.000000
49.220000,-0.000000,-0.000000,0.000000,-0.000000,-0.000000
49.320000,-0.000000,-0.000000,0.000000,-0.000000,-0.000000
49.420000,-0.000000,-0.000000,0.000000,-0.000000,-0.000000
49.520000,-0.000000,-0.000000,0.000000,0.000000,-0.000000
49.620000,-0.000000,-0.000000,0.000000,0.000000,-0.000000
49.720000,-0.000000,-0.000000,0.000000,-0.000000,-0.000000
49.820000,-0.000000,-0.000000,0.000000,0.000000,-0.000000
49.920000,-0.000000,-0.000000,0.000000,-0.000000,0.000000
50.020000,-0.000000,-0.000000,0.000000,-0.000000,-0.000000
50.120000,-0.000000,-0.000000,0.000000,-0.000000,0.000000
50.220000,-0.000000,-0.000000,0.000000,-0.000000,-0.000000
50.320000,-0.000000,-0.000000,0.000000,0.000000,-0.000000
50.420000,-0.000000,-0.000000,0.000000,0.000000,-0.000000
50.520000,-0.000000,-0.000000,0.000000,-0.000000,0.000000
50.620000,-0.000000,-0.000000,0.000000,-0.000000,-0.000000
50.720000,-0.000000,-0.000000,0.000000,-0.000000,-0.000000
50.820000,-0.000000,-0.000000,0.000000,-0.000000,-0.000000
50.920000,-0.000000,-0.000000,0.000000,-0.000000,-0.000000
51.020000,-0.000000,-0.000000,0.000000,-0.000000,-0.000000
51.120000,-0.000000,-0.000000,0.000000,-0.000000,-0.000000
51.220000,-0.000000,-0.000000,0.000000,-0.000000,-0.000000
51.320000,-0.000000,-0.000000,0.000000,-0.000000,-0.000000
51.420000,-0.000000,-0.000000,0.000000,-0.000000,-0.000000
51.520000,-0.000000,-0.000000,0.000000,-0.000000,-0.000000
51.620000,-0.000000,-0.000000,0.000000,-0.000000,-0.000000
51.720000,-0.000000,-0.000000,0.000000,-0.000000,-0.000000
51.820000,-0.000000,-0.000000,0.000000,-0.000000,-0.000000
51.920000,-0.000000,-0.000000,0.000000,-0.000000,-0.000000
52.020000,-0.000000,-0.000000,0.000000,0.000000,-0.000000
52.120000,-0.000000,-0.000000,0.000000,0.000000,0.000000
52.220000,-0.000000,-0.000000,0.000000,-0.000000,-0.000000
52.320000,-0.000000,-0.000000,0.000000,-0.000000,0.000000
52.420000,-0.000000,-0.000000,0.000000,-0.000000,0.000000
52.520000,-0.000000,-0.000000,0.000000,-0.000000,-0.000000
52.620000,-0.000000,-0.000000,0.000000,-0.000000,0.000000
52.720000,-0.000000,-0.000000,0.000000,-0.000000,-0.000000
52.820000,-0.000000,-0.000000,0.000000,-0.000000,0.000000
52.920000,-0.000000,-0.000000,0.000000,-0.000000,-0.000000
53.020000,-0.000000,-0.000000,0.000000,-0.000000,-0.000000
53.120000,-0.000000,-0.000000,0.000000,0.000000,-0.000000
53.220000,-0.000000,-0.000000,0.000000,-0.000000,0.000000
53.320000,-0.000000,-0.000000,0.000000,-0.000000,0.000000
53.420000,-0.000000,-0.000000,0.000000,-0.000000,0.000000
53.520000,-0.000000,-0.000000,0.000000,-0.000000,0.000000
53.620000,-0.000000,-0.000000,0.000000,-0.000000,0.000000
53.720000,-0.000000,-0.000000,0.000000,-0.000000,0.000000
53.820000,-0.000000,-0.000000,0.000000,-0.000000,0.000000
53.920000,-0.000000,-0.000000,0.000000,-0.000000,0.000000
54.020000,-0.000000,-0.000000,0.000000,-0.000000,0.000000
54.120000,-0.000000,-0.000000,0.000000,-0.000000,0.000000
54.220000,-0.000000,-0.000000,0.000000,-0.000000,0.000000
54.320000,-0.000000,-0.000000,0.000000,-0.000000,0.000000
54.420000,-0.000000,-0.000000,0.000000,-0.000000,-0.000000
54.520000,-0.000000,-0.000000,0.000000,0.000000,-0.000000
54.620000,-0.000000,-0.000000,0.000000,0.000000,0.000000
54.720000,-0.000000,-0.000000,0.000000,-0.000000,0.000000
54.820000,-0.000000,-0.000000,0.000000,-0.000000,0.000000
54.920000,-0.000000,-0.000000,0.000000,-0.000000,0.000000
55.020000,-0.000000,-0.000000,0.000000,-0.000000,0.000000
55.120000,-0.000000,-0.000000,0.000000,-0.000000,0.000000
55.220000,-0.000000,-0.000000,0.000000,-0.000000,0.000000
55.320000,-0.000000,-0.000000,0.000000,-0.000000,-0.000000
55.420000,-0.000000,-0.000000,0.000000,-0.000000,-0.000000
55.520000,-0.000000,-0.000000,0.000000,-0.000000,0.000000
55.620000,-0.000000,-0.000000,0.000000,-0.000000,-0.000000
55.720000,-0.000000,-0.000000,0.000000,-0.000000,0.000000
55.820000,-0.000000,-0.000000,0.000000,-0.000000,0.000000
55.920000,-0.000000,-0.000000,0.000000,-0.000000,0.000000
56.020000,-0.000000,-0.000000,0.000000,-0.000000,0.000000
56.120000,-0.000000,-0.000000,0.000000,-0.000000,-0.000000
56.220000,-0.000000,-0.000000,0.000000,-0.000000,0.000000
56.320000,-0.000000,-0.000000,0.000000,-0.000000,0.000000
56.420000,-0.000000,-0.000000,0.000000,-0.000000,0.000000
56.520000,-0.000000,-0.000000,0.000000,-0.000000,0.000000
56.620000,-0.000000,-0.000000,0.000000,-0.000000,0.000000
56.720000,-0.000000,-0.000000,0.000000,-0.000000,0.000000
56.820000,-0.000000,-0.000000,0.000000,-0.000000,0.000000
56.920000,-0.000000,-0.000000,0.000000,-0.000000,0.000000
57.020000,-0.000000,-0.000000,0.000000,-0.000000,0.000000
57.120000,-0.000000,-0.000000,0.000000,0.000000,0.000000
57.220000,-0.000000,-0.000000,0.000000,-0.000000,0.000000
57.320000,-0.000000,-0.000000,0.000000,-0.000000,0.000000
57.420000,-0.000000,-0.000000,0.000000,-0.000000,0.000000
57.520000,-0.000000,-0.000000,0.000000,-0.000000,0.000000
57.620000,-0.000000,-0.000000,0.000000,-0.000000,0.000000
57.720000,-0.000000,-0.000000,0.000000,-0.000000,0.000000
57.820000,-0.000000,-0.000000,0.000000,-0.000000,0.000000
57.920000,-0.000000,-0.000000,0.000000,-0.000000,-0.000000
58.020000,-0.000000,-0.000000,0.000000,-0.000000,0.000000
58.120000,-0.000000,-0.000000,0.000000,-0.000000,0.000000
58.220000,-0.000000,-0.000000,0.000000,-0.000000,0.000000
58.320000,-0.000000,-0.000000,0.000000,-0.000000,0.000000
58.420000,-0.000000,-0.000000,0.000000,-0.000000,0.000000
58.520000,-0.000000,-0.000000,0.000000,-0.000000,0.000000
58.620000,-0.000000,-0.000000,0.000000,-0.000000,0.000000
58.720000,-0.000000,-0.000000,0.000000,-0.000000,-0.000000
58.820000,-0.000000,-0.000000,0.000000,-0.000000,-0.000000
58.920000,-0.000000,-0.000000,0.000000,-0.000000,0.000000
59.020000,-0.000000,-0.000000,0.000000,-0.000000,0.000000
59.120000,-0.000000,-0.000000,0.000000,-0.000000,-0.000000
59.220000,-0.000000,-0.000000,0.000000,-0.000000,0.000000
59.320000,-0.000000,-0.000000,0.000000,-0.000000,0.000000
59.420000,-0.000000,-0.000000,0.000000,-0.000000,0.000000
59.520000,-0.000000,-0.000000,0.000000,-0.000000,0.000000
59.620000,-0.000000,-0.000000,0.000000,-0.000000,0.000000
59.720000,-0.000000,-0.000000,0.000000,-0.000000,0.000000
59.820000,-0.000000,-0.000000,0.000000,-0.000000,0.000000
59.920000,-0.000000,-0.000000,0.000000,-0.000000,0.000000
60.020000,-0.000000,-0.000000,0.000000,-0.000000,0.000000
60.120000,-0.000000,-0.000000,0.000000,-0.000000,0.000000
60.220000,-0.000000,-0.000000,0.000000,-0.000000,0.000000
60.320000,-0.000000,-0.000000,0.000000,-0.000000,0.000000
60.420000,-0.000000,-0.000000,0.000000,-0.000000,0.000000
60.520000,-0.000000,-0.000000,0.000000,-0.000000,0.000000
60.620000,-0.000000,-0.000000,0.000000,-0.000000,0.000000
60.720000,-0.000000,-0.000000,0.000000,-0.000000,0.000000
60.820000,-0.000000,-0.000000,0.000000,-0.000000,0.000000
60.920000,-0.000000,-0.000000,0.000000,-0.000000,0.000000
61.020000,-0.000000,-0.000000,0.000000,-0.000000,0.000000
61.120000,-0.000000,-0.000000,0.000000,-0.000000,0.000000
61.220000,-0.000000,-0.000000,0.000000,-0.000000,0.000000
61.320000,-0.000000,-0.000000,0.000000,-0.000000,0.000000
61.420000,-0.000000,-0.000000,0.000000,-0.000000,0.000000
61.520000,-0.000000,-0.000000,0.000000,-0.000000,0.000000
61.620000,-0.000000,-0.000000,0.000000,-0.000000,0.000000
61.720000,-0.000000,-0.000000,0.000000,-0.000000,0.000000
61.820000,-0.000000,-0.000000,0.000000,0.000000,0.000000
61.920000,-0.000000,-0.000000,0.000000,-0.000000,0.000000
62.020000,-0.000000,-0.000000,0.000000,-0.000000,0.000000
62.120000,-0.000000,-0.000000,0.000000,-0.000000,0.000000
62.220000,-0.000000,-0.000000,0.000000,-0.000000,0.000000
62.320000,-0.000000,-0.000000,0.000000,-0.000000,0.000000
62.420000,-0.000000,-0.000000,0.000000,-0.000000,0.000000
62.520000,-0.000000,-0.000000,0.000000,-0.000000,0.000000
62.620000,-0.000000,-0.000000,0.000000,-0.000000,0.000000
62.720000,-0.000000,-0.000000,0.000000,0.000000,0.000000
62.820000,-0.000000,-0.000000,0.000000,-0.000000,0.000000
62.920000,-0.000000,-0.000000,0.000000,-0.000000,-0.000000
63.020000,-0.000000,-0.000000,0.000000,-0.000000,0.000000
63.120000,-0.000000,-0.000000,0.000000,-0.000000,0.000000
63.220000,-0.000000,-0.000000,0.000000,-0.000000,0.000000
63.320000,-0.000000,-0.000000,0.000000,-0.000000,-0.000000
63.420000,-0.000000,-0.000000,0.000000,0.000000,-0.000000
63.520000,-0.000000,-0.000000,0.000000,-0.000000,0.000000
63.620000,-0.000000,-0.000000,0.000000,0.000000,0.000000
63.720000,-0.000000,-0.000000,0.000000,-0.000000,0.000000
63.820000,-0.000000,-0.000000,0.000000,-0.000000,0.000000
63.920000,-0.000000,-0.000000,0.000000,-0.000000,0.000000
64.020000,-0.000000,-0.000000,0.000000,-0.000000,0.000000
64.120000,-0.000000,-0.000000,0.000000,-0.000000,0.000000
64.220000,-0.000000,-0.000000,0.000000,-0.000000,0.000000
64.320000,-0.000000,-0.000000,0.000000,0.000000,0.000000
64.420000,-0.000000,-0.000000,0.000000,-0.000000,0.000000
64.520000,-0.000000,-0.000000,0.000000,-0.000000,0.000000
64.620000,-0.000000,-0.000000,0.000000,-0.000000,0.000000
64.720000,-0.000000,-0.000000,0.000000,-0.000000,0.000000
64.820000,-0.000000,-0.000000,0.000000,-0.000000,0.000000
64.920000,-0.000000,-0.000000,0.000000,-0.000000,0.000000
65.020000,-0.000000,-0.000000,0.000000,-0.000000,0.000000
65.120000,-0.000000,-0.000000,0.000000,-0.000000,0.000000
65.220000,-0.000000,-0.000000,0.000000,0.000000,0.000000
65.320000,-0.000000,-0.000000,0.000000,-0.000000,0.000000
65.420000,-0.000000,-0.000000,0.000000,-0.000000,0.000000
65.520000,-0.000000,-0.000000,0.000000,-0.000000,0.000000
65.620000,-0.000000,-0.000000,0.000000,-0.000000,0.000000
65.720000,-0.000000,-0.000000,0.000000,-0.000000,0.000000
65.820000,-0.000000,-0.000000,0.000000,-0.000000,0.000000
65.920000,-0.000000,-0.000000,0.000000,-0.000000,0.000000
66.020000,-0.000000,-0.000000,0.000000,-0.000000,0.000000
66.120000,-0.000000,-0.000000,0.000000,-0.000000,0.000000
66.220000,-0.000000,-0.000000,0.000000,-0.000000,0.000000
66.320000,-0.000000,-0.000000,0.000000,-0.000000,0.000000
66.420000,-0.000000,-0.000000,0.000000,-0.000000,0.000000
66.520000,-0.000000,-0.000000,0.000000,-0.000000,0.000000
66.620000,-0.000000,-0.000000,0.000000,-0.000000,0.000000
66.720000,-0.000000,-0.000000,0.000000,-0.000000,0.000000
66.820000,-0.000000,-0.000000,0.000000,-0.000000,-0.000000
66.920000,-0.000000,-0.000000,0.000000,-0.000000,0.000000
67.020000,-0.000000,-0.000000,0.000000,-0.000000,0.000000
67.120000,-0.000000,-0.000000,0.000000,-0.000000,0.000000
67.220000,-0.000000,-0.000000,0.000000,-0.000000,0.000000
67.320000,-0.000000,-0.000000,0.000000,-0.000000,0.000000
67.420000,-0.000000,-0.000000,0.000000,-0.000000,0.000000
67.520000,-0.000000,-0.000000,0.000000,-0.000000,0.000000
67.620000,-0.000000,-0.000000,0.000000,-0.000000,0.000000
67.720000,-0.000000,-0.000000,0.000000,-0.000000,0.000000
67.820000,-0.000000,-0.000000,0.000000,-0.000000,0.000000
67.920000,-0.000000,-0.000000,0.000000,-0.000000,0.000000
68.020000,-0.000000,-0.000000,0.000000,-0.000000,0.000000
68.120000,-0.000000,-0.000000,0.000000,-0.000000,0.000000
68.220000,-0.000000,-0.000000,0.000000,-0.000000,0.000000
68.320000,-0.000000,-0.000000,0.000000,-0.000000,0.000000
68.420000,-0.000000,-0.000000,0.000000,-0.000000,0.000000
68.520000,-0.000000,-0.000000,0.000000,-0.000000,0.000000
68.620000,-0.000000,-0.000000,0.000000,-0.000000,0.000000
68.720000,-0.000000,-0.000000,0.000000,-0.000000,0.000000
68.820000,-0.000000,-0.000000,0.000000,-0.000000,0.000000
68.920000,-0.000000,-0.000000,0.000000,-0.000000,-0.000000
69.020000,-0.000000,-0.000000,0.000000,-0.000000,-0.000000
69.120000,-0.000000,-0.000000,0.000000,-0.000000,0.000000
69.220000,-0.000000,-0.000000,0.000000,-0.000000,0.000000
69.320000,-0.000000,-0.000000,0.000000,-0.000000,0.000000
69.420000,-0.000000,-0.000000,0.000000,0.000000,-0.000000
69.520000,-0.000000,-0.000000,0.000000,-0.000000,-0.000000
69.620000,-0.000000,-0.000000,0.000000,-0.000000,-0.000000
69.720000,-0.000000,-0.000000,0.000000,-0.000000,-0.000000
69.820000,-0.000000,-0.000000,0.000000,-0.000000,-0.000000
69.920000,-0.000000,-0.000000,0.000000,-0.000000,-0.000000
70.020000,-0.000000,-0.000000,0.000000,-0.000000,-0.000000
70.120000,-0.000000,-0.000000,0.000000,-0.000000,-0.000000
70.220000,-0.000000,-0.000000,0.000000,-0.000000,-0.000000
70.320000,-0.000000,-0.000000,0.000000,-0.000000,-0.000000
70.420000,-0.000000,-0.000000,0.000000,-0.000000,0.000000
70.520000,-0.000000,-0.000000,0.000000,-0.000000,-0.000000
70.620000,-0.000000,-0.000000,0.000000,-0.000000,-0.000000
70.720000,-0.000000,-0.000000,0.000000,-0.000000,-0.000000
70.820000,-0.000000,-0.000000,0.000000,-0.000000,-0.000000
70.920000,-0.000000,-0.000000,0.000000,-0.000000,-0.000000
71.020000,-0.000000,-0.000000,0.000000,-0.000000,-0.000000
71.120000,-0.000000,-0.000000,0.000000,-0.000000,-0.000000
71.220000,-0.000000,-0.000000,0.000000,-0.000000,-0.000000
71.320000,-0.000000,-0.000000,0.000000,-0.000000,-0.000000
71.420000,-0.000000,-0.000000,0.000000,-0.000000,-0.000000
71.520000,-0.000000,-0.000000,0.000000,-0.000000,-0.000000
71.620000,-0.000000,-0.000000,0.000000,-0.000000,-0.000000
71.720000,-0.000000,-0.000000,0.000000,-0.000000,-0.000000
71.820000,-0.000000,-0.000000,0.000000,-0.000000,-0.000000
71.920000,-0.000000,-0.000000,0.000000,-0.000000,-0.000000
72.020000,-0.000000,-0.000000,0.000000,-0.000000,-0.000000
72.120000,-0.000000,-0.000000,0.000000,-0.000000,-0.000000
72.220000,-0.000000,-0.000000,0.000000,-0.000000,0.000000
72.320000,-0.000000,-0.000000,0.000000,-0.000000,-0.000000
72.420000,-0.000000,-0.000000,0.000000,-0.000000,0.000000
72.520000,-0.000000,-0.000000,0.000000,-0.000000,-0.000000
72.620000,-0.000000,-0.000000,0.000000,-0.000000,-0.000000
72.720000,-0.000000,-0.000000,0.000000,-0.000000,-0.000000
72.820000,-0.000000,-0.000000,0.000000,-0.000000,-0.000000
72.920000,-0.000000,-0.000000,0.000000,-0.000000,-0.000000
73.020000,-0.000000,-0.000000,0.000000,-0.000000,-0.000000
73.120000,-0.000000,-0.000000,0.000000,-0.000000,-0.000000
73.220000,-0.000000,-0.000000,0.000000,-0.000000,-0.000000
73.320000,-0.000000,-0.000000,0.000000,-0.000000,-0.000000
73.420000,-0.000000,-0.000000,0.000000,-0.000000,-0.000000
73.520000,-0.000000,-0.000000,0.000000,-0.000000,-0.000000
73.620000,-0.000000,-0.000000,0.000000,-0.000000,-0.000000
73.720000,-0.000000,-0.000000,0.000000,-0.000000,-0.000000
73.820000,-0.000000,-0.000000,0.000000,-0.000000,-0.000000
73.920000,-0.000000,-0.000000,0.000000,-0.000000,-0.000000
74.020000,-0.000000,-0.000000,0.000000,-0.000000,-0.000000
74.120000,-0.000000,-0.000000,0.000000,-0.000000,-0.000000
74.220000,-0.000000,-0.000000,0.000000,-0.000000,-0.000000
74.320000,-0.000000,-0.000000,0.000000,-0.000000,-0.000000
74.420000,-0.000000,-0.000000,0.000000,-0.000000,-0.000000
74.520000,-0.000000,-0.000000,0.000000,-0.000000,-0.000000
74.620000,-0.000000,-0.000000,0.000000,-0.000000,-0.000000
74.720000,-0.000000,-0.000000,0.000000,-0.000000,-0.000000
74.820000,-0.000000,-0.000000,0.000000,-0.000000,-0.000000
74.920000,-0.000000,-0.000000,0.000000,-0.000000,-0.000000
75.020000,-0.000000,-0.000000,0.000000,-0.000000,0.000000
75.120000,-0.000000,-0.000000,0.000000,-0.000000,-0.000000
75.220000,-0.000000,-0.000000,0.000000,-0.000000,-0.000000
75.320000,-0.000000,-0.000000,0.000000,-0.000000,0.000000
75.420000,-0.000000,-0.000000,0.000000,-0.000000,0.000000
75.520000,-0.000000,-0.000000,0.000000,-0.000000,-0.000000
75.620000,-0.000000,-0.000000,0.000000,-0.000000,0.000000
75.720000,-0.000000,-0.000000,0.000000,-0.000000,-0.000000
75.820000,-0.000000,-0.000000,0.000000,-0.000000,0.000000
75.920000,-0.000000,-0.000000,0.000000,-0.000000,0.000000
76.020000,-0.000000,-0.000000,0.000000,-0.000000,-0.000000
76.120000,-0.000000,-0.000000,0.000000,-0.000000,-0.000000
76.220000,-0.000000,-0.000000,0.000000,-0.000000,-0.000000
76.320000,-0.000000,-0.000000,0.000000,-0.000000,0.000000
76.420000,-0.000000,-0.000000,0.000000,0.000000,-0.000000
76.520000,-0.000000,-0.000000,0.000000,-0.000000,0.000000
76.620000,-0.000000,-0.000000,0.000000,0.000000,0.000000
76.720000,-0.000000,-0.000000,0.000000,-0.000000,-0.000000
76.820000,-0.000000,-0.000000,0.000000,-0.000000,-0.000000
76.920000,-0.000000,-0.000000,0.000000,-0.000000,-0.000000
77.020000,-0.000000,-0.000000,0.000000,-0.000000,-0.000000
77.120000,-0.000000,-0.000000,0.000000,-0.000000,0.000000
77.220000,-0.000000,-0.000000,0.000000,-0.000000,0.000000
77.320000,-0.000000,-0.000000,0.000000,-0.000000,0.000000
77.420000,-0.000000,-0.000000,0.000000,0.000000,-0.000000
77.520000,-0.000000,-0.000000,0.000000,-0.000000,0.000000
77.620000,-0.000000,-0.000000,0.000000,0.000000,0.000000
77.720000,-0.000000,-0.000000,0.000000,0.000000,-0.000000
77.820000,-0.000000,-0.000000,0.000000,-0.000000,0.000000
77.920000,-0.000000,-0.000000,0.000000,-0.000000,0.000000
78.020000,-0.000000,-0.000000,0.000000,-0.000000,-0.000000
78.120000,-0.000000,-0.000000,0.000000,-0.000000,0.000000
78.220000,-0.000000,-0.000000,0.000000,-0.000000,0.000000
78.320000,-0.000000,-0.000000,0.000000,-0.000000,0.000000
78.420000,-0.000000,-0.000000,0.000000,-0.000000,0.000000
78.520000,-0.000000,-0.000000,0.000000,-0.000000,0.000000
78.620000,-0.000000,-0.000000,0.000000,-0.000000,0.000000
78.720000,-0.000000,-0.000000,0.000000,-0.000000,0.000000
78.820000,-0.000000,-0.000000,0.000000,-0.000000,0.000000
78.920000,-0.000000,-0.000000,0.000000,-0.000000,0.000000
79.020000,-0.000000,-0.000000,0.000000,-0.000000,0.000000
79.120000,-0.000000,-0.000000,0.000000,-0.000000,-0.000000
79.220000,-0.000000,-0.000000,0.000000,-0.000000,0.000000
79.320000,-0.000000,-0.000000,0.000000,-0.000000,0.000000
79.420000,-0.000000,-0.000000,0.000000,-0.000000,0.000000
79.520000,-0.000000,-0.000000,0.000000,-0.000000,0.000000
79.620000,-0.000000,-0.000000,0.000000,-0.000000,0.000000
79.720000,-0.000000,-0.000000,0.000000,-0.000000,0.000000
79.820000,-0.000000,-0.000000,0.000000,-0.000000,0.000000
79.920000,-0.000000,-0.000000,0.000000,-0.000000,0.000000
80.020000,-0.000000,-0.000000,0.000000,-0.000000,0.000000
80.120000,-0.000000,-0.000000,0.000000,-0.000000,0.000000
80.220000,-0.000000,-0.000000,0.000000,-0.000000,0.000000
80.320000,-0.000000,-0.000000,0.000000,-0.000000,0.000000
80.420000,-0.000000,-0.000000,0.000000,-0.000000,0.000000
80.520000,-0.000000,-0.000000,0.000000,-0.000000,0.000000
80.620000,-0.000000,-0.000000,0.000000,-0.000000,0.000000
80.720000,-0.000000,-0.000000,0.000000,-0.000000,0.000000
80.820000,-0.000000,-0.000000,0.000000,-0.000000,0.000000
80.920000,-0.000000,-0.000000,0.000000,-0.000000,0.000000
81.020000,-0.000000,-0.000000,0.000000,-0.000000,0.000000
81.120000,-0.000000,-0.000000,0.000000,-0.000000,0.000000
81.220000,-0.000000,-0.000000,0.000000,-0.000000,0.000000
81.320000,-0.000000,-0.000000,0.000000,-0.000000,0.000000
81.420000,-0.000000,-0.000000,0.000000,-0.000000,0.000000
81.520000,-0.000000,-0.000000,0.000000,-0.000000,0.000000
81.620000,-0.000000,-0.000000,0.000000,-0.000000,0.000000
81.720000,-0.000000,-0.000000,0.000000,-0.000000,0.000000
81.820000,-0.000000,-0.000000,0.000000,-0.000000,0.000000
81.920000,-0.000000,-0.000000,0.000000,-0.000000,0.000000
82.020000,-0.000000,-0.000000,0.000000,-0.000000,0.000000
82.120000,-0.000000,-0.000000,0.000000,-0.000000,0.000000
82.220000,-0.000000,-0.000000,0.000000,-0.000000,0.000000
82.320000,-0.000000,-0.000000,0.000000,-0.000000,-0.000000
82.420000,-0.000000,-0.000000,0.000000,-0.000000,0.000000
82.520000,-0.000000,-0.000000,0.000000,-0.000000,0.000000
82.620000,-0.000000,-0.000000,0.000000,-0.000000,0.000000
82.720000,-0.000000,-0.000000,0.000000,-0.000000,-0.000000
82.820000,-0.000000,-0.000000,0.000000,-0.000000,0.000000
82.920000,-0.000000,-0.000000,0.000000,-0.000000,0.000000
83.020000,-0.000000,-0.000000,0.000000,-0.000000,-0.000000
83.120000,-0.000000,-0.000000,0.000000,-0.000000,-0.000000
83.220000,-0.000000,-0.000000,0.000000,-0.000000,0.000000
83.320000,-0.000000,-0.000000,0.000000,-0.000000,0.000000
83.420000,-0.000000,-0.000000,0.000000,-0.000000,0.000000
83.520000,-0.000000,-0.000000,0.000000,-0.000000,-0.000000
83.620000,-0.000000,-0.000000,0.000000,-0.000000,0.000000
83.720000,-0.000000,-0.000000,0.000000,-0.000000,0.000000
83.820000,-0.000000,-0.000000,0.000000,-0.000000,0.000000
83.920000,-0.000000,-0.000000,0.000000,-0.000000,0.000000
84.020000,-0.000000,-0.000000,0.000000,-0.000000,0.000000
84.120000,-0.000000,-0.000000,0.000000,-0.000000,0.000000
84.220000,-0.000000,-0.000000,0.000000,-0.000000,0.000000
84.320000,-0.000000,-0.000000,0.000000,-0.000000,0.000000
84.420000,-0.000000,-0.000000,0.000000,-0.000000,0.000000
84.520000,-0.000000,-0.000000,0.000000,-0.000000,0.000000
84.620000,-0.000000,-0.000000,0.000000,-0.000000,0.000000
84.720000,-0.000000,-0.000000,0.000000,-0.000000,0.000000
84.820000,-0.000000,-0.000000,0.000000,-0.000000,0.000000
84.920000,-0.000000,-0.000000,0.000000,-0.000000,-0.000000
85.020000,-0.000000,-0.000000,0.000000,-0.000000,-0.000000
85.120000,-0.000000,-0.000000,0.000000,-0.000000,-0.000000
85.220000,-0.000000,-0.000000,0.000000,-0.000000,-0.000000
85.320000,-0.000000,-0.000000,0.000000,-0.000000,-0.000000
85.420000,-0.000000,-0.000000,0.000000,-0.000000,0.000000
85.520000,-0.000000,-0.000000,0.000000,-0.000000,-0.000000
85.620000,-0.000000,-0.000000,0.000000,-0.000000,0.000000
85.720000,-0.000000,-0.000000,0.000000,-0.000000,-0.000000
85.820000,-0.000000,-0.000000,0.000000,-0.000000,-0.000000
85.920000,-0.000000,-0.000000,0.000000,-0.000000,-0.000000
86.020000,-0.000000,-0.000000,0.000000,0.000000,-0.000000
86.120000,-0.000000,-0.000000,0.000000,0.000000,-0.000000
86.220000,-0.000000,-0.000000,0.000000,0.000000,-0.000000
86.320000,-0.000000,-0.000000,0.000000,-0.000000,-0.000000
86.420000,-0.000000,-0.000000,0.000000,-0.000000,0.000000
86.520000,-0.000000,-0.000000,0.000000,0.000000,0.000000
86.620000,-0.000000,-0.000000,0.000000,0.000000,0.000000
86.720000,-0.000000,-0.000000,0.000000,0.000000,0.000000
86.820000,-0.000000,-0.000000,0.000000,0.000000,0.000000
86.920000,-0.000000,-0.000000,0.000000,0.000000,0.000000
87.020000,-0.000000,-0.000000,0.000000,0.000000,0.000000
87.120000,-0.000000,-0.000000,0.000000,0.000000,0.000000
87.220000,-0.000000,-0.000000,0.000000,-0.000000,0.000000
87.320000,-0.000000,-0.000000,0.000000,0.000000,0.000000
87.420000,-0.000000,-0.000000,0.000000,0.000000,0.000000
87.520000,-0.000000,-0.000000,0.000000,0.000000,0.000000
87.620000,-0.000000,-0.000000,0.000000,0.000000,0.000000
87.720000,-0.000000,-0.000000,0.000000,-0.000000,-0.000000
87.820000,-0.000000,-0.000000,0.000000,0.000000,0.000000
87.920000,-0.000000,-0.000000,0.000000,0.000000,0.000000
88.020000,-0.000000,-0.000000,0.000000,0.000000,0.000000
88.120000,-0.000000,-0.000000,0.000000,0.000000,0.000000
88.220000,-0.000000,-0.000000,0.000000,0.000000,0.000000
88.320000,-0.000000,-0.000000,0.000000,0.000000,0.000000
88.420000,-0.000000,-0.000000,0.000000,0.000000,0.000000
88.520000,-0.000000,-0.000000,0.000000,-0.000000,0.000000
88.620000,-0.000000,-0.000000,0.000000,0.000000,0.000000
88.720000,-0.000000,-0.000000,0.000000,-0.000000,0.000000
88.820000,-0.000000,-0.000000,0.000000,0.000000,0.000000
88.920000,-0.000000,-0.000000,0.000000,0.000000,0.000000
89.020000,-0.000000,-0.000000,0.000000,0.000000,0.000000
89.120000,-0.000000,-0.000000,0.000000,0.000000,-0.000000
89.220000,-0.000000,-0.000000,0.000000,0.000000,0.000000
89.320000,-0.000000,-0.000000,0.000000,0.000000,0.000000
89.420000,-0.000000,-0.000000,0.000000,-0.000000,-0.000000
89.520000,-0.000000,-0.000000,0.000000,0.000000,0.000000
89.620000,-0.000000,-0.000000,0.000000,-0.000000,0.000000
89.720000,-0.000000,-0.000000,0.000000,-0.000000,-0.000000
89.820000,-0.000000,-0.000000,0.000000,0.000000,0.000000
89.920000,-0.000000,-0.000000,0.000000,0.000000,0.000000
90.020000,-0.000000,-0.000000,0.000000,0.000000,0.000000
90.120000,-0.000000,-0.000000,0.000000,0.000000,0.000000
90.220000,-0.000000,-0.000000,0.000000,0.000000,0.000000
90.320000,-0.000000,-0.000000,0.000000,-0.000000,-0.000000
90.420000,-0.000000,-0.000000,0.000000,0.000000,0.000000
90.520000,-0.000000,-0.000000,0.000000,-0.000000,0.000000
90.620000,-0.000000,-0.000000,0.000000,-0.000000,0.000000
90.720000,-0.000000,-0.000000,0.000000,0.000000,0.000000
90.820000,-0.000000,-0.000000,0.000000,-0.000000,0.000000
90.920000,-0.000000,-0.000000,0.000000,0.000000,0.000000
91.020000,-0.000000,-0.000000,0.000000,0.000000,0.000000
91.120000,-0.000000,-0.000000,0.000000,-0.000000,0.000000
91.220000,-0.000000,-0.000000,0.000000,0.000000,0.000000
91.320000,-0.000000,-0.000000,0.000000,-0.000000,0.000000
91.420000,-0.000000,-0.000000,0.000000,0.000000,0.000000
91.520000,-0.000000,-0.000000,0.000000,-0.000000,-0.000000
91.620000,-0.000000,-0.000000,0.000000,-0.000000,-0.000000
91.720000,-0.000000,-0.000000,0.000000,-0.000000,-0.000000
91.820000,-0.000000,-0.000000,0.000000,0.000000,0.000000
91.920000,-0.000000,-0.000000,0.000000,0.000000,0.000000
92.020000,-0.000000,-0.000000,0.000000,-0.000000,-0.000000
92.120000,-0.000000,-0.000000,0.000000,-0.000000,0.000000
92.220000,-0.000000,-0.000000,0.000000,-0.000000,0.000000
92.320000,-0.000000,-0.000000,0.000000,0.000000,0.000000
92.420000,-0.000000,-0.000000,0.000000,0.000000,0.000000
92.520000,-0.000000,-0.000000,0.000000,0.000000,0.000000
92.620000,-0.000000,-0.000000,0.000000,0.000000,0.000000
92.720000,-0.000000,-0.000000,0.000000,0.000000,0.000000
92.820000,-0.000000,-0.000000,0.000000,0.000000,0.000000
92.920000,-0.000000,-0.000000,0.000000,0.000000,0.000000
93.020000,-0.000000,-0.000000,0.000000,0.000000,0.000000
93.120000,-0.000000,-0.000000,0.000000,0.000000,-0.000000
93.220000,-0.000000,-0.000000,0.000000,-0.000000,0.000000
93.320000,-0.000000,-0.000000,0.000000,-0.000000,0.000000
93.420000,-0.000000,-0.000000,0.000000,0.000000,0.000000
93.520000,-0.000000,-0.000000,0.000000,0.000000,0.000000
93.620000,-0.000000,-0.000000,0.000000,0.000000,0.000000
93.720000,-0.000000,-0.000000,0.000000,0.000000,0.000000
93.820000,-0.000000,-0.000000,0.000000,0.000000,0.000000
93.920000,-0.000000,-0.000000,0.000000,0.000000,0.000000
94.020000,-0.000000,-0.000000,0.000000,0.000000,0.000000
94.120000,-0.000000,-0.000000,0.000000,0.000000,0.000000
94.220000,-0.000000,-0.000000,0.000000,0.000000,0.000000
94.320000,-0.000000,-0.000000,0.000000,0.000000,0.000000
94.420000,-0.000000,-0.000000,0.000000,0.000000,0.000000
94.520000,-0.000000,-0.000000,0.000000,0.000000,0.000000
94.620000,-0.000000,-0.000000,0.000000,-0.000000,0.000000
94.720000,-0.000000,-0.000000,0.000000,0.000000,0.000000
94.820000,-0.000000,-0.000000,0.000000,-0.000000,0.000000
94.920000,-0.000000,-0.000000,0.000000,0.000000,0.000000
95.020000,-0.000000,-0.000000,0.000000,0.000000,0.000000
95.120000,-0.000000,-0.000000,0.000000,-0.000000,0.000000
95.220000,-0.000000,-0.000000,0.000000,0.000000,0.000000
95.320000,-0.000000,-0.000000,0.000000,0.000000,0.000000
95.420000,-0.000000,-0.000000,0.000000,0.000000,0.000000
95.520000,-0.000000,-0.000000,0.000000,0.000000,0.000000
95.620000,-0.000000,-0.000000,0.000000,0.000000,0.000000
95.720000,-0.000000,-0.000000,0.000000,0.000000,0.000000
95.820000,-0.000000,-0.000000,0.000000,0.000000,0.000000
95.920000,-0.000000,-0.000000,0.000000,-0.000000,0.000000
96.020000,-0.000000,-0.000000,0.000000,-0.000000,0.000000
96.120000,-0.000000,-0.000000,0.000000,-0.000000,0.000000
96.220000,-0.000000,-0.000000,0.000000,-0.000000,0.000000
96.320000,-0.000000,-0.000000,0.000000,-0.000000,0.000000
96.420000,-0.000000,-0.000000,0.000000,-0.000000,0.000000
96.520000,-0.000000,-0.000000,0.000000,-0.000000,0.000000
96.620000,-0.000000,-0.000000,0.000000,-0.000000,0.000000
96.720000,-0.000000,-0.000000,0.000000,0.000000,0.000000
96.820000,-0.000000,-0.000000,0.000000,-0.000000,0.000000
96.920000,-0.000000,-0.000000,0.000000,-0.000000,0.000000
97.020000,-0.000000,-0.000000,0.000000,-0.000000,0.000000
97.120000,-0.000000,-0.000000,0.000000,-0.000000,0.000000
97.220000,-0.000000,-0.000000,0.000000,-0.000000,0.000000
97.320000,-0.000000,-0.000000,0.000000,-0.000000,0.000000
97.420000,-0.000000,-0.000000,0.000000,-0.000000,0.000000
97.520000,-0.000000,-0.000000,0.000000,-0.000000,0.000000
97.620000,-0.000000,-0.000000,0.000000,-0.000000,0.000000
97.720000,-0.000000,-0.000000,0.000000,-0.000000,0.000000
97.820000,-0.000000,-0.000000,0.000000,-0.000000,0.000000
97.920000,-0.000000,-0.000000,0.000000,-0.000000,0.000000
98.020000,-0.000000,-0.000000,0.000000,-0.000000,0.000000
98.120000,-0.000000,-0.000000,0.000000,-0.000000,0.000000
98.220000,-0.000000,-0.000000,0.000000,-0.000000,0.000000
98.320000,-0.000000,-0.000000,0.000000,-0.000000,0.000000
98.420000,-0.000000,-0.000000,0.000000,-0.000000,0.000000
98.520000,-0.000000,-0.000000,0.000000,-0.000000,0.000000
98.620000,-0.000000,-0.000000,0.000000,-0.000000,0.000000
98.720000,-0.000000,-0.000000,0.000000,-0.000000,0.000000
98.820000,-0.000000,-0.000000,0.000000,-0.000000,0.000000
98.920000,-0.000000,-0.000000,0.000000,-0.000000,0.000000
99.020000,-0.000000,-0.000000,0.000000,-0.000000,0.000000
99.120000,-0.000000,-0.000000,0.000000,-0.000000,0.000000
99.220000,-0.000000,-0.000000,0.000000,-0.000000,0.000000
99.320000,-0.000000,-0.000000,0.000000,-0.000000,0.000000
99.420000,-0.000000,-0.000000,0.000000,-0.000000,0.000000
99.520000,-0.000000,-0.000000,0.000000,-0.000000,0.000000
99.620000,-0.000000,-0.000000,0.000000,-0.000000,0.000000
99.720000,-0.000000,-0.000000,0.000000,-0.000000,0.000000
99.820000,-0.000000,-0.000000,0.000000,-0.000000,0.000000
99.920000,-0.000000,-0.000000,0.000000,-0.000000,0.000000
100.020000,-0.000000,-0.000000,0.000000,-0.000000,0.000000
100.120000,-0.000000,-0.000000,0.000000,-0.000000,0.000000
100.220000,-0.000000,-0.000000,0.000000,-0.000000,0.000000
100.320000,-0.000000,-0.000000,0.000000,-0.000000,0.000000
100.420000,-0.000000,-0.000000,0.000000,0.000000,0.000000
100.520000,-0.000000,-0.000000,0.000000,-0.000000,0.000000
100.620000,-0.000000,-0.000000,0.000000,-0.000000,0.000000
100.720000,-0.000000,-0.000000,0.000000,-0.000000,0.000000
100.820000,-0.000000,-0.000000,0.000000,0.000000,0.000000
100.920000,-0.000000,-0.000000,0.000000,-0.000000,0.000000
101.020000,-0.000000,-0.000000,0.000000,-0.000000,-0.000000
101.120000,-0.000000,-0.000000,0.000000,0.000000,0.000000
101.220000,-0.000000,-0.000000,0.000000,-0.000000,-0.000000
101.320000,-0.000000,-0.000000,0.000000,-0.000000,-0.000000
101.420000,-0.000000,-0.000000,0.000000,-0.000000,-0.000000
101.520000,-0.000000,-0.000000,0.000000,-0.000000,0.000000
101.620000,-0.000000,-0.000000,0.000000,-0.000000,-0.000000
101.720000,-0.000000,-0.000000,0.000000,-0.000000,-0.000000
101.820000,-0.000000,-0.000000,0.000000,-0.000000,0.000000
101.920000,-0.000000,-0.000000,0.000000,-0.000000,0.000000
102.020000,-0.000000,-0.000000,0.000000,-0.000000,-0.000000
102.120000,-0.000000,-0.000000,0.000000,0.000000,0.000000
102.220000,-0.000000,-0.000000,0.000000,0.000000,-0.000000
102.320000,-0.000000,-0.000000,0.000000,-0.000000,-0.000000
102.420000,-0.000000,-0.000000,0.000000,0.000000,-0.000000
102.520000,-0.000000,-0.000000,0.000000,-0.000000,-0.000000
102.620000,-0.000000,-0.000000,0.000000,0.000000,0.000000
102.720000,-0.000000,-0.000000,0.000000,0.000000,-0.000000
102.820000,-0.000000,-0.000000,0.000000,0.000000,0.000000
102.920000,-0.000000,-0.000000,0.000000,-0.000000,-0.000000
103.020000,-0.000000,-0.000000,0.000000,-0.000000,0.000000
103.120000,-0.000000,-0.000000,0.000000,0.000000,0.000000
103.220000,-0.000000,-0.000000,0.000000,0.000000,-0.000000
103.320000,-0.000000,-0.000000,0.000000,-0.000000,-0.000000
103.420000,-0.000000,-0.000000,0.000000,0.000000,-0.000000
103.520000,-0.000000,-0.000000,0.000000,-0.000000,-0.000000
103.620000,-0.000000,-0.000000,0.000000,-0.000000,-0.000000
103.720000,-0.000000,-0.000000,0.000000,0.000000,-0.000000
103.820000,-0.000000,-0.000000,0.000000,0.000000,-0.000000
103.920000,-0.000000,-0.000000,0.000000,-0.000000,-0.000000
104.020000,-0.000000,-0.000000,0.000000,0.000000,-0.000000
104.120000,-0.000000,-0.000000,0.000000,0.000000,-0.000000
104.220000,-0.000000,-0.000000,0.000000,0.000000,0.000000
104.320000,-0.000000,-0.000000,0.000000,-0.000000,0.000000
104.420000,-0.000000,-0.000000,0.000000,0.000000,0.000000
104.520000,-0.000000,-0.000000,0.000000,-0.000000,0.000000
104.620000,-0.000000,-0.000000,0.000000,-0.000000,0.000000
104.720000,-0.000000,-0.000000,0.000000,-0.000000,0.000000
104.820000,-0.000000,-0.000000,0.000000,-0.000000,0.000000
104.920000,-0.000000,-0.000000,0.000000,-0.000000,0.000000
105.020000,-0.000000,-0.000000,0.000000,-0.000000,0.000000
105.120000,-0.000000,-0.000000,0.000000,-0.000000,0.000000
105.220000,-0.000000,-0.000000,0.000000,-0.000000,0.000000
105.320000,-0.000000,-0.000000,0.000000,-0.000000,-0.000000
105.420000,-0.000000,-0.000000,0.000000,-0.000000,0.000000
105.520000,-0.000000,-0.000000,0.000000,-0.000000,-0.000000
105.620000,-0.000000,-0.000000,0.000000,-0.000000,0.000000
105.720000,-0.000000,-0.000000,0.000000,-0.000000,0.000000
105.820000,-0.000000,-0.000000,0.000000,-0.000000,-0.000000
105.920000,-0.000000,-0.000000,0.000000,-0.000000,0.000000
106.020000,-0.000000,-0.000000,0.000000,-0.000000,-0.000000
106.120000,-0.000000,-0.000000,0.000000,-0.000000,-0.000000
106.220000,-0.000000,-0.000000,0.000000,-0.000000,-0.000000
106.320000,-0.000000,-0.000000,0.000000,-0.000000,0.000000
106.420000,-0.000000,-0.000000,0.000000,-0.000000,0.000000
106.520000,-0.000000,-0.000000,0.000000,0.000000,0.000000
106.620000,-0.000000,-0.000000,0.000000,-0.000000,0.000000
106.720000,-0.000000,-0.000000,0.000000,0.000000,0.000000
106.820000,-0.000000,-0.000000,0.000000,0.000000,-0.000000
106.920000,-0.000000,-0.000000,0.000000,0.000000,0.000000
107.020000,-0.000000,-0.000000,0.000000,0.000000,0.000000
107.120000,-0.000000,-0.000000,0.000000,-0.000000,0.000000
107.220000,-0.000000,-0.000000,0.000000,-0.000000,0.000000
107.320000,-0.000000,-0.000000,0.000000,0.000000,0.000000
107.420000,-0.000000,-0.000000,0.000000,0.000000,0.000000
107.520000,-0.000000,-0.000000,0.000000,0.000000,0.000000
107.620000,-0.000000,-0.000000,0.000000,0.000000,0.000000
107.720000,-0.000000,-0.000000,0.000000,-0.000000,0.000000
107.820000,-0.000000,-0.000000,0.000000,-0.000000,0.000000
107.920000,-0.000000,-0.000000,0.000000,-0.000000,-0.000000
108.020000,-0.000000,-0.000000,0.000000,0.000000,0.000000
108.120000,-0.000000,-0.000000,0.000000,0.000000,0.000000
108.220000,-0.000000,-0.000000,0.000000,-0.000000,0.000000
108.320000,-0.000000,-0.000000,0.000000,0.000000,-0.000000
108.420000,-0.000000,-0.000000,0.000000,-0.000000,-0.000000
108.520000,-0.000000,-0.000000,0.000000,0.000000,-0.000000
108.620000,-0.000000,-0.000000,0.000000,0.000000,0.000000
108.720000,-0.000000,-0.000000,0.000000,-0.000000,-0.000000
108.820000,-0.000000,-0.000000,0.000000,0.000000,-0.000000
108.920000,-0.000000,-0.000000,0.000000,-0.000000,-0.000000
109.020000,-0.000000,-0.000000,0.000000,-0.000000,-0.000000
109.120000,-0.000000,-0.000000,0.000000,0.000000,-0.000000
109.220000,-0.000000,-0.000000,0.000000,-0.000000,0.000000
109.320000,-0.000000,-0.000000,0.000000,0.000000,0.000000
109.420000,-0.000000,-0.000000,0.000000,-0.000000,0.000000
109.520000,-0.000000,-0.000000,0.000000,0.000000,0.000000
109.620000,-0.000000,-0.000000,0.000000,0.000000,0.000000
109.720000,-0.000000,-0.000000,0.000000,0.000000,-0.000000
109.820000,-0.000000,-0.000000,0.000000,0.000000,0.000000
109.920000,-0.000000,-0.000000,0.000000,-0.000000,-0.000000
110.020000,-0.000000,-0.000000,0.000000,0.000000,-0.000000
110.120000,-0.000000,-0.000000,0.000000,0.000000,0.000000
110.220000,-0.000000,-0.000000,0.000000,0.000000,-0.000000
110.320000,-0.000000,-0.000000,0.000000,0.000000,-0.000000
110.420000,-0.000000,-0.000000,0.000000,-0.000000,0.000000
110.520000,-0.000000,-0.000000,0.000000,-0.000000,0.000000
110.620000,-0.000000,-0.000000,0.000000,-0.000000,0.000000
110.720000,-0.000000,-0.000000,0.000000,-0.000000,0.000000
110.820000,-0.000000,-0.000000,0.000000,-0.000000,0.000000
110.920000,-0.000000,-0.000000,0.000000,0.000000,0.000000
111.020000,-0.000000,-0.000000,0.000000,0.000000,0.000000
111.120000,-0.000000,-0.000000,0.000000,-0.000000,0.000000
111.220000,-0.000000,-0.000000,0.000000,-0.000000,0.000000
111.320000,-0.000000,-0.000000,0.000000,0.000000,0.000000
111.420000,-0.000000,-0.000000,0.000000,-0.000000,0.000000
111.520000,-0.000000,-0.000000,0.000000,0.000000,0.000000
111.620000,-0.000000,-0.000000,0.000000,0.000000,0.000000
111.720000,-0.000000,-0.000000,0.000000,0.000000,0.000000
111.820000,-0.000000,-0.000000,0.000000,-0.000000,0.000000
111.920000,-0.000000,-0.000000,0.000000,-0.000000,0.000000
112.020000,-0.000000,-0.000000,0.000000,-0.000000,0.000000
112.120000,-0.000000,-0.000000,0.000000,-0.000000,0.000000
112.220000,-0.000000,-0.000000,0.000000,-0.000000,-0.000000
112.320000,-0.000000,-0.000000,0.000000,-0.000000,-0.000000
112.420000,-0.000000,-0.000000,0.000000,-0.000000,-0.000000
112.520000,-0.000000,-0.000000,0.000000,0.000000,0.000000
112.620000,-0.000000,-0.000000,0.000000,-0.000000,-0.000000
112.720000,-0.000000,-0.000000,0.000000,-0.000000,-0.000000
112.820000,-0.000000,-0.000000,0.000000,-0.000000,0.000000
112.920000,-0.000000,-0.000000,0.000000,-0.000000,0.000000
113.020000,-0.000000,-0.000000,0.000000,-0.000000,0.000000
113.120000,-0.000000,-0.000000,0.000000,0.000000,-0.000000
113.220000,-0.000000,-0.000000,0.000000,-0.000000,-0.000000
113.320000,-0.000000,-0.000000,0.000000,0.000000,-0.000000
113.420000,-0.000000,-0.000000,0.000000,-0.000000,-0.000000
113.520000,-0.000000,-0.000000,0.000000,-0.000000,-0.000000
113.620000,-0.000000,-0.000000,0.000000,-0.000000,-0.000000
113.720000,-0.000000,-0.000000,0.000000,-0.000000,-0.000000
113.820000,-0.000000,-0.000000,0.000000,-0.000000,0.000000
113.920000,-0.000000,-0.000000,0.000000,-0.000000,-0.000000
114.020000,-0.000000,-0.000000,0.000000,-0.000000,-0.000000
114.120000,-0.000000,-0.000000,0.000000,-0.000000,-0.000000
114.220000,-0.000000,-0.000000,0.000000,0.000000,-0.000000
114.320000,-0.000000,-0.000000,0.000000,-0.000000,-0.000000
114.420000,-0.000000,-0.000000,0.000000,0.000000,-0.000000
114.520000,-0.000000,-0.000000,0.000000,0.000000,-0.000000
114.620000,-0.000000,-0.000000,0.000000,-0.000000,-0.000000
114.720000,-0.000000,-0.000000,0.000000,-0.000000,-0.000000
114.820000,-0.000000,-0.000000,0.000000,0.000000,-0.000000
114.920000,-0.000000,-0.000000,0.000000,-0.000000,0.000000
115.020000,-0.000000,-0.000000,0.000000,-0.000000,0.000000
115.120000,-0.000000,-0.000000,0.000000,0.000000,0.000000
115.220000,-0.000000,-0.000000,0.000000,0.000000,0.000000
115.320000,-0.000000,-0.000000,0.000000,-0.000000,0.000000
115.420000,-0.000000,-0.000000,0.000000,0.000000,0.000000
115.520000,-0.000000,-0.000000,0.000000,-0.000000,-0.000000
115.620000,-0.000000,-0.000000,0.000000,-0.000000,-0.000000
115.720000,-0.000000,-0.000000,0.000000,0.000000,0.000000
115.820000,-0.000000,-0.000000,0.000000,-0.000000,0.000000
115.920000,-0.000000,-0.000000,0.000000,-0.000000,0.000000
116.020000,-0.000000,-0.000000,0.000000,0.000000,0.000000
116.120000,-0.000000,-0.000000,0.000000,-0.000000,0.000000
116.220000,-0.000000,-0.000000,0.000000,-0.000000,-0.000000
116.320000,-0.000000,-0.000000,0.000000,-0.000000,-0.000000
116.420000,-0.000000,-0.000000,0.000000,-0.000000,0.000000
116.520000,-0.000000,-0.000000,0.000000,-0.000000,0.000000
116.620000,-0.000000,-0.000000,0.000000,-0.000000,0.000000
116.720000,-0.000000,-0.000000,0.000000,-0.000000,-0.000000
116.820000,-0.000000,-0.000000,0.000000,-0.000000,0.000000
116.920000,-0.000000,-0.000000,0.000000,-0.000000,0.000000
117.020000,-0.000000,-0.000000,0.000000,-0.000000,-0.000000
117.120000,-0.000000,-0.000000,0.000000,-0.000000,-0.000000
117.220000,-0.000000,-0.000000,0.000000,0.000000,-0.000000
117.320000,-0.000000,-0.000000,0.000000,-0.000000,0.000000
117.420000,-0.000000,-0.000000,0.000000,-0.000000,0.000000
117.520000,-0.000000,-0.000000,0.000000,-0.000000,0.000000
117.620000,-0.000000,-0.000000,0.000000,-0.000000,0.000000
117.720000,-0.000000,-0.000000,0.000000,-0.000000,0.000000
117.820000,-0.000000,-0.000000,0.000000,-0.000000,0.000000
117.920000,-0.000000,-0.000000,0.000000,-0.000000,0.000000
118.020000,-0.000000,-0.000000,0.000000,-0.000000,0.000000
118.120000,-0.000000,-0.000000,0.000000,-0.000000,0.000000
118.220000,-0.000000,-0.000000,0.000000,-0.000000,0.000000
118.320000,-0.000000,-0.000000,0.000000,-0.000000,0.000000
118.420000,-0.000000,-0.000000,0.000000,-0.000000,0.000000
118.520000,-0.000000,-0.000000,0.000000,-0.000000,0.000000
118.620000,-0.000000,-0.000000,0.000000,-0.000000,0.000000
118.720000,-0.000000,-0.000000,0.000000,-0.000000,0.000000
118.820000,-0.000000,-0.000000,0.000000,-0.000000,-0.000000
118.920000,-0.000000,-0.000000,0.000000,-0.000000,0.000000
119.020000,-0.000000,-0.000000,0.000000,-0.000000,-0.000000
119.120000,-0.000000,-0.000000,0.000000,-0.000000,-0.000000
119.220000,-0.000000,-0.000000,0.000000,-0.000000,-0.000000
119.320000,-0.000000,-0.000000,0.000000,-0.000000,-0.000000
119.420000,-0.000000,-0.000000,0.000000,-0.000000,-0.000000
119.520000,-0.000000,-0.000000,0.000000,-0.000000,-0.000000
119.620000,-0.000000,-0.000000,0.000000,-0.000000,-0.000000
119.720000,-0.000000,-0.000000,0.000000,-0.000000,-0.000000
119.820000,-0.000000,-0.000000,0.000000,-0.000000,-0.000000
119.920000,-0.000000,-0.000000,0.000000,-0.000000,-0.000000
120.020000,-0.000000,-0.000000,0.000000,-0.000000,0.000000
120.120000,-0.000000,-0.000000,0.000000,-0.000000,0.000000
120.220000,-0.000000,-0.000000,0.000000,-0.000000,-0.000000
120.320000,-0.000000,-0.000000,0.000000,-0.000000,0.000000
120.420000,-0.000000,-0.000000,0.000000,-0.000000,-0.000000
120.520000,-0.000000,-0.000000,0.000000,-0.000000,0.000000
120.620000,-0.000000,-0.000000,0.000000,-0.000000,-0.000000
120.720000,-0.000000,-0.000000,0.000000,-0.000000,-0.000000
120.820000,-0.000000,-0.000000,0.000000,-0.000000,0.000000
120.920000,-0.000000,-0.000000,0.000000,-0.000000,0.000000
121.020000,-0.000000,-0.000000,0.000000,-0.000000,0.000000
121.120000,-0.000000,-0.000000,0.000000,-0.000000,0.000000
121.220000,-0.000000,-0.000000,0.000000,-0.000000,0.000000
121.320000,-0.000000,-0.000000,0.000000,-0.000000,0.000000
121.420000,-0.000000,-0.000000,0.000000,-0.000000,0.000000
121.520000,-0.000000,-0.000000,0.000000,-0.000000,0.000000
121.620000,-0.000000,-0.000000,0.000000,-0.000000,0.000000
121.720000,-0.000000,-0.000000,0.000000,-0.000000,0.000000
121.820000,-0.000000,-0.000000,0.000000,-0.000000,0.000000
121.920000,-0.000000,-0.000000,0.000000,-0.000000,0.000000
122.020000,-0.000000,-0.000000,0.000000,0.000000,0.000000
122.120000,-0.000000,-0.000000,0.000000,-0.000000,0.000000
122.220000,-0.000000,-0.000000,0.000000,-0.000000,0.000000
122.320000,-0.000000,-0.000000,0.000000,-0.000000,-0.000000
122.420000,-0.000000,-0.000000,0.000000,-0.000000,-0.000000
122.520000,-0.000000,-0.000000,0.000000,-0.000000,0.000000
122.620000,-0.000000,-0.000000,0.000000,-0.000000,0.000000
122.720000,-0.000000,-0.000000,0.000000,-0.000000,0.000000
122.820000,-0.000000,-0.000000,0.000000,-0.000000,0.000000
122.920000,-0.000000,-0.000000,0.000000,-0.000000,0.000000
123.020000,-0.000000,-0.000000,0.000000,-0.000000,0.000000
123.120000,-0.000000,-0.000000,0.000000,-0.000000,0.000000
123.220000,-0.000000,-0.000000,0.000000,-0.000000,0.000000
123.320000,-0.000000,-0.000000,0.000000,-0.000000,0.000000
123.420000,-0.000000,-0.000000,0.000000,-0.000000,0.000000
123.520000,-0.000000,-0.000000,0.000000,-0.000000,0.000000
123.620000,-0.000000,-0.000000,0.000000,-0.000000,0.000000
123.720000,-0.000000,-0.000000,0.000000,-0.000000,0.000000
123.820000,-0.000000,-0.000000,0.000000,-0.000000,0.000000
123.920000,-0.000000,-0.000000,0.000000,-0.000000,0.000000
124.020000,-0.000000,-0.000000,0.000000,-0.000000,0.000000
124.120000,-0.000000,-0.000000,0.000000,-0.000000,0.000000
124.220000,-0.000000,-0.000000,0.000000,-0.000000,0.000000
124.320000,-0.000000,-0.000000,0.000000,-0.000000,0.000000
124.420000,-0.000000,-0.000000,0.000000,-0.000000,0.000000
124.520000,-0.000000,-0.000000,0.000000,0.000000,-0.000000
124.620000,-0.000000,-0.000000,0.000000,-0.000000,0.000000
124.720000,-0.000000,-0.000000,0.000000,-0.000000,0.000000
124.820000,-0.000000,-0.000000,0.000000,-0.000000,0.000000
124.920000,-0.000000,-0.000000,0.000000,0.000000,0.000000
125.020000,-0.000000,-0.000000,0.000000,-0.000000,0.000000
125.120000,-0.000000,-0.000000,0.000000,-0.000000,-0.000000
125.220000,-0.000000,-0.000000,0.000000,-0.000000,-0.000000
125.320000,-0.000000,-0.000000,0.000000,-0.000000,0.000000
125.420000,-0.000000,-0.000000,0.000000,-0.000000,0.000000
125.520000,-0.000000,-0.000000,0.000000,0.000000,0.000000
125.620000,-0.000000,-0.000000,0.000000,-0.000000,0.000000
125.720000,-0.000000,-0.000000,0.000000,-0.000000,0.000000
125.820000,-0.000000,-0.000000,0.000000,-0.000000,-0.000000
125.920000,-0.000000,-0.000000,0.000000,0.000000,0.000000
126.020000,-0.000000,-0.000000,0.000000,-0.000000,0.000000
126.120000,-0.000000,-0.000000,0.000000,-0.000000,0.000000
126.220000,-0.000000,-0.000000,0.000000,-0.000000,0.000000
126.320000,-0.000000,-0.000000,0.000000,0.000000,-0.000000
126.420000,-0.000000,-0.000000,0.000000,-0.000000,0.000000
126.520000,-0.000000,-0.000000,0.000000,-0.000000,0.000000
126.620000,-0.000000,-0.000000,0.000000,-0.000000,0.000000
126.720000,-0.000000,-0.000000,0.000000,-0.000000,0.000000
126.820000,-0.000000,-0.000000,0.000000,-0.000000,0.000000
126.920000,-0.000000,-0.000000,0.000000,-0.000000,0.000000
127.020000,-0.000000,-0.000000,0.000000,-0.000000,0.000000
127.120000,-0.000000,-0.000000,0.000000,0.000000,0.000000
127.220000,-0.000000,-0.000000,0.000000,-0.000000,0.000000
127.320000,-0.000000,-0.000000,0.000000,-0.000000,0.000000
127.420000,-0.000000,-0.000000,0.000000,-0.000000,0.000000
127.520000,-0.000000,-0.000000,0.000000,-0.000000,0.000000
127.620000,-0.000000,-0.000000,0.000000,-0.000000,0.000000
127.720000,-0.000000,-0.000000,0.000000,-0.000000,0.000000
127.820000,-0.000000,-0.000000,0.000000,-0.000000,0.000000
127.920000,-0.000000,-0.000000,0.000000,-0.000000,0.000000
128.020000,-0.000000,-0.000000,0.000000,-0.000000,0.000000
128.120000,-0.000000,-0.000000,0.000000,-0.000000,0.000000
128.220000,-0.000000,-0.000000,0.000000,-0.000000,0.000000
128.320000,-0.000000,-0.000000,0.000000,-0.000000,0.000000
128.420000,-0.000000,-0.000000,0.000000,-0.000000,0.000000
128.520000,-0.000000,-0.000000,0.000000,-0.000000,0.000000
128.620000,-0.000000,-0.000000,0.000000,-0.000000,0.000000
128.720000,-0.000000,-0.000000,0.000000,-0.000000,0.000000
128.820000,-0.000000,-0.000000,0.000000,-0.000000,0.000000
128.920000,-0.000000,-0.000000,0.000000,-0.000000,0.000000
129.020000,-0.000000,-0.000000,0.000000,-0.000000,0.000000
129.120000,-0.000000,-0.000000,0.000000,-0.000000,0.000000
129.220000,-0.000000,-0.000000,0.000000,-0.000000,0.000000
129.320000,-0.000000,-0.000000,0.000000,-0.000000,0.000000
129.420000,-0.000000,-0.000000,0.000000,-0.000000,0.000000
129.520000,-0.000000,-0.000000,0.000000,-0.000000,0.000000
129.620000,-0.000000,-0.000000,0.000000,-0.000000,0.000000
129.720000,-0.000000,-0.000000,0.000000,-0.000000,-0.000000
129.820000,-0.000000,-0.000000,0.000000,-0.000000,0.000000
129.920000,-0.000000,-0.000000,0.000000,-0.000000,0.000000
130.020000,-0.000000,-0.000000,0.000000,-0.000000,0.000000
130.120000,-0.000000,-0.000000,0.000000,-0.000000,0.000000
130.220000,-0.000000,-0.000000,0.000000,-0.000000,0.000000
130.320000,-0.000000,-0.000000,0.000000,-0.000000,0.000000
130.420000,-0.000000,-0.000000,0.000000,-0.000000,0.000000
130.520000,-0.000000,-0.000000,0.000000,-0.000000,0.000000
130.620000,-0.000000,-0.000000,0.000000,-0.000000,0.000000
130.720000,-0.000000,-0.000000,0.000000,-0.000000,0.000000
130.820000,-0.000000,-0.000000,0.000000,-0.000000,0.000000
130.920000,-0.000000,-0.000000,0.000000,-0.000000,0.000000
131.020000,-0.000000,-0.000000,0.000000,-0.000000,0.000000
131.120000,-0.000000,-0.000000,0.000000,-0.000000,0.000000
131.220000,-0.000000,-0.000000,0.000000,-0.000000,0.000000
131.320000,-0.000000,-0.000000,0.000000,-0.000000,0.000000
131.420000,-0.000000,-0.000000,0.000000,-0.000000,0.000000
131.520000,-0.000000,-0.000000,0.000000,-0.000000,0.000000
131.620000,-0.000000,-0.000000,0.000000,-0.000000,0.000000
131.720000,-0.000000,-0.000000,0.000000,-0.000000,0.000000
131.820000,-0.000000,-0.000000,0.000000,-0.000000,-0.000000
131.920000,-0.000000,-0.000000,0.000000,-0.000000,-0.000000
132.020000,-0.000000,-0.000000,0.000000,-0.000000,-0.000000
132.120000,-0.000000,-0.000000,0.000000,-0.000000,0.000000
132.220000,-0.000000,-0.000000,0.000000,-0.000000,0.000000
132.320000,-0.000000,-0.000000,0.000000,-0.000000,0.000000
132.420000,-0.000000,-0.000000,0.000000,-0.000000,0.000000
132.520000,-0.000000,-0.000000,0.000000,-0.000000,0.000000
132.620000,-0.000000,-0.000000,0.000000,-0.000000,0.000000
132.720000,-0.000000,-0.000000,0.000000,-0.000000,0.000000
132.820000,-0.000000,-0.000000,0.000000,-0.000000,0.000000
132.920000,-0.000000,-0.000000,0.000000,-0.000000,0.000000
133.020000,-0.000000,-0.000000,0.000000,-0.000000,0.000000
133.120000,-0.000000,-0.000000,0.000000,-0.000000,0.000000
133.220000,-0.000000,-0.000000,0.000000,-0.000000,0.000000
133.320000,-0.000000,-0.000000,0.000000,-0.000000,0.000000
133.420000,-0.000000,-0.000000,0.000000,-0.000000,0.000000
133.520000,-0.000000,-0.000000,0.000000,-0.000000,0.000000
133.620000,-0.000000,-0.000000,0.000000,-0.000000,0.000000
133.720000,-0.000000,-0.000000,0.000000,-0.000000,0.000000
133.820000,-0.000000,-0.000000,0.000000,-0.000000,0.000000
133.920000,-0.000000,-0.000000,0.000000,-0.000000,0.000000
134.020000,-0.000000,-0.000000,0.000000,-0.000000,0.000000
134.120000,-0.000000,-0.000000,0.000000,-0.000000,0.000000
134.220000,-0.000000,-0.000000,0.000000,-0.000000,0.000000
134.320000,-0.000000,-0.000000,0.000000,-0.000000,0.000000
134.420000,-0.000000,-0.000000,0.000000,-0.000000,0.000000
134.520000,-0.000000,-0.000000,0.000000,-0.000000,0.000000
134.620000,-0.000000,-0.000000,0.000000,-0.000000,-0.000000
134.720000,-0.000000,-0.000000,0.000000,-0.000000,0.000000
134.820000,-0.000000,-0.000000,0.000000,-0.000000,0.000000
134.920000,-0.000000,-0.000000,0.000000,-0.000000,0.000000
135.020000,-0.000000,-0.000000,0.000000,-0.000000,0.000000
135.120000,-0.000000,-0.000000,0.000000,-0.000000,0.000000
135.220000,-0.000000,-0.000000,0.000000,-0.000000,0.000000
135.320000,-0.000000,-0.000000,0.000000,-0.000000,0.000000
135.420000,-0.000000,-0.000000,0.000000,-0.000000,0.000000
135.520000,-0.000000,-0.000000,0.000000,-0.000000,0.000000
135.620000,-0.000000,-0.000000,0.000000,-0.000000,0.000000
135.720000,-0.000000,-0.000000,0.000000,-0.000000,0.000000
135.820000,-0.000000,-0.000000,0.000000,-0.000000,0.000000
135.920000,-0.000000,-0.000000,0.000000,-0.000000,0.000000
136.020000,-0.000000,-0.000000,0.000000,-0.000000,0.000000
136.120000,-0.000000,-0.000000,0.000000,-0.000000,0.000000
136.220000,-0.000000,-0.000000,0.000000,-0.000000,0.000000
136.320000,-0.000000,-0.000000,0.000000,-0.000000,0.000000
136.420000,-0.000000,-0.000000,0.000000,-0.000000,0.000000
136.520000,-0.000000,-0.000000,0.000000,-0.000000,0.000000
136.620000,-0.000000,-0.000000,0.000000,-0.000000,0.000000
136.720000,-0.000000,-0.000000,0.000000,-0.000000,0.000000
136.820000,-0.000000,-0.000000,0.000000,-0.000000,0.000000
136.920000,-0.000000,-0.000000,0.000000,-0.000000,0.000000
137.020000,-0.000000,-0.000000,0.000000,-0.000000,0.000000
137.120000,-0.000000,-0.000000,0.000000,-0.000000,0.000000
137.220000,-0.000000,-0.000000,0.000000,-0.000000,0.000000
137.320000,-0.000000,-0.000000,0.000000,-0.000000,0.000000
137.420000,-0.000000,-0.000000,0.000000,-0.000000,0.000000
137.520000,-0.000000,-0.000000,0.000000,-0.000000,0.000000
137.620000,-0.000000,-0.000000,0.000000,-0.000000,0.000000
137.720000,-0.000000,-0.000000,0.000000,-0.000000,0.000000
137.820000,-0.000000,-0.000000,0.000000,-0.000000,0.000000
137.920000,-0.000000,-0.000000,0.000000,-0.000000,0.000000
138.020000,-0.000000,-0.000000,0.000000,-0.000000,0.000000
138.120000,-0.000000,-0.000000,0.000000,-0.000000,0.000000
138.220000,-0.000000,-0.000000,0.000000,-0.000000,0.000000
138.320000,-0.000000,-0.000000,0.000000,-0.000000,0.000000
138.420000,-0.000000,-0.000000,0.000000,-0.000000,0.000000
138.520000,-0.000000,-0.000000,0.000000,-0.000000,-0.000000
138.620000,-0.000000,-0.000000,0.000000,-0.000000,0.000000
138.720000,-0.000000,-0.000000,0.000000,-0.000000,0.000000
138.820000,-0.000000,-0.000000,0.000000,-0.000000,0.000000
138.920000,-0.000000,-0.000000,0.000000,-0.000000,0.000000
139.020000,-0.000000,-0.000000,0.000000,-0.000000,0.000000
139.120000,-0.000000,-0.000000,0.000000,-0.000000,0.000000
139.220000,-0.000000,-0.000000,0.000000,-0.000000,0.000000
139.320000,-0.000000,-0.000000,0.000000,-0.000000,0.000000
139.420000,-0.000000,-0.000000,0.000000,-0.000000,0.000000
139.520000,-0.000000,-0.000000,0.000000,-0.000000,0.000000
139.620000,-0.000000,-0.000000,0.000000,-0.000000,0.000000
139.720000,-0.000000,-0.000000,0.000000,-0.000000,0.000000
139.820000,-0.000000,-0.000000,0.000000,-0.000000,0.000000
139.920000,-0.000000,-0.000000,0.000000,-0.000000,0.000000
140.020000,-0.000000,-0.000000,0.000000,-0.000000,0.000000
140.120000,-0.000000,-0.000000,0.000000,-0.000000,0.000000
140.220000,-0.000000,-0.000000,0.000000,-0.000000,0.000000
140.320000,-0.000000,-0.000000,0.000000,-0.000000,0.000000
140.420000,-0.000000,-0.000000,0.000000,-0.000000,0.000000
140.520000,-0.000000,-0.000000,0.000000,-0.000000,0.000000
140.620000,-0.000000,-0.000000,0.000000,-0.000000,0.000000
140.720000,-0.000000,-0.000000,0.000000,-0.000000,0.000000
140.820000,-0.000000,-0.000000,0.000000,-0.000000,0.000000
140.920000,-0.000000,-0.000000,0.000000,-0.000000,0.000000
141.020000,-0.000000,-0.000000,0.000000,-0.000000,0.000000
141.120000,-0.000000,-0.000000,0.000000,-0.000000,0.000000
141.220000,-0.000000,-0.000000,0.000000,0.000000,0.000000
141.320000,-0.000000,-0.000000,0.000000,-0.000000,0.000000
141.420000,-0.000000,-0.000000,0.000000,0.000000,0.000000
141.520000,-0.000000,-0.000000,0.000000,-0.000000,0.000000
141.620000,-0.000000,-0.000000,0.000000,-0.000000,0.000000
141.720000,-0.000000,-0.000000,0.000000,-0.000000,0.000000
141.820000,-0.000000,-0.000000,0.000000,-0.000000,0.000000
141.920000,-0.000000,-0.000000,0.000000,-0.000000,0.000000
142.020000,-0.000000,-0.000000,0.000000,-0.000000,0.000000
142.120000,-0.000000,-0.000000,0.000000,-0.000000,0.000000
142.220000,-0.000000,-0.000000,0.000000,-0.000000,0.000000
142.320000,-0.000000,-0.000000,0.000000,-0.000000,0.000000
142.420000,-0.000000,-0.000000,0.000000,-0.000000,0.000000
142.520000,-0.000000,-0.000000,0.000000,-0.000000,0.000000
142.620000,-0.000000,-0.000000,0.000000,-0.000000,0.000000
142.720000,-0.000000,-0.000000,0.000000,-0.000000,0.000000
142.820000,-0.000000,-0.000000,0.000000,-0.000000,0.000000
142.920000,-0.000000,-0.000000,0.000000,-0.000000,0.000000
143.020000,-0.000000,-0.000000,0.000000,-0.000000,0.000000
143.120000,-0.000000,-0.000000,0.000000,-0.000000,0.000000
143.220000,-0.000000,-0.000000,0.000000,-0.000000,0.000000
143.320000,-0.000000,-0.000000,0.000000,-0.000000,0.000000
143.420000,-0.000000,-0.000000,0.000000,-0.000000,0.000000
143.520000,-0.000000,-0.000000,0.000000,-0.000000,0.000000
143.620000,-0.000000,-0.000000,0.000000,-0.000000,0.000000
143.720000,-0.000000,-0.000000,0.000000,-0.000000,0.000000
143.820000,-0.000000,-0.000000,0.000000,-0.000000,0.000000
143.920000,-0.000000,-0.000000,0.000000,-0.000000,0.000000
144.020000,-0.000000,-0.000000,0.000000,-0.000000,0.000000
144.120000,-0.000000,-0.000000,0.000000,-0.000000,0.000000
144.220000,-0.000000,-0.000000,0.000000,-0.000000,0.000000
144.320000,-0.000000,-0.000000,0.000000,-0.000000,0.000000
144.420000,-0.000000,-0.000000,0.000000,-0.000000,0.000000
144.520000,-0.000000,-0.000000,0.000000,-0.000000,0.000000
144.620000,-0.000000,-0.000000,0.000000,-0.000000,0.000000
144.720000,-0.000000,-0.000000,0.000000,-0.000000,0.000000
144.820000,-0.000000,-0.000000,0.000000,-0.000000,0.000000
144.920000,-0.000000,-0.000000,0.000000,-0.000000,0.000000
145.020000,-0.000000,-0.000000,0.000000,-0.000000,0.000000
145.120000,-0.000000,-0.000000,0.000000,-0.000000,0.000000
145.220000,-0.000000,-0.000000,0.000000,-0.000000,0.000000
145.320000,-0.000000,-0.000000,0.000000,-0.000000,0.000000
145.420000,-0.000000,-0.000000,0.000000,-0.000000,0.000000
145.520000,-0.000000,-0.000000,0.000000,-0.000000,0.000000
145.620000,-0.000000,-0.000000,0.000000,-0.000000,0.000000
145.720000,-0.000000,-0.000000,0.000000,-0.000000,0.000000
145.820000,-0.000000,-0.000000,0.000000,-0.000000,0.000000
145.920000,-0.000000,-0.000000,0.000000,-0.000000,0.000000
146.020000,-0.000000,-0.000000,0.000000,-0.000000,0.000000
146.120000,-0.000000,-0.000000,0.000000,-0.000000,0.000000
146.220000,-0.000000,-0.000000,0.000000,-0.000000,0.000000
146.320000,-0.000000,-0.000000,0.000000,-0.000000,0.000000
146.420000,-0.000000,-0.000000,0.000000,-0.000000,0.000000
146.520000,-0.000000,-0.000000,0.000000,-0.000000,0.000000
146.620000,-0.000000,-0.000000,0.000000,-0.000000,0.000000
146.720000,-0.000000,-0.000000,0.000000,-0.000000,0.000000
146.820000,-0.000000,-0.000000,0.000000,-0.000000,0.000000
146.920000,-0.000000,-0.000000,0.000000,-0.000000,0.000000
147.020000,-0.000000,-0.000000,0.000000,-0.000000,0.000000
147.120000,-0.000000,-0.000000,0.000000,-0.000000,0.000000
147.220000,-0.000000,-0.000000,0.000000,-0.000000,0.000000
147.320000,-0.000000,-0.000000,0.000000,-0.000000,0.000000
147.420000,-0.000000,-0.000000,0.000000,-0.000000,0.000000
147.520000,-0.000000,-0.000000,0.000000,-0.000000,0.000000
147.620000,-0.000000,-0.000000,0.000000,-0.000000,0.000000
147.720000,-0.000000,-0.000000,0.000000,-0.000000,0.000000
147.820000,-0.000000,-0.000000,0.000000,-0.000000,0.000000
147.920000,-0.000000,-0.000000,0.000000,-0.000000,0.000000
148.020000,-0.000000,-0.000000,0.000000,-0.000000,0.000000
148.120000,-0.000000,-0.000000,0.000000,-0.000000,0.000000
148.220000,-0.000000,-0.000000,0.000000,-0.000000,0.000000
148.320000,-0.000000,-0.000000,0.000000,-0.000000,0.000000
148.420000,-0.000000,-0.000000,0.000000,-0.000000,0.000000
148.520000,-0.000000,-0.000000,0.000000,-0.000000,0.000000
148.620000,-0.000000,-0.000000,0.000000,-0.000000,0.000000
148.720000,-0.000000,-0.000000,0.000000,-0.000000,0.000000
148.820000,-0.000000,-0.000000,0.000000,0.000000,0.000000
148.920000,-0.000000,-0.000000,0.000000,-0.000000,0.000000
149.020000,-0.000000,-0.000000,0.000000,-0.000000,0.000000
149.120000,-0.000000,-0.000000,0.000000,-0.000000,0.000000
149.220000,-0.000000,-0.000000,0.000000,-0.000000,0.000000
149.320000,-0.000000,-0.000000,0.000000,-0.000000,0.000000
149.420000,-0.000000,-0.000000,0.000000,-0.000000,0.000000
149.520000,-0.000000,-0.000000,0.000000,-0.000000,0.000000
149.620000,-0.000000,-0.000000,0.000000,-0.000000,0.000000
149.720000,-0.000000,-0.000000,0.000000,-0.000000,0.000000
149.820000,-0.000000,-0.000000,0.000000,-0.000000,0.000000
149.920000,-0.000000,-0.000000,0.000000,-0.000000,0.000000
150.020000,-0.000000,-0.000000,0.000000,-0.000000,0.000000
150.120000,-0.000000,-0.000000,0.000000,-0.000000,0.000000
150.220000,-0.000000,-0.000000,0.000000,-0.000000,0.000000
150.320000,-0.000000,-0.000000,0.000000,-0.000000,0.000000
150.420000,-0.000000,-0.000000,0.000000,-0.000000,0.000000
150.520000,-0.000000,-0.000000,0.000000,0.000000,0.000000
150.620000,-0.000000,-0.000000,0.000000,-0.000000,0.000000
150.720000,-0.000000,-0.000000,0.000000,-0.000000,0.000000
150.820000,-0.000000,-0.000000,0.000000,-0.000000,0.000000
150.920000,-0.000000,-0.000000,0.000000,-0.000000,0.000000
151.020000,-0.000000,-0.000000,0.000000,-0.000000,0.000000
151.120000,-0.000000,-0.000000,0.000000,-0.000000,0.000000
151.220000,-0.000000,-0.000000,0.000000,-0.000000,0.000000
151.320000,-0.000000,-0.000000,0.000000,-0.000000,0.000000
151.420000,-0.000000,-0.000000,0.000000,-0.000000,0.000000
151.520000,-0.000000,-0.000000,0.000000,-0.000000,0.000000
151.620000,-0.000000,-0.000000,0.000000,-0.000000,0.000000
151.720000,-0.000000,-0.000000,0.000000,-0.000000,0.000000
151.820000,-0.000000,-0.000000,0.000000,-0.000000,0.000000
151.920000,-0.000000,-0.000000,0.000000,-0.000000,0.000000
152.020000,-0.000000,-0.000000,0.000000,-0.000000,0.000000
152.120000,-0.000000,-0.000000,0.000000,-0.000000,0.000000
152.220000,-0.000000,-0.000000,0.000000,-0.000000,0.000000
152.320000,-0.000000,-0.000000,0.000000,-0.000000,0.000000
152.420000,-0.000000,-0.000000,0.000000,-0.000000,0.000000
152.520000,-0.000000,-0.000000,0.000000,-0.000000,0.000000
152.620000,-0.000000,-0.000000,0.000000,-0.000000,0.000000
152.720000,-0.000000,-0.000000,0.000000,-0.000000,0.000000
152.820000,-0.000000,-0.000000,0.000000,-0.000000,0.000000
152.920000,-0.000000,-0.000000,0.000000,-0.000000,0.000000
153.020000,-0.000000,-0.000000,0.000000,-0.000000,0.000000
153.120000,-0.000000,-0.000000,0.000000,-0.000000,0.000000
153.220000,-0.000000,-0.000000,0.000000,-0.000000,0.000000
153.320000,-0.000000,-0.000000,0.000000,-0.000000,0.000000
153.420000,-0.000000,-0.000000,0.000000,-0.000000,-0.000000
153.520000,-0.000000,-0.000000,0.000000,-0.000000,0.000000
153.620000,-0.000000,-0.000000,0.000000,-0.000000,0.000000
153.720000,-0.000000,-0.000000,0.000000,-0.000000,0.000000
153.820000,-0.000000,-0.000000,0.000000,-0.000000,0.000000
153.920000,-0.000000,-0.000000,0.000000,-0.000000,0.000000
154.020000,-0.000000,-0.000000,0.000000,-0.000000,0.000000
154.120000,-0.000000,-0.000000,0.000000,-0.000000,0.000000
154.220000,-0.000000,-0.000000,0.000000,-0.000000,0.000000
154.320000,-0.000000,-0.000000,0.000000,0.000000,0.000000
154.420000,-0.000000,-0.000000,0.000000,-0.000000,0.000000
154.520000,-0.000000,-0.000000,0.000000,0.000000,0.000000
154.620000,-0.000000,-0.000000,0.000000,0.000000,0.000000
154.720000,-0.000000,-0.000000,0.000000,-0.000000,0.000000
154.820000,-0.000000,-0.000000,0.000000,-0.000000,0.000000
154.920000,-0.000000,-0.000000,0.000000,-0.000000,0.000000
155.020000,-0.000000,-0.000000,0.000000,-0.000000,0.000000
155.120000,-0.000000,-0.000000,0.000000,-0.000000,0.000000
155.220000,-0.000000,-0.000000,0.000000,0.000000,0.000000
155.320000,-0.000000,-0.000000,0.000000,0.000000,0.000000
155.420000,-0.000000,-0.000000,0.000000,-0.000000,0.000000
155.520000,-0.000000,-0.000000,0.000000,-0.000000,0.000000
155.620000,-0.000000,-0.000000,0.000000,0.000000,0.000000
155.720000,-0.000000,-0.000000,0.000000,0.000000,0.000000
155.820000,-0.000000,-0.000000,0.000000,0.000000,0.000000
155.920000,-0.000000,-0.000000,0.000000,0.000000,0.000000
156.020000,-0.000000,-0.000000,0.000000,-0.000000,0.000000
156.120000,-0.000000,-0.000000,0.000000,0.000000,0.000000
156.220000,-0.000000,-0.000000,0.000000,-0.000000,0.000000
156.320000,-0.000000,-0.000000,0.000000,-0.000000,0.000000
156.420000,-0.000000,-0.000000,0.000000,-0.000000,0.000000
156.520000,-0.000000,-0.000000,0.000000,-0.000000,0.000000
156.620000,-0.000000,-0.000000,0.000000,-0.000000,0.000000
156.720000,-0.000000,-0.000000,0.000000,-0.000000,0.000000
156.820000,-0.000000,-0.000000,0.000000,-0.000000,0.000000
156.920000,-0.000000,-0.000000,0.000000,-0.000000,0.000000
157.020000,-0.000000,-0.000000,0.000000,-0.000000,0.000000
157.120000,-0.000000,-0.000000,0.000000,0.000000,0.000000
157.220000,-0.000000,-0.000000,0.000000,0.000000,0.000000
157.320000,-0.000000,-0.000000,0.000000,0.000000,0.000000
157.420000,-0.000000,-0.000000,0.000000,0.000000,0.000000
157.520000,-0.000000,-0.000000,0.000000,0.000000,0.000000
157.620000,-0.000000,-0.000000,0.000000,0.000000,0.000000
157.720000,-0.000000,-0.000000,0.000000,0.000000,0.000000
157.820000,-0.000000,-0.000000,0.000000,0.000000,0.000000
157.920000,-0.000000,-0.000000,0.000000,0.000000,0.000000
158.020000,-0.000000,-0.000000,0.000000,0.000000,0.000000
158.120000,-0.000000,-0.000000,0.000000,0.000000,-0.000000
158.220000,-0.000000,-0.000000,0.000000,0.000000,0.000000
158.320000,-0.000000,-0.000000,0.000000,-0.000000,0.000000
158.420000,-0.000000,-0.000000,0.000000,0.000000,0.000000
158.520000,-0.000000,-0.000000,0.000000,0.000000,0.000000
158.620000,-0.000000,-0.000000,0.000000,0.000000,0.000000
158.720000,-0.000000,-0.000000,0.000000,0.000000,0.000000
158.820000,-0.000000,-0.000000,0.000000,-0.000000,0.000000
158.920000,-0.000000,-0.000000,0.000000,0.000000,0.000000
159.020000,-0.000000,-0.000000,0.000000,0.000000,0.000000
159.120000,-0.000000,-0.000000,0.000000,0.000000,0.000000
159.220000,-0.000000,-0.000000,0.000000,0.000000,0.000000
159.320000,-0.000000,-0.000000,0.000000,0.000000,0.000000
159.420000,-0.000000,-0.000000,0.000000,-0.000000,0.000000
159.520000,-0.000000,-0.000000,0.000000,0.000000,0.000000
159.620000,-0.000000,-0.000000,0.000000,0.000000,0.000000
159.720000,-0.000000,-0.000000,0.000000,0.000000,0.000000
159.820000,-0.000000,-0.000000,0.000000,-0.000000,0.000000
159.920000,-0.000000,-0.000000,0.000000,0.000000,0.000000
160.020000,-0.000000,-0.000000,0.000000,-0.000000,0.000000
160.120000,-0.000000,-0.000000,0.000000,0.000000,0.000000
160.220000,-0.000000,-0.000000,0.000000,0.000000,0.000000
160.320000,-0.000000,-0.000000,0.000000,0.000000,0.000000
160.420000,-0.000000,-0.000000,0.000000,0.000000,0.000000
160.520000,-0.000000,-0.000000,0.000000,0.000000,0.000000
160.620000,-0.000000,-0.000000,0.000000,-0.000000,0.000000
160.720000,-0.000000,-0.000000,0.000000,0.000000,0.000000
160.820000,-0.000000,-0.000000,0.000000,-0.000000,0.000000
160.920000,-0.000000,-0.000000,0.000000,0.000000,-0.000000
161.020000,-0.000000,-0.000000,0.000000,0.000000,0.000000
161.120000,-0.000000,-0.000000,0.000000,0.000000,-0.000000
161.220000,-0.000000,-0.000000,0.000000,0.000000,0.000000
161.320000,-0.000000,-0.000000,0.000000,0.000000,0.000000
161.420000,-0.000000,-0.000000,0.000000,0.000000,-0.000000
161.520000,-0.000000,-0.000000,0.000000,0.000000,-0.000000
161.620000,-0.000000,-0.000000,0.000000,0.000000,-0.000000
161.720000,-0.000000,-0.000000,0.000000,0.000000,-0.000000
161.820000,-0.000000,-0.000000,0.000000,0.000000,0.000000
161.920000,-0.000000,-0.000000,0.000000,0.000000,0.000000
162.020000,-0.000000,-0.000000,0.000000,0.000000,-0.000000
162.120000,-0.000000,-0.000000,0.000000,0.000000,-0.000000
162.220000,-0.000000,-0.000000,0.000000,0.000000,-0.000000
162.320000,-0.000000,-0.000000,0.000000,0.000000,-0.000000
162.420000,-0.000000,-0.000000,0.000000,0.000000,-0.000000
162.520000,-0.000000,-0.000000,0.000000,0.000000,-0.000000
162.620000,-0.000000,-0.000000,0.000000,0.000000,-0.000000
162.720000,-0.000000,-0.000000,0.000000,0.000000,-0.000000
162.820000,-0.000000,-0.000000,0.000000,0.000000,-0.000000
162.920000,-0.000000,-0.000000,0.000000,0.000000,-0.000000
163.020000,-0.000000,-0.000000,0.000000,0.000000,-0.000000
163.120000,-0.000000,-0.000000,0.000000,0.000000,0.000000
163.220000,-0.000000,-0.000000,0.000000,0.000000,-0.000000
163.320000,-0.000000,-0.000000,0.000000,0.000000,0.000000
163.420000,-0.000000,-0.000000,0.000000,0.000000,-0.000000
163.520000,-0.000000,-0.000000,0.000000,0.000000,-0.000000
163.620000,-0.000000,-0.000000,0.000000,0.000000,-0.000000
163.720000,-0.000000,-0.000000,0.000000,0.000000,-0.000000
163.820000,-0.000000,-0.000000,0.000000,0.000000,0.000000
163.920000,-0.000000,-0.000000,0.000000,0.000000,0.000000
164.020000,-0.000000,-0.000000,0.000000,0.000000,-0.000000
164.120000,-0.000000,-0.000000,0.000000,0.000000,0.000000
164.220000,-0.000000,-0.000000,0.000000,0.000000,-0.000000
164.320000,-0.000000,-0.000000,0.000000,0.000000,-0.000000
164.420000,-0.000000,-0.000000,0.000000,0.000000,-0.000000
164.520000,-0.000000,-0.000000,0.000000,0.000000,-0.000000
164.620000,-0.000000,-0.000000,0.000000,0.000000,-0.000000
164.720000,-0.000000,-0.000000,0.000000,0.000000,0.000000
164.820000,-0.000000,-0.000000,0.000000,0.000000,0.000000
164.920000,-0.000000,-0.000000,0.000000,0.000000,-0.000000
165.020000,-0.000000,-0.000000,0.000000,0.000000,-0.000000
165.120000,-0.000000,-0.000000,0.000000,0.000000,-0.000000
165.220000,-0.000000,-0.000000,0.000000,0.000000,-0.000000
165.320000,-0.000000,-0.000000,0.000000,0.000000,-0.000000
165.420000,-0.000000,-0.000000,0.000000,0.000000,-0.000000
165.520000,-0.000000,-0.000000,0.000000,0.000000,-0.000000
165.620000,-0.000000,-0.000000,0.000000,0.000000,-0.000000
165.720000,-0.000000,-0.000000,0.000000,0.000000,-0.000000
165.820000,-0.000000,-0.000000,0.000000,0.000000,-0.000000
165.920000,-0.000000,-0.000000,0.000000,0.000000,0.000000
166.020000,-0.000000,-0.000000,0.000000,0.000000,0.000000
166.120000,-0.000000,-0.000000,0.000000,0.000000,0.000000
166.220000,-0.000000,-0.000000,0.000000,0.000000,0.000000
166.320000,-0.000000,-0.000000,0.000000,0.000000,0.000000
166.420000,-0.000000,-0.000000,0.000000,0.000000,0.000000
166.520000,-0.000000,-0.000000,0.000000,0.000000,0.000000
166.620000,-0.000000,-0.000000,0.000000,0.000000,0.000000
166.720000,-0.000000,-0.000000,0.000000,0.000000,0.000000
166.820000,-0.000000,-0.000000,0.000000,0.000000,0.000000
166.920000,-0.000000,-0.000000,0.000000,0.000000,0.000000
167.020000,-0.000000,-0.000000,0.000000,0.000000,0.000000
167.120000,-0.000000,-0.000000,0.000000,0.000000,0.000000
167.220000,-0.000000,-0.000000,0.000000,0.000000,0.000000
167.320000,-0.000000,-0.000000,0.000000,0.000000,0.000000
167.420000,-0.000000,-0.000000,0.000000,0.000000,0.000000
167.520000,-0.000000,-0.000000,0.000000,0.000000,0.000000
167.620000,-0.000000,-0.000000,0.000000,0.000000,0.000000
167.720000,-0.000000,-0.000000,0.000000,0.000000,0.000000
167.820000,-0.000000,-0.000000,0.000000,0.000000,-0.000000
167.920000,-0.000000,-0.000000,0.000000,0.000000,0.000000
168.020000,-0.000000,-0.000000,0.000000,0.000000,0.000000
168.120000,-0.000000,-0.000000,0.000000,0.000000,-0.000000
168.220000,-0.000000,-0.000000,0.000000,0.000000,0.000000
168.320000,-0.000000,-0.000000,0.000000,0.000000,0.000000
168.420000,-0.000000,-0.000000,0.000000,0.000000,0.000000
168.520000,-0.000000,-0.000000,0.000000,0.000000,0.000000
168.620000,-0.000000,-0.000000,0.000000,0.000000,0.000000
168.720000,-0.000000,-0.000000,0.000000,0.000000,0.000000
168.820000,-0.000000,-0.000000,0.000000,0.000000,-0.000000
168.920000,-0.000000,-0.000000,0.000000,0.000000,0.000000
169.020000,-0.000000,-0.000000,0.000000,0.000000,-0.000000
169.120000,-0.000000,-0.000000,0.000000,0.000000,-0.000000
169.220000,-0.000000,-0.000000,0.000000,0.000000,-0.000000
169.320000,-0.000000,-0.000000,0.000000,0.000000,-0.000000
169.420000,-0.000000,-0.000000,0.000000,0.000000,-0.000000
169.520000,-0.000000,-0.000000,0.000000,0.000000,0.000000
169.620000,-0.000000,-0.000000,0.000000,0.000000,-0.000000
169.720000,-0.000000,-0.000000,0.000000,0.000000,-0.000000
169.820000,-0.000000,-0.000000,0.000000,0.000000,0.000000
169.920000,-0.000000,-0.000000,0.000000,0.000000,-0.000000
170.020000,-0.000000,-0.000000,0.000000,0.000000,-0.000000
170.120000,-0.000000,-0.000000,0.000000,0.000000,-0.000000
170.220000,-0.000000,-0.000000,0.000000,0.000000,-0.000000
170.320000,-0.000000,-0.000000,0.000000,0.000000,-0.000000
170.420000,-0.000000,-0.000000,0.000000,0.000000,-0.000000
170.520000,-0.000000,-0.000000,0.000000,0.000000,-0.000000
170.620000,-0.000000,-0.000000,0.000000,0.000000,-0.000000
170.720000,-0.000000,-0.000000,0.000000,0.000000,-0.000000
170.820000,-0.000000,-0.000000,0.000000,0.000000,-0.000000
170.920000,-0.000000,-0.000000,0.000000,0.000000,-0.000000
171.020000,-0.000000,-0.000000,0.000000,0.000000,-0.000000
171.120000,-0.000000,-0.000000,0.000000,0.000000,-0.000000
171.220000,-0.000000,-0.000000,0.000000,0.000000,-0.000000
171.320000,-0.000000,-0.000000,0.000000,0.000000,-0.000000
171.420000,-0.000000,-0.000000,0.000000,0.000000,-0.000000
171.520000,-0.000000,-0.000000,0.000000,0.000000,-0.000000
171.620000,-0.000000,-0.000000,0.000000,0.000000,-0.000000
171.720000,-0.000000,-0.000000,0.000000,0.000000,0.000000
171.820000,-0.000000,-0.000000,0.000000,0.000000,-0.000000
171.920000,-0.000000,-0.000000,0.000000,0.000000,0.000000
172.020000,-0.000000,-0.000000,0.000000,0.000000,-0.000000
172.120000,-0.000000,-0.000000,0.000000,0.000000,0.000000
172.220000,-0.000000,-0.000000,0.000000,0.000000,0.000000
172.320000,-0.000000,-0.000000,0.000000,0.000000,0.000000
172.420000,-0.000000,-0.000000,0.000000,0.000000,-0.000000
172.520000,-0.000000,-0.000000,0.000000,0.000000,-0.000000
172.620000,-0.000000,-0.000000,0.000000,0.000000,-0.000000
172.720000,-0.000000,-0.000000,0.000000,0.000000,0.000000
172.820000,-0.000000,-0.000000,0.000000,0.000000,-0.000000
172.920000,-0.000000,-0.000000,0.000000,0.000000,-0.000000
173.020000,-0.000000,-0.000000,0.000000,0.000000,-0.000000
173.120000,-0.000000,-0.000000,0.000000,0.000000,-0.000000
173.220000,-0.000000,-0.000000,0.000000,0.000000,-0.000000
173.320000,-0.000000,-0.000000,0.000000,0.000000,-0.000000
173.420000,-0.000000,-0.000000,0.000000,0.000000,-0.000000
173.520000,-0.000000,-0.000000,0.000000,0.000000,-0.000000
173.620000,-0.000000,-0.000000,0.000000,0.000000,-0.000000
173.720000,-0.000000,-0.000000,0.000000,0.000000,-0.000000
173.820000,-0.000000,-0.000000,0.000000,0.000000,0.000000
173.920000,-0.000000,-0.000000,0.000000,0.000000,-0.000000
174.020000,-0.000000,-0.000000,0.000000,0.000000,-0.000000
174.120000,-0.000000,-0.000000,0.000000,0.000000,-0.000000
174.220000,-0.000000,-0.000000,0.000000,0.000000,-0.000000
174.320000,-0.000000,-0.000000,0.000000,0.000000,-0.000000
174.420000,-0.000000,-0.000000,0.000000,0.000000,-0.000000
174.520000,-0.000000,-0.000000,0.000000,0.000000,-0.000000
174.620000,-0.000000,-0.000000,0.000000,0.000000,-0.000000
174.720000,-0.000000,-0.000000,0.000000,0.000000,0.000000
174.820000,-0.000000,-0.000000,0.000000,0.000000,-0.000000
174.920000,-0.000000,-0.000000,0.000000,0.000000,-0.000000
175.020000,-0.000000,-0.000000,0.000000,0.000000,-0.000000
175.120000,-0.000000,-0.000000,0.000000,0.000000,-0.000000
175.220000,-0.000000,-0.000000,0.000000,0.000000,-0.000000
175.320000,-0.000000,-0.000000,0.000000,0.000000,-0.000000
175.420000,-0.000000,-0.000000,0.000000,0.000000,-0.000000
175.520000,-0.000000,-0.000000,0.000000,0.000000,-0.000000
175.620000,-0.000000,-0.000000,0.000000,0.000000,-0.000000
175.720000,-0.000000,-0.000000,0.000000,0.000000,-0.000000
175.820000,-0.000000,-0.000000,0.000000,0.000000,-0.000000
175.920000,-0.000000,-0.000000,0.000000,0.000000,0.000000
176.020000,-0.000000,-0.000000,0.000000,0.000000,-0.000000
176.120000,-0.000000,-0.000000,0.000000,0.000000,-0.000000
176.220000,-0.000000,-0.000000,0.000000,0.000000,-0.000000
176.320000,-0.000000,-0.000000,0.000000,0.000000,-0.000000
176.420000,-0.000000,-0.000000,0.000000,0.000000,-0.000000
176.520000,-0.000000,-0.000000,0.000000,0.000000,-0.000000
176.620000,-0.000000,-0.000000,0.000000,0.000000,0.000000
176.720000,-0.000000,-0.000000,0.000000,0.000000,-0.000000
176.820000,-0.000000,-0.000000,0.000000,0.000000,-0.000000
176.920000,-0.000000,-0.000000,0.000000,0.000000,-0.000000
177.020000,-0.000000,-0.000000,0.000000,0.000000,0.000000
177.120000,-0.000000,-0.000000,0.000000,0.000000,-0.000000
177.220000,-0.000000,-0.000000,0.000000,0.000000,0.000000
177.320000,-0.000000,-0.000000,0.000000,0.000000,0.000000
177.420000,-0.000000,-0.000000,0.000000,0.000000,0.000000
177.520000,-0.000000,-0.000000,0.000000,0.000000,0.000000
177.620000,-0.000000,-0.000000,0.000000,0.000000,0.000000
177.720000,-0.000000,-0.000000,0.000000,0.000000,0.000000
177.820000,-0.000000,-0.000000,0.000000,0.000000,0.000000
177.920000,-0.000000,-0.000000,0.000000,0.000000,-0.000000
178.020000,-0.000000,-0.000000,0.000000,0.000000,0.000000
178.120000,-0.000000,-0.000000,0.000000,0.000000,0.000000
178.220000,-0.000000,-0.000000,0.000000,0.000000,0.000000
178.320000,-0.000000,-0.000000,0.000000,0.000000,0.000000
178.420000,-0.000000,-0.000000,0.000000,0.000000,-0.000000
178.520000,-0.000000,-0.000000,0.000000,0.000000,-0.000000
178.620000,-0.000000,-0.000000,0.000000,0.000000,-0.000000
178.720000,-0.000000,-0.000000,0.000000,0.000000,0.000000
178.820000,-0.000000,-0.000000,0.000000,0.000000,-0.000000
178.920000,-0.000000,-0.000000,0.000000,0.000000,-0.000000
179.020000,-0.000000,-0.000000,0.000000,0.000000,-0.000000
179.120000,-0.000000,-0.000000,0.000000,0.000000,-0.000000
179.220000,-0.000000,-0.000000,0.000000,0.000000,-0.000000
179.320000,-0.000000,-0.000000,0.000000,0.000000,-0.000000
179.420000,-0.000000,-0.000000,0.000000,0.000000,-0.000000
179.520000,-0.000000,-0.000000,0.000000,0.000000,-0.000000
179.620000,-0.000000,-0.000000,0.000000,0.000000,-0.000000
179.720000,-0.000000,-0.000000,0.000000,0.000000,-0.000000
179.820000,-0.000000,-0.000000,0.000000,0.000000,0.000000
179.920000,-0.000000,-0.000000,0.000000,0.000000,-0.000000
180.020000,-0.000000,-0.000000,0.000000,0.000000,0.000000
180.120000,-0.000000,-0.000000,0.000000,0.000000,0.000000
180.220000,-0.000000,-0.000000,0.000000,0.000000,0.000000
180.320000,-0.000000,-0.000000,0.000000,0.000000,0.000000
180.420000,-0.000000,-0.000000,0.000000,0.000000,0.000000
180.520000,-0.000000,-0.000000,0.000000,0.000000,0.000000
180.620000,-0.000000,-0.000000,0.000000,0.000000,0.000000
180.720000,-0.000000,-0.000000,0.000000,0.000000,0.000000
180.820000,-0.000000,-0.000000,0.000000,0.000000,0.000000
180.920000,-0.000000,-0.000000,0.000000,0.000000,0.000000
181.020000,-0.000000,-0.000000,0.000000,0.000000,0.000000
181.120000,-0.000000,-0.000000,0.000000,-0.000000,0.000000
181.220000,-0.000000,-0.000000,0.000000,0.000000,0.000000
181.320000,-0.000000,-0.000000,0.000000,0.000000,0.000000
181.420000,-0.000000,-0.000000,0.000000,0.000000,0.000000
181.520000,-0.000000,-0.000000,0.000000,0.000000,0.000000
181.620000,-0.000000,-0.000000,0.000000,0.000000,0.000000
181.720000,-0.000000,-0.000000,0.000000,0.000000,0.000000
181.820000,-0.000000,-0.000000,0.000000,-0.000000,0.000000
181.920000,-0.000000,-0.000000,0.000000,0.000000,0.000000
182.020000,-0.000000,-0.000000,0.000000,0.000000,0.000000
182.120000,-0.000000,-0.000000,0.000000,0.000000,0.000000
182.220000,-0.000000,-0.000000,0.000000,0.000000,0.000000
182.320000,-0.000000,-0.000000,0.000000,0.000000,0.000000
182.420000,-0.000000,-0.000000,0.000000,0.000000,0.000000
182.520000,-0.000000,-0.000000,0.000000,0.000000,0.000000
182.620000,-0.000000,-0.000000,0.000000,0.000000,0.000000
182.720000,-0.000000,-0.000000,0.000000,-0.000000,0.000000
182.820000,-0.000000,-0.000000,0.000000,0.000000,0.000000
182.920000,-0.000000,-0.000000,0.000000,-0.000000,0.000000
183.020000,-0.000000,-0.000000,0.000000,0.000000,-0.000000
183.120000,-0.000000,-0.000000,0.000000,0.000000,-0.000000
183.220000,-0.000000,-0.000000,0.000000,0.000000,-0.000000
183.320000,-0.000000,-0.000000,0.000000,0.000000,-0.000000
183.420000,-0.000000,-0.000000,0.000000,0.000000,-0.000000
183.520000,-0.000000,-0.000000,0.000000,0.000000,-0.000000
183.620000,-0.000000,-0.000000,0.000000,0.000000,-0.000000
183.720000,-0.000000,-0.000000,0.000000,0.000000,-0.000000
183.820000,-0.000000,-0.000000,0.000000,0.000000,0.000000
183.920000,-0.000000,-0.000000,0.000000,0.000000,0.000000
184.020000,-0.000000,-0.000000,0.000000,0.000000,-0.000000
184.120000,-0.000000,-0.000000,0.000000,0.000000,-0.000000
184.220000,-0.000000,-0.000000,0.000000,0.000000,-0.000000
184.320000,-0.000000,-0.000000,0.000000,-0.000000,-0.000000
184.420000,-0.000000,-0.000000,0.000000,0.000000,-0.000000
184.520000,-0.000000,-0.000000,0.000000,-0.000000,-0.000000
184.620000,-0.000000,-0.000000,0.000000,0.000000,-0.000000
184.720000,-0.000000,-0.000000,0.000000,0.000000,-0.000000
184.820000,-0.000000,-0.000000,0.000000,0.000000,0.000000
184.920000,-0.000000,-0.000000,0.000000,0.000000,-0.000000
185.020000,-0.000000,-0.000000,0.000000,0.000000,-0.000000
185.120000,-0.000000,-0.000000,0.000000,0.000000,-0.000000
185.220000,-0.000000,-0.000000,0.000000,0.000000,-0.000000
185.320000,-0.000000,-0.000000,0.000000,0.000000,0.000000
185.420000,-0.000000,-0.000000,0.000000,0.000000,-0.000000
185.520000,-0.000000,-0.000000,0.000000,0.000000,0.000000
185.620000,-0.000000,-0.000000,0.000000,0.000000,0.000000
185.720000,-0.000000,-0.000000,0.000000,0.000000,-0.000000
185.820000,-0.000000,-0.000000,0.000000,0.000000,0.000000
185.920000,-0.000000,-0.000000,0.000000,0.000000,0.000000
186.020000,-0.000000,-0.000000,0.000000,0.000000,0.000000
186.120000,-0.000000,-0.000000,0.000000,0.000000,-0.000000
186.220000,-0.000000,-0.000000,0.000000,0.000000,-0.000000
186.320000,-0.000000,-0.000000,0.000000,0.000000,0.000000
186.420000,-0.000000,-0.000000,0.000000,0.000000,0.000000
186.520000,-0.000000,-0.000000,0.000000,0.000000,0.000000
186.620000,-0.000000,-0.000000,0.000000,0.000000,-0.000000
186.720000,-0.000000,-0.000000,0.000000,0.000000,-0.000000
186.820000,-0.000000,-0.000000,0.000000,0.000000,-0.000000
186.920000,-0.000000,-0.000000,0.000000,0.000000,0.000000
187.020000,-0.000000,-0.000000,0.000000,0.000000,0.000000
187.120000,-0.000000,-0.000000,0.000000,0.000000,-0.000000
187.220000,-0.000000,-0.000000,0.000000,0.000000,-0.000000
187.320000,-0.000000,-0.000000,0.000000,0.000000,0.000000
187.420000,-0.000000,-0.000000,0.000000,0.000000,-0.000000
187.520000,-0.000000,-0.000000,0.000000,0.000000,0.000000
187.620000,-0.000000,-0.000000,0.000000,0.000000,-0.000000
187.720000,-0.000000,-0.000000,0.000000,0.000000,-0.000000
187.820000,-0.000000,-0.000000,0.000000,0.000000,0.000000
187.920000,-0.000000,-0.000000,0.000000,0.000000,-0.000000
188.020000,-0.000000,-0.000000,0.000000,0.000000,-0.000000
188.120000,-0.000000,-0.000000,0.000000,0.000000,-0.000000
188.220000,-0.000000,-0.000000,0.000000,0.000000,-0.000000
188.320000,-0.000000,-0.000000,0.000000,0.000000,-0.000000
188.420000,-0.000000,-0.000000,0.000000,0.000000,-0.000000
188.520000,-0.000000,-0.000000,0.000000,0.000000,-0.000000
188.620000,-0.000000,-0.000000,0.000000,0.000000,-0.000000
188.720000,-0.000000,-0.000000,0.000000,0.000000,-0.000000
188.820000,-0.000000,-0.000000,0.000000,0.000000,-0.000000
188.920000,-0.000000,-0.000000,0.000000,0.000000,-0.000000
189.020000,-0.000000,-0.000000,0.000000,0.000000,-0.000000
189.120000,-0.000000,-0.000000,0.000000,0.000000,-0.000000
189.220000,-0.000000,-0.000000,0.000000,0.000000,-0.000000
189.320000,-0.000000,-0.000000,0.000000,0.000000,-0.000000
189.420000,-0.000000,-0.000000,0.000000,0.000000,-0.000000
189.520000,-0.000000,-0.000000,0.000000,0.000000,-0.000000
189.620000,-0.000000,-0.000000,0.000000,0.000000,-0.000000
189.720000,-0.000000,-0.000000,0.000000,0.000000,-0.000000
189.820000,-0.000000,-0.000000,0.000000,0.000000,-0.000000
189.920000,-0.000000,-0.000000,0.000000,0.000000,-0.000000
190.020000,-0.000000,-0.000000,0.000000,0.000000,-0.000000
190.120000,-0.000000,-0.000000,0.000000,0.000000,-0.000000
190.220000,-0.000000,-0.000000,0.000000,0.000000,-0.000000
190.320000,-0.000000,-0.000000,0.000000,0.000000,-0.000000
190.420000,-0.000000,-0.000000,0.000000,0.000000,-0.000000
190.520000,-0.000000,-0.000000,0.000000,0.000000,-0.000000
190.620000,-0.000000,-0.000000,0.000000,0.000000,-0.000000
190.720000,-0.000000,-0.000000,0.000000,0.000000,-0.000000
190.820000,-0.000000,-0.000000,0.000000,0.000000,-0.000000
190.920000,-0.000000,-0.000000,0.000000,0.000000,-0.000000
191.020000,-0.000000,-0.000000,0.000000,0.000000,-0.000000
191.120000,-0.000000,-0.000000,0.000000,0.000000,-0.000000
191.220000,-0.000000,-0.000000,0.000000,0.000000,-0.000000
191.320000,-0.000000,-0.000000,0.000000,0.000000,0.000000
191.420000,-0.000000,-0.000000,0.000000,0.000000,0.000000
191.520000,-0.000000,-0.000000,0.000000,0.000000,0.000000
191.620000,-0.000000,-0.000000,0.000000,-0.000000,-0.000000
191.720000,-0.000000,-0.000000,0.000000,-0.000000,-0.000000
191.820000,-0.000000,-0.000000,0.000000,0.000000,-0.000000
191.920000,-0.000000,-0.000000,0.000000,0.000000,-0.000000
192.020000,-0.000000,-0.000000,0.000000,-0.000000,-0.000000
192.120000,-0.000000,-0.000000,0.000000,0.000000,-0.000000
192.220000,-0.000000,-0.000000,0.000000,-0.000000,-0.000000
192.320000,-0.000000,-0.000000,0.000000,-0.000000,-0.000000
192.420000,-0.000000,-0.000000,0.000000,0.000000,-0.000000
192.520000,-0.000000,-0.000000,0.000000,0.000000,-0.000000
192.620000,-0.000000,-0.000000,0.000000,-0.000000,-0.000000
192.720000,-0.000000,-0.000000,0.000000,0.000000,-0.000000
192.820000,-0.000000,-0.000000,0.000000,-0.000000,-0.000000
192.920000,-0.000000,-0.000000,0.000000,0.000000,-0.000000
193.020000,-0.000000,-0.000000,0.000000,0.000000,-0.000000
193.120000,-0.000000,-0.000000,0.000000,0.000000,-0.000000
193.220000,-0.000000,-0.000000,0.000000,0.000000,-0.000000
193.320000,-0.000000,-0.000000,0.000000,0.000000,-0.000000
193.420000,-0.000000,-0.000000,0.000000,-0.000000,-0.000000
193.520000,-0.000000,-0.000000,0.000000,0.000000,-0.000000
193.620000,-0.000000,-0.000000,0.000000,0.000000,-0.000000
193.720000,-0.000000,-0.000000,0.000000,0.000000,-0.000000
193.820000,-0.000000,-0.000000,0.000000,-0.000000,-0.000000
193.920000,-0.000000,-0.000000,0.000000,0.000000,-0.000000
194.020000,-0.000000,-0.000000,0.000000,0.000000,-0.000000
194.120000,-0.000000,-0.000000,0.000000,0.000000,-0.000000
194.220000,-0.000000,-0.000000,0.000000,0.000000,-0.000000
194.320000,-0.000000,-0.000000,0.000000,0.000000,-0.000000
194.420000,-0.000000,-0.000000,0.000000,-0.000000,0.000000
194.520000,-0.000000,-0.000000,0.000000,0.000000,-0.000000
194.620000,-0.000000,-0.000000,0.000000,0.000000,-0.000000
194.720000,-0.000000,-0.000000,0.000000,0.000000,-0.000000
194.820000,-0.000000,-0.000000,0.000000,0.000000,-0.000000
194.920000,-0.000000,-0.000000,0.000000,0.000000,-0.000000
195.020000,-0.000000,-0.000000,0.000000,0.000000,-0.000000
195.120000,-0.000000,-0.000000,0.000000,0.000000,-0.000000
195.220000,-0.000000,-0.000000,0.000000,0.000000,-0.000000
195.320000,-0.000000,-0.000000,0.000000,0.000000,-0.000000
195.420000,-0.000000,-0.000000,0.000000,-0.000000,-0.000000
195.520000,-0.000000,-0.000000,0.000000,0.000000,-0.000000
195.620000,-0.000000,-0.000000,0.000000,0.000000,-0.000000
195.720000,-0.000000,-0.000000,0.000000,0.000000,-0.000000
195.820000,-0.000000,-0.000000,0.000000,0.000000,-0.000000
195.920000,-0.000000,-0.000000,0.000000,0.000000,-0.000000
196.020000,-0.000000,-0.000000,0.000000,0.000000,-0.000000
196.120000,-0.000000,-0.000000,0.000000,0.000000,-0.000000
196.220000,-0.000000,-0.000000,0.000000,0.000000,-0.000000
196.320000,-0.000000,-0.000000,0.000000,0.000000,-0.000000
196.420000,-0.000000,-0.000000,0.000000,0.000000,-0.000000
196.520000,-0.000000,-0.000000,0.000000,-0.000000,-0.000000
196.620000,-0.000000,-0.000000,0.000000,0.000000,-0.000000
196.720000,-0.000000,-0.000000,0.000000,0.000000,0.000000
196.820000,-0.000000,-0.000000,0.000000,0.000000,0.000000
196.920000,-0.000000,-0.000000,0.000000,0.000000,-0.000000
197.020000,-0.000000,-0.000000,0.000000,0.000000,0.000000
197.120000,-0.000000,-0.000000,0.000000,0.000000,-0.000000
197.220000,-0.000000,-0.000000,0.000000,0.000000,-0.000000
197.320000,-0.000000,-0.000000,0.000000,0.000000,0.000000
197.420000,-0.000000,-0.000000,0.000000,0.000000,0.000000
197.520000,-0.000000,-0.000000,0.000000,0.000000,-0.000000
197.620000,-0.000000,-0.000000,0.000000,0.000000,-0.000000
197.720000,-0.000000,-0.000000,0.000000,0.000000,-0.000000
197.820000,-0.000000,-0.000000,0.000000,0.000000,-0.000000
197.920000,-0.000000,-0.000000,0.000000,0.000000,-0.000000
198.020000,-0.000000,-0.000000,0.000000,0.000000,0.000000
198.120000,-0.000000,-0.000000,0.000000,0.000000,-0.000000
198.220000,-0.000000,-0.000000,0.000000,0.000000,0.000000
198.320000,-0.000000,-0.000000,0.000000,0.000000,-0.000000
198.420000,-0.000000,-0.000000,0.000000,0.000000,0.000000
198.520000,-0.000000,-0.000000,0.000000,0.000000,0.000000
198.620000,-0.000000,-0.000000,0.000000,0.000000,-0.000000
198.720000,-0.000000,-0.000000,0.000000,0.000000,-0.000000
198.820000,-0.000000,-0.000000,0.000000,0.000000,0.000000
198.920000,-0.000000,-0.000000,0.000000,0.000000,0.000000
199.020000,-0.000000,-0.000000,0.000000,0.000000,0.000000
199.120000,-0.000000,-0.000000,0.000000,0.000000,0.000000
199.220000,-0.000000,-0.000000,0.000000,0.000000,0.000000
199.320000,-0.000000,-0.000000,0.000000,0.000000,-0.000000
199.420000,-0.000000,-0.000000,0.000000,0.000000,-0.000000
199.520000,-0.000000,-0.000000,0.000000,0.000000,0.000000
199.620000,-0.000000,-0.000000,0.000000,0.000000,0.000000
199.720000,-0.000000,-0.000000,0.000000,0.000000,-0.000000
199.820000,-0.000000,-0.000000,0.000000,0.000000,0.000000
199.920000,-0.000000,-0.000000,0.000000,0.000000,-0.000000
200.020000,-0.000000,-0.000000,0.000000,0.000000,0.000000
200.120000,-0.000000,-0.000000,0.000000,0.000000,-0.000000
200.220000,-0.000000,-0.000000,0.000000,0.000000,-0.000000
200.320000,-0.000000,-0.000000,0.000000,-0.000000,-0.000000
200.420000,-0.000000,-0.000000,0.000000,0.000000,-0.000000
200.520000,-0.000000,-0.000000,0.000000,0.000000,0.000000
200.620000,-0.000000,-0.000000,0.000000,0.000000,-0.000000
200.720000,-0.000000,-0.000000,0.000000,-0.000000,-0.000000
200.820000,-0.000000,-0.000000,0.000000,-0.000000,-0.000000
200.920000,-0.000000,-0.000000,0.000000,-0.000000,0.000000
201.020000,-0.000000,-0.000000,0.000000,-0.000000,0.000000
201.120000,-0.000000,-0.000000,0.000000,-0.000000,0.000000
201.220000,-0.000000,-0.000000,0.000000,-0.000000,0.000000
201.320000,-0.000000,-0.000000,0.000000,-0.000000,0.000000
201.420000,-0.000000,-0.000000,0.000000,-0.000000,0.000000
201.520000,-0.000000,-0.000000,0.000000,-0.000000,0.000000
201.620000,-0.000000,-0.000000,0.000000,-0.000000,0.000000
201.720000,-0.000000,-0.000000,0.000000,-0.000000,0.000000
201.820000,-0.000000,-0.000000,0.000000,0.000000,-0.000000
201.920000,-0.000000,-0.000000,0.000000,-0.000000,-0.000000
202.020000,-0.000000,-0.000000,0.000000,-0.000000,-0.000000
202.120000,-0.000000,-0.000000,0.000000,-0.000000,-0.000000
202.220000,-0.000000,-0.000000,0.000000,0.000000,-0.000000
202.320000,-0.000000,-0.000000,0.000000,-0.000000,-0.000000
202.420000,-0.000000,-0.000000,0.000000,-0.000000,-0.000000
202.520000,-0.000000,-0.000000,0.000000,-0.000000,-0.000000
202.620000,-0.000000,-0.000000,0.000000,0.000000,-0.000000
202.720000,-0.000000,-0.000000,0.000000,-0.000000,-0.000000
202.820000,-0.000000,-0.000000,0.000000,-0.000000,-0.000000
202.920000,-0.000000,-0.000000,0.000000,-0.000000,0.000000
203.020000,-0.000000,-0.000000,0.000000,-0.000000,-0.000000
203.120000,-0.000000,-0.000000,0.000000,0.000000,-0.000000
203.220000,-0.000000,-0.000000,0.000000,-0.000000,-0.000000
203.320000,-0.000000,-0.000000,0.000000,-0.000000,-0.000000
203.420000,-0.000000,-0.000000,0.000000,-0.000000,-0.000000
203.520000,-0.000000,-0.000000,0.000000,-0.000000,-0.000000
203.620000,-0.000000,-0.000000,0.000000,0.000000,0.000000
203.720000,-0.000000,-0.000000,0.000000,0.000000,0.000000
203.820000,-0.000000,-0.000000,0.000000,-0.000000,0.000000
203.920000,-0.000000,-0.000000,0.000000,0.000000,0.000000
204.020000,-0.000000,-0.000000,0.000000,-0.000000,0.000000
204.120000,-0.000000,-0.000000,0.000000,-0.000000,0.000000
204.220000,-0.000000,-0.000000,0.000000,-0.000000,0.000000
204.320000,-0.000000,-0.000000,0.000000,0.000000,0.000000
204.420000,-0.000000,-0.000000,0.000000,0.000000,0.000000
204.520000,-0.000000,-0.000000,0.000000,0.000000,0.000000
204.620000,-0.000000,-0.000000,0.000000,0.000000,0.000000
204.720000,-0.000000,-0.000000,0.000000,0.000000,0.000000
204.820000,-0.000000,-0.000000,0.000000,0.000000,-0.000000
204.920000,-0.000000,-0.000000,0.000000,0.000000,-0.000000
205.020000,-0.000000,-0.000000,0.000000,0.000000,-0.000000
205.120000,-0.000000,-0.000000,0.000000,0.000000,-0.000000
205.220000,-0.000000,-0.000000,0.000000,0.000000,0.000000
205.320000,-0.000000,-0.000000,0.000000,0.000000,0.000000
205.420000,-0.000000,-0.000000,0.000000,0.000000,0.000000
205.520000,-0.000000,-0.000000,0.000000,0.000000,0.000000
205.620000,-0.000000,-0.000000,0.000000,0.000000,0.000000
205.720000,-0.000000,-0.000000,0.000000,0.000000,0.000000
205.820000,-0.000000,-0.000000,0.000000,0.000000,0.000000
205.920000,-0.000000,-0.000000,0.000000,0.000000,0.000000
206.020000,-0.000000,-0.000000,0.000000,0.000000,0.000000
206.120000,-0.000000,-0.000000,0.000000,-0.000000,0.000000
206.220000,-0.000000,-0.000000,0.000000,-0.000000,0.000000
206.320000,-0.000000,-0.000000,0.000000,0.000000,0.000000
206.420000,-0.000000,-0.000000,0.000000,-0.000000,0.000000
206.520000,-0.000000,-0.000000,0.000000,0.000000,0.000000
206.620000,-0.000000,-0.000000,0.000000,0.000000,0.000000
206.720000,-0.000000,-0.000000,0.000000,0.000000,0.000000
206.820000,-0.000000,-0.000000,0.000000,-0.000000,0.000000
206.920000,-0.000000,-0.000000,0.000000,0.000000,0.000000
207.020000,-0.000000,-0.000000,0.000000,-0.000000,0.000000
207.120000,-0.000000,-0.000000,0.000000,-0.000000,0.000000
207.220000,-0.000000,-0.000000,0.000000,0.000000,0.000000
207.320000,-0.000000,-0.000000,0.000000,0.000000,0.000000
207.420000,-0.000000,-0.000000,0.000000,0.000000,0.000000
207.520000,-0.000000,-0.000000,0.000000,-0.000000,0.000000
207.620000,-0.000000,-0.000000,0.000000,-0.000000,0.000000
207.720000,-0.000000,-0.000000,0.000000,0.000000,0.000000
207.820000,-0.000000,-0.000000,0.000000,0.000000,0.000000
207.920000,-0.000000,-0.000000,0.000000,0.000000,0.000000
208.020000,-0.000000,-0.000000,0.000000,-0.000000,0.000000
208.120000,-0.000000,-0.000000,0.000000,0.000000,0.000000
208.220000,-0.000000,-0.000000,0.000000,0.000000,0.000000
208.320000,-0.000000,-0.000000,0.000000,0.000000,0.000000
208.420000,-0.000000,-0.000000,0.000000,0.000000,0.000000
208.520000,-0.000000,-0.000000,0.000000,0.000000,0.000000
208.620000,-0.000000,-0.000000,0.000000,0.000000,0.000000
208.720000,0.005000,0.000000,0.000000,0.500000,-0.000000
208.820000,0.055000,0.000000,0.000000,0.500000,0.000000
208.920000,0.105000,0.000000,0.000000,0.500000,0.000000
209.020000,0.155000,0.000000,0.000000,0.500000,0.000000
209.120000,0.205000,0.000000,0.000000,0.500000,0.000000
209.220000,0.255000,0.000000,0.000000,0.500000,0.000000
209.320000,0.305000,0.000000,0.000000,0.500000,0.000000
209.420000,0.355000,0.000000,0.000000,0.500000,0.000000
209.520000,0.405000,0.000000,0.000000,0.500000,-0.000000
209.620000,0.455000,0.000000,0.000000,0.500000,0.000000
209.720000,0.505000,0.000000,0.000000,0.500000,0.000000
209.820000,0.555000,0.000000,0.000000,0.500000,-0.000000
209.920000,0.605000,0.000000,0.000000,0.500000,-0.000000
210.020000,0.655000,0.000000,0.000000,0.500000,0.000000
210.120000,0.705000,0.000000,0.000000,0.500000,-0.000000
210.220000,0.755000,0.000000,0.000000,0.500000,0.000000
210.320000,0.805000,0.000000,0.000000,0.500000,-0.000000
210.420000,0.855000,0.000000,0.000000,0.500000,0.000000
210.520000,0.905000,0.000000,0.000000,0.500000,-0.000000
210.620000,0.955000,0.000000,0.000000,0.500000,-0.000000
210.720000,1.005000,0.000000,0.000000,0.500000,-0.000000
210.820000,1.055000,0.000000,0.000000,0.500000,0.000000
210.920000,1.105000,0.000000,0.000000,0.500000,-0.000000
211.020000,1.155000,0.000000,0.000000,0.500000,-0.000000
211.120000,1.205000,0.000000,0.000000,0.500000,0.000000
211.220000,1.255000,0.000000,0.000000,0.500000,0.000000
211.320000,1.305000,0.000000,0.000000,0.500000,0.000000
211.420000,1.355000,0.000000,0.000000,0.500000,-0.000000
211.520000,1.405000,0.000000,0.000000,0.500000,0.000000
211.620000,1.455000,0.000000,0.000000,0.500000,-0.000000
211.720000,1.505000,0.000000,0.000000,0.500000,0.000000
211.820000,1.555000,0.000000,0.000000,0.500000,0.000000
211.920000,1.605000,0.000000,0.000000,0.500000,0.000000
212.020000,1.655000,0.000000,0.000000,0.500000,0.000000
212.120000,1.705000,0.000000,0.000000,0.500000,-0.000000
212.220000,1.755000,0.000000,0.000000,0.500000,-0.000000
212.320000,1.805000,0.000000,0.000000,0.500000,0.000000
212.420000,1.855000,0.000000,0.000000,0.500000,0.000000
212.520000,1.905000,0.000000,0.000000,0.500000,0.000000
212.620000,1.955000,0.000000,0.000000,0.500000,-0.000000
212.720000,2.005000,0.000000,0.000000,0.500000,-0.000000
212.820000,2.017000,0.000000,0.076000,0.000000,1.000000
212.920000,2.017000,0.000000,0.176000,0.000000,1.000000
213.020000,2.017000,0.000000,0.276000,0.000000,1.000000
213.120000,2.017000,0.000000,0.376000,0.000000,1.000000
213.220000,2.017000,0.000000,0.476000,0.000000,1.000000
213.320000,2.017000,0.000000,0.576000,0.000000,1.000000
213.420000,2.017000,0.000000,0.676000,0.000000,1.000000
213.520000,2.017000,0.000000,0.776000,0.000000,1.000000
213.620000,2.017000,0.000000,0.876000,0.000000,1.000000
213.720000,2.017000,0.000000,0.976000,0.000000,1.000000
213.820000,2.017000,0.000000,1.076000,0.000000,1.000000
213.920000,2.017000,0.000000,1.176000,0.000000,1.000000
214.020000,2.017000,0.000000,1.276000,0.000000,1.000000
214.120000,2.017000,0.000000,1.376000,0.000000,1.000000
214.220000,2.017000,0.000000,1.476000,0.000000,1.000000
214.320000,2.017000,0.000000,1.576000,0.000000,1.000000
214.420000,2.017000,0.000000,1.676000,0.000000,1.000000
214.520000,2.017000,0.000000,1.776000,0.000000,1.000000
214.620000,2.017000,0.000000,1.876000,0.000000,1.000000
214.720000,2.017000,0.000000,1.976000,0.000000,1.000000
214.820000,2.017000,0.000000,2.076000,0.000000,1.000000
214.920000,2.017000,0.000000,2.176000,0.000000,1.000000
215.020000,2.017000,0.000000,2.276000,0.000000,1.000000
215.120000,2.017000,0.000000,2.376000,0.000000,1.000000
215.220000,2.017000,0.000000,2.476000,0.000000,1.000000
215.320000,2.017000,0.000000,2.576000,0.000000,1.000000
215.420000,2.017000,0.000000,2.676000,0.000000,1.000000
215.520000,2.017000,0.000000,2.776000,0.000000,1.000000
215.620000,2.017000,0.000000,2.876000,0.000000,1.000000
215.720000,2.017000,0.000000,2.976000,0.000000,1.000000
215.820000,2.017000,0.000000,3.076000,0.000000,1.000000
215.920000,2.017000,0.000000,-3.107185,0.000000,1.000000
216.020000,2.017000,0.000000,-3.007185,0.000000,1.000000
216.120000,2.017000,0.000000,-2.907185,0.000000,1.000000
216.220000,2.017000,0.000000,-2.807185,0.000000,1.000000
216.320000,2.017000,0.000000,-2.707185,0.000000,1.000000
216.420000,2.017000,0.000000,-2.607185,0.000000,1.000000
216.520000,2.017000,0.000000,-2.507185,0.000000,1.000000
216.620000,2.017000,0.000000,-2.407185,0.000000,1.000000
216.720000,2.017000,0.000000,-2.307185,0.000000,1.000000
216.820000,2.017000,0.000000,-2.207185,0.000000,1.000000
216.920000,2.017000,0.000000,-2.107185,0.000000,1.000000
217.020000,2.017000,0.000000,-2.007185,0.000000,1.000000
217.120000,2.017000,0.000000,-1.907185,0.000000,1.000000
217.220000,2.017000,0.000000,-1.807185,0.000000,1.000000
217.320000,2.017000,0.000000,-1.707185,0.000000,1.000000
217.420000,2.017000,0.000000,-1.607185,0.000000,1.000000
217.520000,2.017000,0.000000,-1.507185,0.000000,1.000000
217.620000,2.017000,0.000000,-1.407185,0.000000,1.000000
217.720000,2.017000,0.000000,-1.307185,0.000000,1.000000
217.820000,2.017000,0.000000,-1.207185,0.000000,1.000000
217.920000,2.017000,0.000000,-1.107185,0.000000,1.000000
218.020000,2.017000,0.000000,-1.007185,0.000000,1.000000
218.120000,2.017000,0.000000,-0.907185,0.000000,1.000000
218.220000,2.017000,0.000000,-0.807185,0.000000,1.000000
218.320000,2.017000,0.000000,-0.707185,0.000000,1.000000
218.420000,2.017000,0.000000,-0.607185,0.000000,1.000000
218.520000,2.017000,0.000000,-0.507185,0.000000,1.000000
218.620000,2.017000,0.000000,-0.407185,0.000000,1.000000
218.720000,2.017000,0.000000,-0.307185,0.000000,1.000000
218.820000,2.017000,0.000000,-0.207185,0.000000,1.000000
218.920000,2.017000,0.000000,-0.107185,0.000000,1.000000
219.020000,2.017000,0.000000,-0.007185,0.000000,1.000000
219.120000,2.017000,0.000000,0.092815,0.000000,1.000000
219.220000,2.017000,0.000000,0.192815,0.000000,1.000000
219.320000,2.017000,0.000000,0.292815,0.000000,1.000000
219.420000,2.017000,0.000000,0.392815,0.000000,1.000000
219.520000,2.017000,0.000000,0.492815,0.000000,1.000000
219.620000,2.017000,0.000000,0.592815,0.000000,1.000000
219.720000,2.017000,0.000000,0.692815,0.000000,1.000000
219.820000,2.017000,0.000000,0.792815,0.000000,1.000000
219.920000,2.017000,0.000000,0.892815,0.000000,1.000000
220.020000,2.017000,0.000000,0.992815,0.000000,1.000000
220.120000,2.017000,0.000000,1.092815,0.000000,1.000000
220.220000,2.036144,0.042358,1.192815,0.500000,1.000000
220.320000,2.052244,0.089673,1.292815,0.500000,1.000000
220.420000,2.063540,0.138359,1.392815,0.500000,1.000000
220.520000,2.069919,0.187929,1.492815,0.500000,1.000000
220.620000,2.071317,0.237889,1.592815,0.500000,1.000000
220.720000,2.067721,0.287739,1.692815,0.500000,1.000000
220.820000,2.059638,0.337071,1.730815,0.500000,-1.000000
220.920000,2.054150,0.386748,1.630815,0.500000,-1.000000
221.020000,2.053649,0.436725,1.530815,0.500000,-1.000000
221.120000,2.058140,0.486502,1.430815,0.500000,-1.000000
221.220000,2.067579,0.535582,1.330815,0.500000,-1.000000
221.320000,2.081869,0.583474,1.230815,0.500000,-1.000000
221.420000,2.100870,0.629701,1.130815,0.500000,-1.000000
221.520000,2.124391,0.673800,1.030815,0.500000,-1.000000
221.620000,2.152196,0.715330,0.930815,0.500000,-1.000000
221.720000,2.184009,0.753877,0.830815,0.500000,-1.000000
221.820000,2.219512,0.789055,0.730815,0.500000,-1.000000
221.920000,2.258348,0.820513,0.630815,0.500000,-1.000000
222.020000,2.300132,0.847937,0.530815,0.500000,-1.000000
222.120000,2.342077,0.875113,0.624815,0.500000,1.000000
222.220000,2.381101,0.906338,0.724815,0.500000,1.000000
222.320000,2.416814,0.941303,0.824815,0.500000,1.000000
222.420000,2.448858,0.979658,0.924815,0.500000,1.000000
222.520000,2.476912,1.021021,1.024815,0.500000,1.000000
222.620000,2.500697,1.064977,1.124815,0.500000,1.000000
222.720000,2.519998,1.111080,1.214815,0.500000,0.000000
222.820000,2.537424,1.157946,1.214815,0.500000,0.000000
222.920000,2.554849,1.204811,1.214815,0.500000,0.000000
223.020000,2.572275,1.251676,1.214815,0.500000,0.000000
223.120000,2.589700,1.298541,1.214815,0.500000,0.000000
223.220000,2.607126,1.345407,1.214815,0.500000,0.000000
223.320000,2.624551,1.392272,1.214815,0.500000,0.000000
223.420000,2.641977,1.439137,1.214815,0.500000,-0.000000
223.520000,2.659402,1.486002,1.214815,0.500000,0.000000
223.620000,2.676828,1.532868,1.214815,0.500000,0.000000
223.720000,2.694253,1.579733,1.214815,0.500000,0.000000
223.820000,2.711679,1.626598,1.214815,0.500000,0.000000
223.920000,2.729104,1.673463,1.214815,0.500000,0.000000
224.020000,2.746530,1.720329,1.214815,0.500000,0.000000
224.120000,2.763956,1.767194,1.214815,0.500000,0.000000
224.220000,2.781381,1.814059,1.214815,0.500000,0.000000
224.320000,2.798807,1.860924,1.214815,0.500000,0.000000
224.420000,2.816232,1.907790,1.214815,0.500000,0.000000
224.520000,2.833658,1.954655,1.214815,0.500000,0.000000
224.620000,2.851083,2.001520,1.214815,0.500000,0.000000
224.720000,2.868509,2.048385,1.214815,0.500000,0.000000
224.820000,2.885934,2.095251,1.214815,0.500000,0.000000
224.920000,2.903360,2.142116,1.214815,0.500000,0.000000
225.020000,2.920785,2.188981,1.214815,0.500000,0.000000
225.120000,2.937645,2.236046,1.263815,0.500000,1.000000
225.220000,2.950348,2.284384,1.363815,0.500000,1.000000
225.320000,2.958225,2.333741,1.447815,0.500000,0.000000
225.420000,2.964359,2.383364,1.447815,0.500000,0.000000
225.520000,2.970492,2.432986,1.447815,0.500000,0.000000
225.620000,2.976626,2.482608,1.447815,0.500000,0.000000
225.720000,2.982759,2.532231,1.447815,0.500000,0.000000
225.820000,2.988893,2.581853,1.447815,0.500000,0.000000
225.920000,2.995026,2.631475,1.447815,0.500000,0.000000
226.020000,3.001160,2.681098,1.447815,0.500000,0.000000
226.120000,3.007294,2.730720,1.447815,0.500000,0.000000
226.220000,3.013714,2.780304,1.413815,0.500000,-1.000000
226.320000,3.023985,2.829216,1.313815,0.500000,-1.000000
226.420000,3.038261,2.877131,1.272815,0.500000,0.000000
226.520000,3.052940,2.924927,1.272815,0.500000,0.000000
226.620000,3.067620,2.972724,1.272815,0.500000,0.000000
226.720000,3.082300,3.020520,1.272815,0.500000,0.000000
226.820000,3.096979,3.068317,1.272815,0.500000,0.000000
226.920000,3.111659,3.116113,1.272815,0.500000,0.000000
227.020000,3.126338,3.163910,1.272815,0.500000,0.000000
227.120000,3.141018,3.211706,1.272815,0.500000,0.000000
227.220000,3.155697,3.259503,1.272815,0.500000,0.000000
227.320000,3.170377,3.307300,1.272815,0.500000,-0.000000
227.420000,3.185057,3.355096,1.272815,0.500000,0.000000
227.520000,3.199736,3.402893,1.272815,0.500000,0.000000
227.620000,3.214416,3.450689,1.272815,0.500000,0.000000
227.720000,3.229095,3.498486,1.272815,0.500000,0.000000
227.820000,3.243775,3.546282,1.272815,0.500000,0.000000
227.920000,3.258454,3.594079,1.272815,0.500000,0.000000
228.020000,3.273134,3.641875,1.272815,0.500000,0.000000
228.120000,3.287814,3.689672,1.272815,0.500000,0.000000
228.220000,3.302493,3.737469,1.272815,0.500000,0.000000
228.320000,3.317173,3.785265,1.272815,0.500000,0.000000
228.420000,3.331852,3.833062,1.272815,0.500000,0.000000
228.520000,3.346532,3.880858,1.272815,0.500000,0.000000
228.620000,3.361211,3.928655,1.272815,0.500000,0.000000
228.720000,3.375891,3.976451,1.272815,0.500000,0.000000
228.820000,3.390571,4.024248,1.272815,0.500000,0.000000
228.920000,3.405250,4.072044,1.272815,0.500000,0.000000
229.020000,3.419930,4.119841,1.272815,0.500000,0.000000
229.120000,3.434609,4.167637,1.272815,0.500000,0.000000
229.220000,3.449289,4.215434,1.272815,0.500000,0.000000
229.320000,3.463968,4.263231,1.272815,0.500000,0.000000
229.420000,3.478648,4.311027,1.272815,0.500000,0.000000
229.520000,3.493328,4.358824,1.272815,0.500000,0.000000
229.620000,3.508007,4.406620,1.272815,0.500000,0.000000
229.720000,3.522687,4.454417,1.272815,0.500000,0.000000
229.820000,3.537366,4.502213,1.272815,0.500000,0.000000
229.920000,3.552046,4.550010,1.272815,0.500000,0.000000
230.020000,3.566725,4.597806,1.272815,0.500000,0.000000
230.120000,3.581405,4.645603,1.272815,0.500000,0.000000
230.220000,3.596085,4.693400,1.272815,0.500000,0.000000
230.320000,3.610764,4.741196,1.272815,0.500000,0.000000
230.420000,3.625444,4.788993,1.272815,0.500000,0.000000
230.520000,3.640123,4.836789,1.272815,0.500000,0.000000
230.620000,3.654803,4.884586,1.272815,0.500000,0.000000
230.720000,3.669482,4.932382,1.272815,0.500000,0.000000
230.820000,3.684162,4.980179,1.272815,0.500000,0.000000
230.920000,3.698842,5.027975,1.272815,0.500000,0.000000
231.020000,3.713521,5.075772,1.272815,0.500000,0.000000
231.120000,3.727777,5.123692,1.314815,0.500000,1.000000
231.220000,3.738000,5.172615,1.414815,0.500000,1.000000
231.320000,3.743286,5.222313,1.514815,0.500000,1.000000
231.420000,3.743585,5.272292,1.614815,0.500000,1.000000
231.520000,3.738893,5.322050,1.714815,0.500000,1.000000
231.620000,3.729257,5.371092,1.814815,0.500000,1.000000
231.720000,3.714773,5.418926,1.914815,0.500000,1.000000
231.820000,3.695586,5.465075,2.014815,0.500000,1.000000
231.920000,3.671888,5.509079,2.114815,0.500000,1.000000
232.020000,3.643915,5.550497,2.214815,0.500000,1.000000
232.120000,3.611946,5.588915,2.314815,0.500000,1.000000
232.220000,3.576302,5.623949,2.414815,0.500000,1.000000
232.320000,3.537339,5.655250,2.514815,0.500000,1.000000
232.420000,3.495445,5.682505,2.614815,0.500000,1.000000
232.520000,3.451040,5.705442,2.714815,0.500000,1.000000
232.620000,3.404566,5.723830,2.814815,0.500000,1.000000
232.720000,3.356494,5.737507,2.905815,0.500000,0.100000
232.820000,3.307877,5.749187,2.905815,0.500000,0.000000
232.920000,3.259261,5.760867,2.905815,0.500000,0.000000
233.020000,3.210644,5.772547,2.905815,0.500000,0.000000
233.120000,3.162027,5.784227,2.905815,0.500000,0.000000
233.220000,3.113411,5.795907,2.905815,0.500000,0.000000
233.320000,3.064794,5.807587,2.905815,0.500000,0.000000
233.420000,3.016177,5.819267,2.905815,0.500000,0.000000
233.520000,2.967561,5.830947,2.905815,0.500000,0.000000
233.620000,2.918944,5.842627,2.905815,0.500000,0.000000
233.720000,2.870328,5.854307,2.905815,0.500000,0.000000
233.820000,2.821711,5.865987,2.905815,0.500000,0.000000
233.920000,2.773094,5.877667,2.905815,0.500000,0.000000
234.020000,2.724478,5.889347,2.905815,0.500000,0.000000
234.120000,2.675861,5.901027,2.905815,0.500000,0.000000
234.220000,2.627244,5.912707,2.905815,0.500000,0.000000
234.320000,2.578628,5.924387,2.905815,0.500000,0.000000
234.420000,2.530011,5.936067,2.905815,0.500000,0.000000
234.520000,2.481394,5.947747,2.905815,0.500000,0.000000
234.620000,2.432778,5.959427,2.905815,0.500000,0.000000
234.720000,2.384161,5.971107,2.905815,0.500000,0.000000
234.820000,2.335544,5.982787,2.905815,0.500000,-0.000000
234.920000,2.286928,5.994467,2.905815,0.500000,0.000000
235.020000,2.238311,6.006147,2.905815,0.500000,0.000000
235.120000,2.189695,6.017827,2.905815,0.500000,0.000000
235.220000,2.141078,6.029507,2.905815,0.500000,0.000000
235.320000,2.092461,6.041187,2.905815,0.500000,0.000000
235.420000,2.043845,6.052867,2.905815,0.500000,0.000000
235.520000,1.995228,6.064547,2.905815,0.500000,0.000000
235.620000,1.946611,6.076227,2.905815,0.500000,0.000000
235.720000,1.897995,6.087907,2.905815,0.500000,0.000000
235.820000,1.849378,6.099587,2.905815,0.500000,0.000000
235.920000,1.800761,6.111266,2.905815,0.500000,-0.000000
236.020000,1.752145,6.122946,2.905815,0.500000,0.000000
236.120000,1.703528,6.134626,2.905815,0.500000,0.000000
236.220000,1.654911,6.146306,2.905815,0.500000,0.000000
236.320000,1.606295,6.157986,2.905815,0.500000,0.000000
236.420000,1.557678,6.169666,2.905815,0.500000,0.000000
236.520000,1.509061,6.181346,2.905815,0.500000,0.000000
236.620000,1.460445,6.193026,2.905815,0.500000,0.000000
236.720000,1.411828,6.204706,2.905815,0.500000,0.000000
236.820000,1.363210,6.216380,2.910815,0.500000,0.500000
236.920000,1.314045,6.225366,3.010815,0.500000,1.000000
237.020000,1.264247,6.229723,3.074815,0.500000,0.000000
237.120000,1.214358,6.233059,3.074815,0.500000,0.000000
237.220000,1.164470,6.236395,3.074815,0.500000,0.000000
237.320000,1.114581,6.239732,3.074815,0.500000,0.000000
237.420000,1.064693,6.243068,3.074815,0.500000,0.000000
237.520000,1.014804,6.246405,3.074815,0.500000,0.000000
237.620000,0.964916,6.249741,3.074815,0.500000,0.000000
237.720000,0.915027,6.253077,3.074815,0.500000,0.000000
237.820000,0.865138,6.256414,3.074815,0.500000,0.000000
237.920000,0.815250,6.259750,3.074815,0.500000,0.000000
238.020000,0.765361,6.263087,3.074815,0.500000,0.000000
238.120000,0.715473,6.266423,3.074815,0.500000,0.000000
238.220000,0.665584,6.269760,3.074815,0.500000,0.000000
238.320000,0.615696,6.273096,3.074815,0.500000,0.000000
238.420000,0.565736,6.274542,-3.121371,0.500000,1.000000
238.520000,0.515861,6.271216,-3.048371,0.500000,0.000000
238.620000,0.466078,6.266562,-3.048371,0.500000,0.000000
238.720000,0.416295,6.261908,-3.048371,0.500000,0.000000
238.820000,0.366512,6.257253,-3.048371,0.500000,0.000000
238.920000,0.316729,6.252599,-3.048371,0.500000,0.000000
239.020000,0.266947,6.247945,-3.048371,0.500000,0.000000
239.120000,0.217164,6.243290,-3.048371,0.500000,0.000000
239.220000,0.167381,6.238636,-3.048371,0.500000,0.000000
239.320000,0.117598,6.233982,-3.048371,0.500000,0.000000
239.420000,0.067815,6.229327,-3.048371,0.500000,0.000000
239.520000,0.018032,6.224673,-3.048371,0.500000,0.000000
239.620000,-0.031751,6.220018,-3.048371,0.500000,0.000000
239.720000,-0.081534,6.215364,-3.048371,0.500000,0.000000
239.820000,-0.131317,6.210710,-3.048371,0.500000,0.000000
239.920000,-0.181100,6.206055,-3.048371,0.500000,0.000000
240.020000,-0.230882,6.201401,-3.048371,0.500000,0.000000
240.120000,-0.280665,6.196747,-3.048371,0.500000,0.000000
240.220000,-0.330448,6.192092,-3.048371,0.500000,0.000000
240.320000,-0.380231,6.187438,-3.048371,0.500000,-0.000000
240.420000,-0.430014,6.182784,-3.048371,0.500000,0.000000
240.520000,-0.479797,6.178129,-3.048371,0.500000,-0.000000
240.620000,-0.529580,6.173475,-3.048371,0.500000,0.000000
240.720000,-0.579363,6.168821,-3.048371,0.500000,0.000000
240.820000,-0.629146,6.164166,-3.048371,0.500000,0.000000
240.920000,-0.678928,6.159512,-3.048371,0.500000,0.000000
241.020000,-0.728711,6.154858,-3.048371,0.500000,0.000000
241.120000,-0.778494,6.150203,-3.048371,0.500000,0.000000
241.220000,-0.828277,6.145549,-3.048371,0.500000,0.000000
241.320000,-0.878060,6.140894,-3.048371,0.500000,0.000000
241.420000,-0.927843,6.136240,-3.048371,0.500000,0.000000
241.520000,-0.977626,6.131586,-3.048371,0.500000,0.000000
241.620000,-1.027409,6.126931,-3.048371,0.500000,0.000000
241.720000,-1.077192,6.122277,-3.048371,0.500000,0.000000
241.820000,-1.126975,6.117623,-3.048371,0.500000,0.000000
241.920000,-1.176757,6.112968,-3.048371,0.500000,-0.000000
242.020000,-1.226540,6.108314,-3.048371,0.500000,0.000000
242.120000,-1.276323,6.103660,-3.048371,0.500000,0.000000
242.220000,-1.326106,6.099005,-3.048371,0.500000,0.000000
242.320000,-1.375889,6.094351,-3.048371,0.500000,0.000000
242.420000,-1.425672,6.089697,-3.048371,0.500000,0.000000
242.520000,-1.475455,6.085042,-3.048371,0.500000,0.000000
242.620000,-1.525238,6.080388,-3.048371,0.500000,0.000000
242.720000,-1.575021,6.075734,-3.048371,0.500000,0.000000
242.820000,-1.624804,6.071079,-3.048371,0.500000,0.000000
242.920000,-1.674586,6.066425,-3.048371,0.500000,0.000000
243.020000,-1.724369,6.061770,-3.048371,0.500000,-0.000000
243.120000,-1.774152,6.057116,-3.048371,0.500000,-0.000000
243.220000,-1.823935,6.052462,-3.048371,0.500000,0.000000
243.320000,-1.873718,6.047807,-3.048371,0.500000,-0.000000
243.420000,-1.923501,6.043153,-3.048371,0.500000,-0.000000
243.520000,-1.971293,6.038685,-3.048371,0.300000,0.000000
243.620000,-1.921510,6.043339,-3.048371,-0.500000,-0.000000
243.720000,-1.871727,6.047994,-3.048371,-0.500000,0.000000
243.820000,-1.821944,6.052648,-3.048371,-0.500000,-0.000000
243.920000,-1.772161,6.057302,-3.048371,-0.500000,-0.000000
244.020000,-1.722378,6.061957,-3.048371,-0.500000,0.000000
244.120000,-1.672595,6.066611,-3.048371,-0.500000,0.000000
244.220000,-1.622812,6.071265,-3.048371,-0.500000,0.000000
244.320000,-1.573029,6.075920,-3.048371,-0.500000,0.000000
244.420000,-1.523246,6.080574,-3.048371,-0.500000,0.000000
244.520000,-1.473464,6.085228,-3.048371,-0.500000,-0.000000
244.620000,-1.423681,6.089883,-3.048371,-0.500000,-0.000000
244.720000,-1.373898,6.094537,-3.048371,-0.500000,0.000000
244.820000,-1.324115,6.099191,-3.048371,-0.500000,0.000000
244.920000,-1.274332,6.103846,-3.048371,-0.500000,-0.000000
245.020000,-1.224549,6.108500,-3.048371,-0.500000,-0.000000
245.120000,-1.174766,6.113155,-3.048371,-0.500000,-0.000000
245.220000,-1.124983,6.117809,-3.048371,-0.500000,-0.000000
245.320000,-1.075200,6.122463,-3.048371,-0.500000,-0.000000
245.420000,-1.025417,6.127118,-3.048371,-0.500000,-0.000000
245.520000,-0.975635,6.131772,-3.048371,-0.500000,-0.000000
245.620000,-0.925852,6.136426,-3.048371,-0.500000,-0.000000
245.720000,-0.876069,6.141081,-3.048371,-0.500000,-0.000000
245.820000,-0.826286,6.145735,-3.048371,-0.500000,-0.000000
245.920000,-0.776503,6.150389,-3.048371,-0.500000,-0.000000
246.020000,-0.726720,6.155044,-3.048371,-0.500000,-0.000000
246.120000,-0.676937,6.159698,-3.048371,-0.500000,-0.000000
246.220000,-0.627154,6.164352,-3.048371,-0.500000,-0.000000
246.320000,-0.577371,6.169007,-3.048371,-0.500000,-0.000000
246.420000,-0.527588,6.173661,-3.048371,-0.500000,-0.000000
246.520000,-0.477806,6.178315,-3.048371,-0.500000,0.000000
246.620000,-0.428023,6.182970,-3.048371,-0.500000,0.000000
246.720000,-0.378240,6.187624,-3.048371,-0.500000,0.000000
246.820000,-0.328457,6.192279,-3.048371,-0.500000,0.000000
246.920000,-0.278674,6.196933,-3.048371,-0.500000,0.000000
247.020000,-0.228891,6.201587,-3.048371,-0.500000,0.000000
247.120000,-0.179108,6.206242,-3.048371,-0.500000,-0.000000
247.220000,-0.129325,6.210896,-3.048371,-0.500000,0.000000
247.320000,-0.079542,6.215550,-3.048371,-0.500000,-0.000000
247.420000,-0.029760,6.220205,-3.048371,-0.500000,-0.000000
247.520000,0.020023,6.224859,-3.048371,-0.500000,-0.000000
247.620000,0.069806,6.229513,-3.048371,-0.500000,0.000000
247.720000,0.119589,6.234168,-3.048371,-0.500000,0.000000
247.820000,0.169372,6.238822,-3.048371,-0.500000,-0.000000
247.920000,0.219155,6.243476,-3.048371,-0.500000,-0.000000
248.020000,0.268938,6.248131,-3.048371,-0.500000,0.000000
248.120000,0.318721,6.252785,-3.048371,-0.500000,-0.000000
248.220000,0.368504,6.257439,-3.048371,-0.500000,0.000000
248.320000,0.418287,6.262094,-3.048371,-0.500000,0.000000
248.420000,0.468069,6.266748,-3.048371,-0.500000,-0.000000
248.520000,0.517852,6.271403,-3.048371,-0.500000,-0.000000
248.620000,0.567635,6.276057,-3.048371,-0.500000,-0.000000
248.720000,0.617418,6.280711,-3.048371,-0.500000,-0.000000
248.820000,0.667201,6.285366,-3.048371,-0.500000,-0.000000
248.920000,0.716984,6.290020,-3.048371,-0.500000,-0.000000
249.020000,0.766767,6.294674,-3.048371,-0.500000,0.000000
249.120000,0.816550,6.299329,-3.048371,-0.500000,-0.000000
249.220000,0.866333,6.303983,-3.048371,-0.500000,0.000000
249.320000,0.916116,6.308637,-3.048371,-0.500000,-0.000000
249.420000,0.965898,6.313292,-3.048371,-0.500000,-0.000000
249.520000,1.015681,6.317946,-3.048371,-0.500000,-0.000000
249.620000,1.065464,6.322600,-3.048371,-0.500000,0.000000
249.720000,1.115247,6.327255,-3.048371,-0.500000,0.000000
249.820000,1.165030,6.331909,-3.048371,-0.500000,-0.000000
249.920000,1.214813,6.336564,-3.048371,-0.500000,-0.000000
250.020000,1.264596,6.341218,-3.048371,-0.500000,0.000000
250.120000,1.314379,6.345872,-3.048371,-0.500000,0.000000
250.220000,1.364162,6.350527,-3.048371,-0.500000,0.000000
250.320000,1.413945,6.355181,-3.048371,-0.500000,0.000000
250.420000,1.463727,6.359835,-3.048371,-0.500000,0.000000
250.520000,1.513510,6.364490,-3.048371,-0.500000,0.000000
250.620000,1.563293,6.369144,-3.048371,-0.500000,-0.000000
250.720000,1.613076,6.373798,-3.048371,-0.500000,0.000000
250.820000,1.662859,6.378453,-3.048371,-0.500000,0.000000
250.920000,1.684764,6.380501,-3.048371,0.500000,0.000000
251.020000,1.634981,6.375846,-3.048371,0.500000,-0.000000
251.120000,1.585198,6.371192,-3.048371,0.500000,0.000000
251.220000,1.535415,6.366538,-3.048371,0.500000,0.000000
251.320000,1.485632,6.361883,-3.048371,0.500000,0.000000
251.420000,1.435849,6.357229,-3.048371,0.500000,0.000000
251.520000,1.386066,6.352574,-3.048371,0.500000,0.000000
251.620000,1.336283,6.347920,-3.048371,0.500000,0.000000
251.720000,1.286500,6.343266,-3.048371,0.500000,-0.000000
251.820000,1.236717,6.338611,-3.048371,0.500000,0.000000
251.920000,1.186935,6.333957,-3.048371,0.500000,0.000000
252.020000,1.137152,6.329303,-3.048371,0.500000,0.000000
252.120000,1.087369,6.324648,-3.048371,0.500000,0.000000
252.220000,1.037586,6.319994,-3.048371,0.500000,0.000000
252.320000,0.987803,6.315340,-3.048371,0.500000,0.000000
252.420000,0.938020,6.310685,-3.048371,0.500000,0.000000
252.520000,0.888237,6.306031,-3.048371,0.500000,0.000000
252.620000,0.838454,6.301377,-3.048371,0.500000,0.000000
252.720000,0.788671,6.296722,-3.048371,0.500000,0.000000
252.820000,0.738888,6.292068,-3.048371,0.500000,0.000000
252.920000,0.689106,6.287414,-3.048371,0.500000,0.000000
253.020000,0.639323,6.282759,-3.048371,0.500000,0.000000
253.120000,0.589540,6.278105,-3.048371,0.500000,0.000000
253.220000,0.539757,6.273450,-3.048371,0.500000,0.000000
253.320000,0.489974,6.268796,-3.048371,0.500000,0.000000
253.420000,0.440191,6.264142,-3.048371,0.500000,0.000000
253.520000,0.390408,6.259487,-3.048371,0.500000,0.000000
253.620000,0.340625,6.254833,-3.048371,0.500000,-0.000000
253.720000,0.290842,6.250179,-3.048371,0.500000,0.000000
253.820000,0.241059,6.245524,-3.048371,0.500000,0.000000
253.920000,0.191277,6.240870,-3.048371,0.500000,0.000000
254.020000,0.141494,6.236216,-3.048371,0.500000,0.000000
254.120000,0.091711,6.231561,-3.048371,0.500000,-0.000000
254.220000,0.041928,6.226907,-3.048371,0.500000,0.000000
254.320000,-0.007855,6.222253,-3.048371,0.500000,0.000000
254.420000,-0.057638,6.217598,-3.048371,0.500000,0.000000
254.520000,-0.107421,6.212944,-3.048371,0.500000,0.000000
254.620000,-0.157204,6.208290,-3.048371,0.500000,0.000000
254.720000,-0.206987,6.203635,-3.048371,0.500000,0.000000
254.820000,-0.256770,6.198981,-3.048371,0.500000,0.000000
254.920000,-0.306552,6.194326,-3.048371,0.500000,0.000000
255.020000,-0.356335,6.189672,-3.048371,0.500000,0.000000
255.120000,-0.406118,6.185018,-3.048371,0.500000,0.000000
255.220000,-0.455901,6.180363,-3.048371,0.500000,0.000000
255.320000,-0.505684,6.175709,-3.048371,0.500000,0.000000
255.420000,-0.555467,6.171055,-3.048371,0.500000,0.000000
255.520000,-0.605250,6.166400,-3.048371,0.500000,0.000000
255.620000,-0.655033,6.161746,-3.048371,0.500000,0.000000
255.720000,-0.704816,6.157092,-3.048371,0.500000,0.000000
255.820000,-0.754599,6.152437,-3.048371,0.500000,0.000000
255.920000,-0.804381,6.147783,-3.048371,0.500000,0.000000
256.020000,-0.854164,6.143129,-3.048371,0.500000,0.000000
256.120000,-0.903947,6.138474,-3.048371,0.500000,0.000000
256.220000,-0.953730,6.133820,-3.048371,0.500000,0.000000
256.320000,-1.003513,6.129166,-3.048371,0.500000,0.000000
256.420000,-1.053296,6.124511,-3.048371,0.500000,0.000000
256.520000,-1.103079,6.119857,-3.048371,0.500000,0.000000
256.620000,-1.152862,6.115202,-3.048371,0.500000,-0.000000
256.720000,-1.202645,6.110548,-3.048371,0.500000,0.000000
256.820000,-1.252427,6.105894,-3.048371,0.500000,0.000000
256.920000,-1.302210,6.101239,-3.048371,0.500000,0.000000
257.020000,-1.351993,6.096585,-3.048371,0.500000,0.000000
257.120000,-1.401776,6.091931,-3.048371,0.500000,0.000000
257.220000,-1.451559,6.087276,-3.048371,0.500000,0.000000
257.320000,-1.501342,6.082622,-3.048371,0.500000,0.000000
257.420000,-1.551125,6.077968,-3.048371,0.500000,-0.000000
257.520000,-1.600908,6.073313,-3.048371,0.500000,-0.000000
257.620000,-1.650691,6.068659,-3.048371,0.500000,-0.000000
257.720000,-1.700474,6.064005,-3.048371,0.500000,0.000000
257.820000,-1.750256,6.059350,-3.048371,0.500000,0.000000
257.920000,-1.800039,6.054696,-3.048371,0.500000,0.000000
258.020000,-1.849822,6.050041,-3.048371,0.500000,0.000000
258.120000,-1.899605,6.045387,-3.048371,0.500000,0.000000
258.220000,-1.949343,6.040315,-3.007371,0.500000,1.000000
258.320000,-1.998477,6.031160,-2.907371,0.500000,1.000000
258.420000,-2.046451,6.017145,-2.807371,0.500000,1.000000
258.520000,-2.092786,5.998411,-2.707371,0.500000,1.000000
258.620000,-2.137019,5.975145,-2.607371,0.500000,1.000000
258.720000,-2.178709,5.947579,-2.507371,0.500000,1.000000
258.820000,-2.217438,5.915988,-2.407371,0.500000,1.000000
258.920000,-2.252821,5.880689,-2.307371,0.500000,1.000000
259.020000,-2.284502,5.842034,-2.207371,0.500000,1.000000
259.120000,-2.312166,5.800409,-2.107371,0.500000,1.000000
259.220000,-2.335536,5.756231,-2.007371,0.500000,1.000000
259.320000,-2.354379,5.709940,-1.907371,0.500000,1.000000
259.420000,-2.368507,5.661999,-1.807371,0.500000,1.000000
259.520000,-2.377778,5.612887,-1.707371,0.500000,1.000000
259.620000,-2.382099,5.563095,-1.607371,0.500000,1.000000
259.720000,-2.381428,5.513120,-1.507371,0.500000,1.000000
259.820000,-2.375771,5.463462,-1.407371,0.500000,1.000000
259.920000,-2.365185,5.414617,-1.307371,0.500000,1.000000
260.020000,-2.349776,5.367073,-1.207371,0.500000,1.000000
260.120000,-2.329697,5.321305,-1.107371,0.500000,1.000000
260.220000,-2.305149,5.277769,-1.007371,0.500000,1.000000
260.320000,-2.276377,5.236902,-0.907371,0.500000,1.000000
260.420000,-2.245186,5.197833,-0.933371,0.500000,-1.000000
260.520000,-2.217487,5.156232,-1.033371,0.500000,-1.000000
260.620000,-2.194079,5.112073,-1.133371,0.500000,-1.000000
260.720000,-2.175196,5.065798,-1.233371,0.500000,-1.000000
260.820000,-2.161028,5.017870,-1.333371,0.500000,-1.000000
260.920000,-2.151715,4.968766,-1.433371,0.500000,-1.000000
261.020000,-2.147352,4.918977,-1.533371,0.500000,-1.000000
261.120000,-2.147980,4.869002,-1.633371,0.500000,-1.000000
261.220000,-2.153594,4.819339,-1.733371,0.500000,-1.000000
261.320000,-2.164139,4.770485,-1.833371,0.500000,-1.000000
261.420000,-2.179508,4.722928,-1.933371,0.500000,-1.000000
261.520000,-2.199548,4.677142,-2.033371,0.500000,-1.000000
261.620000,-2.224059,4.633586,-2.133371,0.500000,-1.000000
261.720000,-2.252796,4.592695,-2.233371,0.500000,-1.000000
261.820000,-2.285114,4.554555,-2.271371,0.500000,1.000000
261.920000,-2.315383,4.514785,-2.171371,0.500000,1.000000
262.020000,-2.341531,4.472192,-2.071371,0.500000,1.000000
262.120000,-2.363296,4.427201,-1.971371,0.500000,1.000000
262.220000,-2.380461,4.380261,-1.871371,0.500000,1.000000
262.320000,-2.392854,4.331843,-1.771371,0.500000,1.000000
262.420000,-2.402012,4.282689,-1.753371,0.500000,0.000000
262.520000,-2.411090,4.233520,-1.753371,0.500000,0.000000
262.620000,-2.420168,4.184351,-1.753371,0.500000,0.000000
262.720000,-2.429246,4.135182,-1.753371,0.500000,-0.000000
262.820000,-2.438324,4.086013,-1.753371,0.500000,0.000000
262.920000,-2.447402,4.036844,-1.753371,0.500000,-0.000000
263.020000,-2.456480,3.987675,-1.753371,0.500000,-0.000000
263.120000,-2.465558,3.938506,-1.753371,0.500000,-0.000000
263.220000,-2.474636,3.889337,-1.753371,0.500000,0.000000
263.320000,-2.483714,3.840168,-1.753371,0.500000,0.000000
263.420000,-2.492792,3.790999,-1.753371,0.500000,0.000000
263.520000,-2.501871,3.741830,-1.753371,0.500000,0.000000
263.620000,-2.510949,3.692661,-1.753371,0.500000,-0.000000
263.720000,-2.520027,3.643492,-1.753371,0.500000,-0.000000
263.820000,-2.529105,3.594324,-1.753371,0.500000,-0.000000
263.920000,-2.538183,3.545155,-1.753371,0.500000,0.000000
264.020000,-2.547261,3.495986,-1.753371,0.500000,0.000000
264.120000,-2.556339,3.446817,-1.753371,0.500000,0.000000
264.220000,-2.565417,3.397648,-1.753371,0.500000,-0.000000
264.320000,-2.574495,3.348479,-1.753371,0.500000,0.000000
264.420000,-2.583573,3.299310,-1.753371,0.500000,-0.000000
264.520000,-2.592651,3.250141,-1.753371,0.500000,-0.000000
264.620000,-2.601729,3.200972,-1.753371,0.500000,-0.000000
264.720000,-2.610808,3.151803,-1.753371,0.500000,-0.000000
264.820000,-2.619886,3.102634,-1.753371,0.500000,-0.000000
264.920000,-2.628964,3.053465,-1.753371,0.500000,0.000000
265.020000,-2.638042,3.004296,-1.753371,0.500000,0.000000
265.120000,-2.647120,2.955127,-1.753371,0.500000,-0.000000
265.220000,-2.656198,2.905958,-1.753371,0.500000,-0.000000
265.320000,-2.665276,2.856789,-1.753371,0.500000,-0.000000
265.420000,-2.674354,2.807620,-1.753371,0.500000,0.000000
265.520000,-2.683432,2.758451,-1.753371,0.500000,0.000000
265.620000,-2.692510,2.709282,-1.753371,0.500000,0.000000
265.720000,-2.701588,2.660113,-1.753371,0.500000,-0.000000
265.820000,-2.710666,2.610944,-1.753371,0.500000,-0.000000
265.920000,-2.719745,2.561775,-1.753371,0.500000,-0.000000
266.020000,-2.728823,2.512606,-1.753371,0.500000,0.000000
266.120000,-2.737901,2.463437,-1.753371,0.500000,0.000000
266.220000,-2.746979,2.414268,-1.753371,0.500000,0.000000
266.320000,-2.756057,2.365099,-1.753371,0.500000,-0.000000
266.420000,-2.765135,2.315930,-1.753371,0.500000,-0.000000
266.520000,-2.774213,2.266761,-1.753371,0.500000,-0.000000
266.620000,-2.783291,2.217592,-1.753371,0.500000,0.000000
266.720000,-2.792369,2.168423,-1.753371,0.500000,0.000000
266.820000,-2.801447,2.119254,-1.753371,0.500000,0.000000
266.920000,-2.810525,2.070085,-1.753371,0.500000,-0.000000
267.020000,-2.819603,2.020916,-1.753371,0.500000,-0.000000
267.120000,-2.828682,1.971747,-1.753371,0.500000,-0.000000
267.220000,-2.837760,1.922578,-1.753371,0.500000,-0.000000
267.320000,-2.846838,1.873409,-1.753371,0.500000,-0.000000
267.420000,-2.855916,1.824240,-1.753371,0.500000,-0.000000
267.520000,-2.864994,1.775071,-1.753371,0.500000,-0.000000
267.620000,-2.874072,1.725902,-1.753371,0.500000,-0.000000
267.720000,-2.883150,1.676733,-1.753371,0.500000,-0.000000
267.820000,-2.892228,1.627564,-1.753371,0.500000,-0.000000
267.920000,-2.901306,1.578395,-1.753371,0.500000,-0.000000
268.020000,-2.910384,1.529226,-1.753371,0.500000,-0.000000
268.120000,-2.919462,1.480057,-1.753371,0.500000,-0.000000
268.220000,-2.928540,1.430888,-1.753371,0.500000,-0.000000
268.320000,-2.937619,1.381720,-1.753371,0.500000,-0.000000
268.420000,-2.946697,1.332551,-1.753371,0.500000,-0.000000
268.520000,-2.955775,1.283382,-1.753371,0.500000,-0.000000
268.620000,-2.964853,1.234213,-1.753371,0.500000,-0.000000
268.720000,-2.973931,1.185044,-1.753371,0.500000,-0.000000
268.820000,-2.983009,1.135875,-1.753371,0.500000,-0.000000
268.920000,-2.992087,1.086706,-1.753371,0.500000,-0.000000
269.020000,-3.001165,1.037537,-1.753371,0.500000,-0.000000
269.120000,-3.010243,0.988368,-1.753371,0.500000,-0.000000
269.220000,-3.019321,0.939199,-1.753371,0.500000,-0.000000
269.320000,-3.028399,0.890030,-1.753371,0.500000,-0.000000
269.420000,-3.037477,0.840861,-1.753371,0.500000,-0.000000
269.520000,-3.046556,0.791692,-1.753371,0.500000,-0.000000
269.620000,-3.055634,0.742523,-1.753371,0.500000,-0.000000
269.720000,-3.064712,0.693354,-1.753371,0.500000,-0.000000
269.820000,-3.073790,0.644185,-1.753371,0.500000,-0.000000
269.920000,-3.082868,0.595016,-1.753371,0.500000,-0.000000
270.020000,-3.091946,0.545847,-1.753371,0.500000,-0.000000
270.120000,-3.101024,0.496678,-1.753371,0.500000,-0.000000
270.220000,-3.110102,0.447509,-1.753371,0.500000,-0.000000
270.320000,-3.119180,0.398340,-1.753371,0.500000,-0.000000
270.420000,-3.128258,0.349171,-1.753371,0.500000,-0.000000
270.520000,-3.137336,0.300002,-1.753371,0.500000,-0.000000
270.620000,-3.146414,0.250833,-1.753371,0.500000,-0.000000
270.720000,-3.155362,0.201641,-1.730371,0.500000,1.000000
270.820000,-3.160828,0.151962,-1.630371,0.500000,1.000000
270.920000,-3.161306,0.101985,-1.530371,0.500000,1.000000
271.020000,-3.156793,0.052210,-1.430371,0.500000,1.000000
271.120000,-3.147333,0.003134,-1.330371,0.500000,1.000000
271.220000,-3.133067,-0.044768,-1.244371,0.500000,0.000000
271.320000,-3.117034,-0.092128,-1.244371,0.500000,-0.000000
271.420000,-3.101001,-0.139488,-1.244371,0.500000,-0.000000
271.520000,-3.084969,-0.186847,-1.244371,0.500000,-0.000000
271.620000,-3.068936,-0.234207,-1.244371,0.500000,-0.000000
271.720000,-3.052903,-0.281567,-1.244371,0.500000,-0.000000
271.820000,-3.036870,-0.328926,-1.244371,0.500000,-0.000000
271.920000,-3.020837,-0.376286,-1.244371,0.500000,-0.000000
272.020000,-3.004804,-0.423646,-1.244371,0.500000,-0.000000
272.120000,-2.988771,-0.471006,-1.244371,0.500000,-0.000000
272.220000,-2.972738,-0.518365,-1.244371,0.500000,-0.000000
272.320000,-2.956705,-0.565725,-1.244371,0.500000,-0.000000
272.420000,-2.940672,-0.613085,-1.244371,0.500000,-0.000000
272.520000,-2.924639,-0.660445,-1.244371,0.500000,-0.000000
272.620000,-2.908606,-0.707804,-1.244371,0.500000,-0.000000
272.720000,-2.892573,-0.755164,-1.244371,0.500000,-0.000000
272.820000,-2.876540,-0.802524,-1.244371,0.500000,-0.000000
272.920000,-2.860507,-0.849883,-1.244371,0.500000,-0.000000
273.020000,-2.844474,-0.897243,-1.244371,0.500000,-0.000000
273.120000,-2.828441,-0.944603,-1.244371,0.500000,-0.000000
273.220000,-2.812408,-0.991963,-1.244371,0.500000,-0.000000
273.320000,-2.796375,-1.039322,-1.244371,0.500000,-0.000000
273.420000,-2.780342,-1.086682,-1.244371,0.500000,-0.000000
273.520000,-2.764309,-1.134042,-1.244371,0.500000,-0.000000
273.620000,-2.748276,-1.181402,-1.244371,0.500000,-0.000000
273.720000,-2.732243,-1.228761,-1.244371,0.500000,-0.000000
273.820000,-2.716210,-1.276121,-1.244371,0.500000,-0.000000
273.920000,-2.700177,-1.323481,-1.244371,0.500000,-0.000000
274.020000,-2.684144,-1.370840,-1.244371,0.500000,-0.000000
274.120000,-2.668111,-1.418200,-1.244371,0.500000,-0.000000
274.220000,-2.652078,-1.465560,-1.244371,0.500000,-0.000000
274.320000,-2.636045,-1.512920,-1.244371,0.500000,-0.000000
274.420000,-2.620012,-1.560279,-1.244371,0.500000,-0.000000
274.520000,-2.603979,-1.607639,-1.244371,0.500000,-0.000000
274.620000,-2.587946,-1.654999,-1.244371,0.500000,-0.000000
274.720000,-2.571913,-1.702358,-1.244371,0.500000,-0.000000
274.820000,-2.555880,-1.749718,-1.244371,0.500000,-0.000000
274.920000,-2.539847,-1.797078,-1.244371,0.500000,-0.000000
275.020000,-2.523814,-1.844438,-1.244371,0.500000,-0.000000
275.120000,-2.507781,-1.891797,-1.244371,0.500000,-0.000000
275.220000,-2.491748,-1.939157,-1.244371,0.500000,-0.000000
275.320000,-2.475715,-1.986517,-1.244371,0.500000,-0.000000
275.420000,-2.459682,-2.033877,-1.244371,0.500000,-0.000000
275.520000,-2.443649,-2.081236,-1.244371,0.500000,-0.000000
275.620000,-2.427616,-2.128596,-1.244371,0.500000,-0.000000
275.720000,-2.411583,-2.175956,-1.244371,0.500000,-0.000000
275.820000,-2.395551,-2.223315,-1.244371,0.500000,-0.000000
275.920000,-2.379518,-2.270675,-1.244371,0.500000,-0.000000
276.020000,-2.363485,-2.318035,-1.244371,0.500000,-0.000000
276.120000,-2.347452,-2.365395,-1.244371,0.500000,-0.000000
276.220000,-2.331419,-2.412754,-1.244371,0.500000,-0.000000
276.320000,-2.315386,-2.460114,-1.244371,0.500000,-0.000000
276.420000,-2.299353,-2.507474,-1.244371,0.500000,-0.000000
276.520000,-2.283320,-2.554834,-1.244371,0.500000,-0.000000
276.620000,-2.267287,-2.602193,-1.244371,0.500000,-0.000000
276.720000,-2.251254,-2.649553,-1.244371,0.500000,-0.000000
276.820000,-2.235221,-2.696913,-1.244371,0.500000,-0.000000
276.920000,-2.219188,-2.744272,-1.244371,0.500000,-0.000000
277.020000,-2.203155,-2.791632,-1.244371,0.500000,-0.000000
277.120000,-2.187122,-2.838992,-1.244371,0.500000,-0.000000
277.220000,-2.171089,-2.886352,-1.244371,0.500000,-0.000000
277.320000,-2.159545,-2.920451,-1.272371,0.000000,-1.000000
277.420000,-2.159545,-2.920451,-1.372371,0.000000,-1.000000
277.520000,-2.159545,-2.920451,-1.472371,0.000000,-1.000000
277.620000,-2.159545,-2.920451,-1.572371,0.000000,-1.000000
277.720000,-2.159545,-2.920451,-1.672371,0.000000,-1.000000
277.820000,-2.159545,-2.920451,-1.772371,0.000000,-1.000000
277.920000,-2.159545,-2.920451,-1.872371,0.000000,-1.000000
278.020000,-2.159545,-2.920451,-1.972371,0.000000,-1.000000
278.120000,-2.159545,-2.920451,-2.072371,0.000000,-1.000000
278.220000,-2.159545,-2.920451,-2.172371,0.000000,-1.000000
278.320000,-2.159545,-2.920451,-2.272371,-0.000000,-1.000000
278.420000,-2.159545,-2.920451,-2.372371,0.000000,-1.000000
278.520000,-2.159545,-2.920451,-2.472371,0.000000,-1.000000
278.620000,-2.159545,-2.920451,-2.572371,0.000000,-1.000000
278.720000,-2.159545,-2.920451,-2.672371,0.000000,-1.000000
278.820000,-2.159545,-2.920451,-2.772371,0.000000,-1.000000
278.920000,-2.159545,-2.920451,-2.872371,0.000000,-1.000000
279.020000,-2.159545,-2.920451,-2.972371,0.000000,-1.000000
279.120000,-2.159545,-2.920451,-3.072371,0.000000,-1.000000
279.220000,-2.146045,-2.920502,3.137815,-0.500000,-0.000000
279.320000,-2.096046,-2.920691,3.137815,-0.500000,0.000000
279.420000,-2.046046,-2.920879,3.137815,-0.500000,0.000000
279.520000,-1.996046,-2.921068,3.137815,-0.500000,0.000000
279.620000,-1.946047,-2.921257,3.137815,-0.500000,0.000000
279.720000,-1.896047,-2.921446,3.137815,-0.500000,0.000000
279.820000,-1.846047,-2.921635,3.137815,-0.500000,0.000000
279.920000,-1.796048,-2.921824,3.137815,-0.500000,0.000000
280.020000,-1.746048,-2.922013,3.137815,-0.500000,0.000000
280.120000,-1.696048,-2.922202,3.137815,-0.500000,0.000000
280.220000,-1.646049,-2.922391,3.137815,-0.500000,0.000000
280.320000,-1.596049,-2.922580,3.137815,-0.500000,0.000000
280.420000,-1.546049,-2.922768,3.137815,-0.500000,0.000000
280.520000,-1.496050,-2.922957,3.137815,-0.500000,0.000000
280.620000,-1.446050,-2.923146,3.137815,-0.500000,0.000000
280.720000,-1.396051,-2.923335,3.137815,-0.500000,0.000000
280.820000,-1.346051,-2.923524,3.137815,-0.500000,0.000000
280.920000,-1.296051,-2.923713,3.137815,-0.500000,0.000000
281.020000,-1.246052,-2.923902,3.137815,-0.500000,0.000000
281.120000,-1.196052,-2.924091,3.137815,-0.500000,0.000000
281.220000,-1.146052,-2.924280,3.137815,-0.500000,0.000000
281.320000,-1.096053,-2.924468,3.137815,-0.500000,0.000000
281.420000,-1.046053,-2.924657,3.137815,-0.500000,0.000000
281.520000,-0.996053,-2.924846,3.137815,-0.500000,0.000000
281.620000,-0.946054,-2.925035,3.137815,-0.500000,0.000000
281.720000,-0.896054,-2.925224,3.137815,-0.500000,0.000000
281.820000,-0.846054,-2.925413,3.137815,-0.500000,0.000000
281.920000,-0.796055,-2.925602,3.137815,-0.500000,0.000000
282.020000,-0.746055,-2.925791,3.137815,-0.500000,0.000000
282.120000,-0.696056,-2.925980,3.137815,-0.500000,0.000000
282.220000,-0.646056,-2.926169,3.137815,-0.500000,0.000000
282.320000,-0.596056,-2.926357,3.137815,-0.500000,0.000000
282.420000,-0.546057,-2.926546,3.137815,-0.500000,0.000000
282.520000,-0.496057,-2.926735,3.137815,-0.500000,0.000000
282.620000,-0.446057,-2.926924,3.137815,-0.500000,0.000000
282.720000,-0.396058,-2.927113,3.137815,-0.500000,0.000000
282.820000,-0.346058,-2.927302,3.137815,-0.500000,0.000000
282.920000,-0.296058,-2.927491,3.137815,-0.500000,0.000000
283.020000,-0.246059,-2.927680,3.137815,-0.500000,0.000000
283.120000,-0.196059,-2.927869,3.137815,-0.500000,0.000000
283.220000,-0.146059,-2.928058,3.137815,-0.500000,0.000000
283.320000,-0.096060,-2.928246,3.137815,-0.500000,0.000000
283.420000,-0.046060,-2.928435,3.137815,-0.500000,0.000000
283.520000,0.003939,-2.928624,3.137815,-0.500000,0.000000
283.620000,0.053939,-2.928813,3.137815,-0.500000,0.000000
283.720000,0.103939,-2.929002,3.137815,-0.500000,0.000000
283.820000,0.153938,-2.929191,3.137815,-0.500000,0.000000
283.920000,0.203938,-2.929380,3.137815,-0.500000,0.000000
284.020000,0.253938,-2.929569,3.137815,-0.500000,0.000000
284.120000,0.303937,-2.929758,3.137815,-0.500000,0.000000
284.220000,0.353937,-2.929947,3.137815,-0.500000,0.000000
284.320000,0.403937,-2.930135,3.137815,-0.500000,0.000000
284.420000,0.453936,-2.930324,3.137815,-0.500000,0.000000
284.520000,0.503936,-2.930513,3.137815,-0.500000,0.000000
284.620000,0.553936,-2.930702,3.137815,-0.500000,0.000000
284.720000,0.603935,-2.930891,3.137815,-0.500000,0.000000
284.820000,0.653935,-2.931080,3.137815,-0.500000,0.000000
284.920000,0.703934,-2.931269,3.137815,-0.500000,0.000000
285.020000,0.753934,-2.931458,3.137815,-0.500000,0.000000
285.120000,0.803934,-2.931647,3.137815,-0.500000,0.000000
285.220000,0.853933,-2.931836,3.137815,-0.500000,0.000000
285.320000,0.903933,-2.932024,3.137815,-0.500000,0.000000
285.420000,0.953933,-2.932213,3.137815,-0.500000,0.000000
285.520000,1.003932,-2.932402,3.137815,-0.500000,0.000000
285.620000,1.053932,-2.932591,3.137815,-0.500000,0.000000
285.720000,1.103932,-2.932780,3.137815,-0.500000,0.000000
285.820000,1.153931,-2.932969,3.137815,-0.500000,0.000000
285.920000,1.203931,-2.933158,3.137815,-0.500000,0.000000
286.020000,1.253931,-2.933347,3.137815,-0.500000,0.000000
286.120000,1.303930,-2.933536,3.137815,-0.500000,0.000000
286.220000,1.353930,-2.933724,3.137815,-0.500000,0.000000
286.320000,1.403929,-2.933913,3.137815,-0.500000,0.000000
286.420000,1.453929,-2.934102,3.137815,-0.500000,0.000000
286.520000,1.503929,-2.934291,3.137815,-0.500000,0.000000
286.620000,1.553928,-2.934480,3.137815,-0.500000,0.000000
286.720000,1.603928,-2.934669,3.137815,-0.500000,0.000000
286.820000,1.653928,-2.934858,3.137815,-0.500000,0.000000
286.920000,1.703927,-2.935047,3.137815,-0.500000,0.000000
287.020000,1.753927,-2.935236,3.137815,-0.500000,0.000000
287.120000,1.762927,-2.935270,3.137815,0.000000,0.000000
287.220000,1.762927,-2.935270,3.137815,0.000000,0.000000
287.320000,1.762927,-2.935270,3.137815,0.000000,0.000000
287.420000,1.762927,-2.935270,3.137815,0.000000,0.000000
287.520000,1.762927,-2.935270,3.137815,0.000000,0.000000
287.620000,1.762927,-2.935270,3.137815,0.000000,0.000000
287.720000,1.762927,-2.935270,3.137815,0.000000,0.000000
287.820000,1.762927,-2.935270,3.137815,0.000000,0.000000
287.920000,1.762927,-2.935270,3.137815,0.000000,0.000000
288.020000,1.762927,-2.935270,3.137815,0.000000,0.000000
288.120000,1.762927,-2.935270,3.137815,0.000000,0.000000
288.220000,1.762927,-2.935270,3.137815,0.000000,0.000000
288.320000,1.762927,-2.935270,3.137815,0.000000,0.000000
288.420000,1.762927,-2.935270,3.137815,0.000000,0.000000
288.520000,1.762927,-2.935270,3.137815,0.000000,0.000000
288.620000,1.762927,-2.935270,3.137815,0.000000,0.000000
288.720000,1.762927,-2.935270,3.137815,0.000000,0.000000
288.820000,1.762927,-2.935270,3.137815,0.000000,0.000000
288.920000,1.762927,-2.935270,3.137815,0.000000,0.000000
289.020000,1.762927,-2.935270,3.137815,0.000000,0.000000
289.120000,1.762927,-2.935270,3.137815,0.000000,0.000000
289.220000,1.762927,-2.935270,-3.103371,0.000000,1.000000
289.320000,1.762927,-2.935270,-3.003371,0.000000,1.000000
289.420000,1.762927,-2.935270,-2.903371,0.000000,1.000000
289.520000,1.762927,-2.935270,-2.803371,0.000000,1.000000
289.620000,1.762927,-2.935270,-2.703371,0.000000,1.000000
289.720000,1.762927,-2.935270,-2.603371,0.000000,1.000000
289.820000,1.762927,-2.935270,-2.503371,0.000000,1.000000
289.920000,1.762927,-2.935270,-2.403371,0.000000,1.000000
290.020000,1.762927,-2.935270,-2.303371,0.000000,1.000000
290.120000,1.762927,-2.935270,-2.203371,-0.000000,1.000000
290.220000,1.762927,-2.935270,-2.103371,0.000000,1.000000
290.320000,1.762927,-2.935270,-2.003371,0.000000,1.000000
290.420000,1.762927,-2.935270,-1.903371,0.000000,1.000000
290.520000,1.762927,-2.935270,-1.803371,0.000000,1.000000
290.620000,1.762927,-2.935270,-1.703371,0.000000,1.000000
290.720000,1.762927,-2.935270,-1.603371,0.000000,1.000000
290.820000,1.762927,-2.935270,-1.503371,0.000000,1.000000
290.920000,1.762927,-2.935270,-1.403371,0.000000,1.000000
291.020000,1.762927,-2.935270,-1.303371,0.000000,1.000000
291.120000,1.762927,-2.935270,-1.203371,0.000000,1.000000
291.220000,1.762927,-2.935270,-1.103371,0.000000,1.000000
291.320000,1.762927,-2.935270,-1.003371,0.000000,1.000000
291.420000,1.762927,-2.935270,-0.903371,0.000000,1.000000
291.520000,1.762927,-2.935270,-0.803371,0.000000,1.000000
291.620000,1.762927,-2.935270,-0.703371,0.000000,1.000000
291.720000,1.762927,-2.935270,-0.603371,0.000000,1.000000
291.820000,1.762927,-2.935270,-0.503371,0.000000,1.000000
291.920000,1.762927,-2.935270,-0.403371,0.000000,1.000000
292.020000,1.762927,-2.935270,-0.303371,0.000000,1.000000
292.120000,1.762927,-2.935270,-0.203371,0.000000,1.000000
292.220000,1.762927,-2.935270,-0.103371,0.000000,1.000000
292.320000,1.762927,-2.935270,-0.003371,0.000000,1.000000
292.420000,1.762927,-2.935270,0.096629,0.000000,1.000000
292.520000,1.762927,-2.935270,0.196629,0.000000,1.000000
292.620000,1.762927,-2.935270,0.296629,-0.000000,1.000000
292.720000,1.762927,-2.935270,0.396629,0.000000,1.000000
292.820000,1.762927,-2.935270,0.496629,0.000000,1.000000
292.920000,1.762927,-2.935270,0.596629,0.000000,1.000000
293.020000,1.762927,-2.935270,0.602629,0.000000,0.000000
293.120000,1.762927,-2.935270,0.602629,0.000000,0.000000
293.220000,1.762927,-2.935270,0.602629,0.000000,0.000000
293.320000,1.762927,-2.935270,0.602629,0.000000,0.000000
293.420000,1.762927,-2.935270,0.602629,0.000000,0.000000
293.520000,1.762927,-2.935270,0.602629,0.000000,0.000000
293.620000,1.762927,-2.935270,0.602629,0.000000,0.000000
293.720000,1.762927,-2.935270,0.602629,0.000000,0.000000
293.820000,1.762927,-2.935270,0.602629,0.000000,0.000000
293.920000,1.762927,-2.935270,0.602629,0.000000,0.000000
294.020000,1.762927,-2.935270,0.602629,0.000000,0.000000
294.120000,1.762927,-2.935270,0.602629,0.000000,0.000000
294.220000,1.762927,-2.935270,0.602629,0.000000,0.000000
294.320000,1.762927,-2.935270,0.602629,0.000000,0.000000
294.420000,1.762927,-2.935270,0.602629,0.000000,0.000000
294.520000,1.762927,-2.935270,0.602629,0.000000,0.000000
294.620000,1.762927,-2.935270,0.602629,0.000000,0.000000
294.720000,1.762927,-2.935270,0.602629,0.000000,0.000000
294.820000,1.762927,-2.935270,0.602629,0.000000,0.000000
294.920000,1.762927,-2.935270,0.602629,0.000000,0.000000
295.020000,1.762927,-2.935270,0.602629,0.000000,0.000000
295.120000,1.762927,-2.935270,0.602629,0.000000,0.000000
295.220000,1.762927,-2.935270,0.602629,0.000000,0.000000
295.320000,1.762927,-2.935270,0.602629,0.000000,0.000000
295.420000,1.762927,-2.935270,0.602629,0.000000,0.000000
295.520000,1.762927,-2.935270,0.602629,0.000000,0.000000
295.620000,1.762927,-2.935270,0.602629,0.000000,0.000000
295.720000,1.762927,-2.935270,0.602629,0.000000,0.000000
295.820000,1.762927,-2.935270,0.602629,0.000000,0.000000
295.920000,1.762927,-2.935270,0.602629,0.000000,0.000000
296.020000,1.762927,-2.935270,0.602629,0.000000,0.000000
296.120000,1.762927,-2.935270,0.602629,0.000000,0.000000
296.220000,1.762927,-2.935270,0.602629,0.000000,0.000000
296.320000,1.762927,-2.935270,0.602629,0.000000,0.000000
296.420000,1.762927,-2.935270,0.602629,0.000000,0.000000
296.520000,1.762927,-2.935270,0.602629,0.000000,0.000000
296.620000,1.762927,-2.935270,0.602629,0.000000,0.000000
296.720000,1.762927,-2.935270,0.602629,0.000000,0.000000
296.820000,1.762927,-2.935270,0.602629,0.000000,0.000000
296.920000,1.762927,-2.935270,0.602629,0.000000,0.000000
297.020000,1.762927,-2.935270,0.602629,0.000000,0.000000
297.120000,1.762927,-2.935270,0.602629,0.000000,0.000000
297.220000,1.762927,-2.935270,0.602629,0.000000,0.000000
297.320000,1.762927,-2.935270,0.602629,0.000000,0.000000
297.420000,1.762927,-2.935270,0.602629,0.000000,0.000000
297.520000,1.762927,-2.935270,0.602629,0.000000,0.000000
297.620000,1.762927,-2.935270,0.602629,0.000000,0.000000
297.720000,1.762927,-2.935270,0.602629,0.000000,0.000000
297.820000,1.762927,-2.935270,0.602629,0.000000,0.000000
297.920000,1.762927,-2.935270,0.602629,0.000000,0.000000
298.020000,1.762927,-2.935270,0.602629,0.000000,0.000000
298.120000,1.762927,-2.935270,0.602629,0.000000,0.000000
298.220000,1.762927,-2.935270,0.602629,0.000000,0.000000
298.320000,1.762927,-2.935270,0.602629,0.000000,0.000000
298.420000,1.762927,-2.935270,0.602629,0.000000,0.000000
298.520000,1.762927,-2.935270,0.602629,0.000000,0.000000
298.620000,1.762927,-2.935270,0.602629,0.000000,0.000000
298.720000,1.762927,-2.935270,0.602629,0.000000,0.000000
298.820000,1.762927,-2.935270,0.602629,0.000000,0.000000
298.920000,1.762927,-2.935270,0.602629,0.000000,0.000000
299.020000,1.762927,-2.935270,0.602629,0.000000,0.000000
299.120000,1.762927,-2.935270,0.602629,0.000000,0.000000
299.220000,1.762927,-2.935270,0.602629,0.000000,0.000000
299.320000,1.762927,-2.935270,0.602629,0.000000,0.000000
299.420000,1.762927,-2.935270,0.602629,0.000000,0.000000
299.520000,1.762927,-2.935270,0.602629,0.000000,0.000000
299.620000,1.762927,-2.935270,0.602629,0.000000,0.000000
299.720000,1.762927,-2.935270,0.602629,0.000000,0.000000
299.820000,1.762927,-2.935270,0.602629,0.000000,0.000000
299.920000,1.762927,-2.935270,0.602629,0.000000,0.000000
300.020000,1.762927,-2.935270,0.602629,0.000000,0.000000
300.120000,1.762927,-2.935270,0.602629,0.000000,0.000000
300.220000,1.762927,-2.935270,0.602629,0.000000,0.000000
300.320000,1.762927,-2.935270,0.602629,0.000000,0.000000
300.420000,1.762927,-2.935270,0.602629,0.000000,0.000000
300.520000,1.762927,-2.935270,0.602629,0.000000,0.000000
300.620000,1.762927,-2.935270,0.602629,0.000000,0.000000
300.720000,1.762927,-2.935270,0.602629,0.000000,0.000000
300.820000,1.762927,-2.935270,0.602629,0.000000,0.000000
300.920000,1.762927,-2.935270,0.602629,0.000000,0.000000
301.020000,1.762927,-2.935270,0.602629,0.000000,0.000000
301.120000,1.762927,-2.935270,0.602629,0.000000,0.000000
301.220000,1.762927,-2.935270,0.602629,0.000000,0.000000
301.320000,1.762927,-2.935270,0.602629,0.000000,0.000000
301.420000,1.762927,-2.935270,0.602629,0.000000,0.000000
301.520000,1.762927,-2.935270,0.602629,0.000000,0.000000
301.620000,1.762927,-2.935270,0.602629,0.000000,0.000000
301.720000,1.762927,-2.935270,0.602629,0.000000,0.000000
301.820000,1.762927,-2.935270,0.602629,0.000000,0.000000
301.920000,1.762927,-2.935270,0.602629,0.000000,0.000000
302.020000,1.762927,-2.935270,0.602629,0.000000,0.000000
302.120000,1.762927,-2.935270,0.602629,0.000000,0.000000
302.220000,1.762927,-2.935270,0.602629,0.000000,0.000000
302.320000,1.762927,-2.935270,0.602629,0.000000,0.000000
302.420000,1.762927,-2.935270,0.602629,0.000000,0.000000
302.520000,1.762927,-2.935270,0.602629,0.000000,0.000000
302.620000,1.762927,-2.935270,0.602629,0.000000,0.000000
302.720000,1.762927,-2.935270,0.602629,0.000000,0.000000
302.820000,1.762927,-2.935270,0.602629,0.000000,0.000000
302.920000,1.762927,-2.935270,0.602629,0.000000,0.000000
303.020000,1.762927,-2.935270,0.602629,0.000000,0.000000
303.120000,1.762927,-2.935270,0.602629,0.000000,0.000000
303.220000,1.762927,-2.935270,0.602629,0.000000,0.000000
303.320000,1.762927,-2.935270,0.602629,0.000000,0.000000
303.420000,1.762927,-2.935270,0.602629,0.000000,0.000000
303.520000,1.762927,-2.935270,0.602629,0.000000,0.000000
303.620000,1.762927,-2.935270,0.602629,0.000000,0.000000
303.720000,1.762927,-2.935270,0.602629,0.000000,0.000000
303.820000,1.762927,-2.935270,0.602629,0.000000,0.000000
303.920000,1.762927,-2.935270,0.602629,0.000000,0.000000
304.020000,1.762927,-2.935270,0.602629,0.000000,0.000000
304.120000,1.762927,-2.935270,0.602629,0.000000,0.000000
304.220000,1.762927,-2.935270,0.602629,0.000000,0.000000
304.320000,1.762927,-2.935270,0.602629,0.000000,0.000000
304.420000,1.762927,-2.935270,0.602629,0.000000,0.000000
304.520000,1.762927,-2.935270,0.602629,0.000000,0.000000
304.620000,1.762927,-2.935270,0.602629,0.000000,0.000000
304.720000,1.762927,-2.935270,0.602629,0.000000,0.000000
304.820000,1.762927,-2.935270,0.602629,0.000000,0.000000
304.920000,1.762927,-2.935270,0.602629,0.000000,0.000000
305.020000,1.762927,-2.935270,0.602629,0.000000,0.000000
305.120000,1.762927,-2.935270,0.602629,0.000000,0.000000
305.220000,1.762927,-2.935270,0.602629,0.000000,0.000000
305.320000,1.762927,-2.935270,0.602629,0.000000,0.000000
305.420000,1.762927,-2.935270,0.602629,0.000000,0.000000
305.520000,1.762927,-2.935270,0.602629,0.000000,0.000000
305.620000,1.762927,-2.935270,0.602629,0.000000,0.000000
305.720000,1.762927,-2.935270,0.602629,0.000000,0.000000
305.820000,1.762927,-2.935270,0.602629,0.000000,0.000000
305.920000,1.762927,-2.935270,0.602629,0.000000,0.000000
306.020000,1.762927,-2.935270,0.602629,0.000000,0.000000
306.120000,1.762927,-2.935270,0.602629,0.000000,0.000000
306.220000,1.762927,-2.935270,0.602629,0.000000,0.000000
306.320000,1.762927,-2.935270,0.602629,0.000000,0.000000
306.420000,1.762927,-2.935270,0.602629,0.000000,0.000000
306.520000,1.762927,-2.935270,0.602629,0.000000,0.000000
306.620000,1.762927,-2.935270,0.602629,0.000000,0.000000
306.720000,1.762927,-2.935270,0.602629,0.000000,0.000000
306.820000,1.762927,-2.935270,0.602629,0.000000,0.000000
306.920000,1.762927,-2.935270,0.602629,0.000000,0.000000
307.020000,1.762927,-2.935270,0.602629,0.000000,0.000000
307.120000,1.762927,-2.935270,0.602629,0.000000,0.000000
307.220000,1.762927,-2.935270,0.602629,0.000000,0.000000
307.320000,1.762927,-2.935270,0.602629,0.000000,0.000000
307.420000,1.762927,-2.935270,0.602629,0.000000,0.000000
307.520000,1.762927,-2.935270,0.602629,0.000000,0.000000
307.620000,1.762927,-2.935270,0.602629,0.000000,0.000000
307.720000,1.762927,-2.935270,0.602629,0.000000,0.000000
307.820000,1.762927,-2.935270,0.602629,0.000000,0.000000
307.920000,1.762927,-2.935270,0.602629,0.000000,0.000000
308.020000,1.762927,-2.935270,0.602629,0.000000,0.000000
308.120000,1.762927,-2.935270,0.602629,0.000000,0.000000
308.220000,1.762927,-2.935270,0.602629,0.000000,0.000000
308.320000,1.762927,-2.935270,0.602629,0.000000,0.000000
308.420000,1.762927,-2.935270,0.602629,0.000000,0.000000
308.520000,1.762927,-2.935270,0.602629,0.000000,0.000000
308.620000,1.762927,-2.935270,0.602629,0.000000,0.000000
308.720000,1.762927,-2.935270,0.602629,0.000000,0.000000
308.820000,1.762927,-2.935270,0.602629,0.000000,0.000000
308.920000,1.762927,-2.935270,0.602629,0.000000,0.000000
309.020000,1.762927,-2.935270,0.602629,0.000000,0.000000
309.120000,1.762927,-2.935270,0.602629,0.000000,0.000000
309.220000,1.762927,-2.935270,0.602629,0.000000,0.000000
309.320000,1.762927,-2.935270,0.602629,0.000000,0.000000
309.420000,1.762927,-2.935270,0.602629,0.000000,0.000000
309.520000,1.762927,-2.935270,0.602629,0.000000,0.000000
309.620000,1.762927,-2.935270,0.602629,0.000000,0.000000
309.720000,1.762927,-2.935270,0.602629,0.000000,0.000000
309.820000,1.762927,-2.935270,0.602629,0.000000,0.000000
309.920000,1.762927,-2.935270,0.602629,0.000000,0.000000
310.020000,1.762927,-2.935270,0.602629,0.000000,0.000000
310.120000,1.762927,-2.935270,0.602629,0.000000,0.000000
310.220000,1.762927,-2.935270,0.602629,0.000000,0.000000
310.320000,1.762927,-2.935270,0.602629,0.000000,0.000000
310.420000,1.762927,-2.935270,0.602629,0.000000,0.000000
310.520000,1.762927,-2.935270,0.602629,0.000000,0.000000
310.620000,1.762927,-2.935270,0.602629,0.000000,0.000000
310.720000,1.762927,-2.935270,0.602629,0.000000,0.000000
310.820000,1.762927,-2.935270,0.602629,0.000000,0.000000
310.920000,1.762927,-2.935270,0.602629,0.000000,0.000000
311.020000,1.762927,-2.935270,0.602629,0.000000,0.000000
311.120000,1.762927,-2.935270,0.602629,0.000000,0.000000
311.220000,1.762927,-2.935270,0.602629,0.000000,0.000000
311.320000,1.762927,-2.935270,0.602629,0.000000,0.000000
311.420000,1.762927,-2.935270,0.602629,0.000000,0.000000
311.520000,1.762927,-2.935270,0.602629,0.000000,0.000000
311.620000,1.762927,-2.935270,0.602629,0.000000,0.000000
311.720000,1.762927,-2.935270,0.602629,0.000000,0.000000
311.820000,1.762927,-2.935270,0.602629,0.000000,0.000000
311.920000,1.762927,-2.935270,0.602629,0.000000,0.000000
312.020000,1.762927,-2.935270,0.602629,0.000000,0.000000
312.120000,1.762927,-2.935270,0.602629,0.000000,0.000000
312.220000,1.762927,-2.935270,0.602629,0.000000,0.000000
312.320000,1.762927,-2.935270,0.602629,0.000000,0.000000
312.420000,1.762927,-2.935270,0.602629,0.000000,0.000000
312.520000,1.762927,-2.935270,0.602629,0.000000,0.000000
312.620000,1.762927,-2.935270,0.602629,0.000000,0.000000
312.720000,1.762927,-2.935270,0.602629,0.000000,0.000000
312.820000,1.762927,-2.935270,0.602629,0.000000,0.000000
312.920000,1.762927,-2.935270,0.602629,0.000000,0.000000
313.020000,1.762927,-2.935270,0.602629,0.000000,0.000000
313.120000,1.762927,-2.935270,0.602629,0.000000,0.000000
313.220000,1.762927,-2.935270,0.602629,0.000000,0.000000
313.320000,1.762927,-2.935270,0.602629,0.000000,0.000000
313.420000,1.762927,-2.935270,0.602629,0.000000,0.000000
313.520000,1.762927,-2.935270,0.602629,0.000000,0.000000
313.620000,1.762927,-2.935270,0.602629,0.000000,0.000000
313.720000,1.762927,-2.935270,0.602629,0.000000,0.000000
313.820000,1.762927,-2.935270,0.602629,0.000000,0.000000
313.920000,1.762927,-2.935270,0.602629,0.000000,0.000000
314.020000,1.762927,-2.935270,0.602629,0.000000,0.000000
314.120000,1.762927,-2.935270,0.602629,0.000000,0.000000
314.220000,1.762927,-2.935270,0.602629,0.000000,0.000000
314.320000,1.762927,-2.935270,0.602629,0.000000,0.000000
314.420000,1.762927,-2.935270,0.602629,0.000000,0.000000
314.520000,1.762927,-2.935270,0.602629,0.000000,0.000000
314.620000,1.762927,-2.935270,0.602629,0.000000,0.000000
314.720000,1.762927,-2.935270,0.602629,0.000000,0.000000
314.820000,1.762927,-2.935270,0.602629,0.000000,0.000000
314.920000,1.762927,-2.935270,0.602629,0.000000,0.000000
315.020000,1.762927,-2.935270,0.602629,0.000000,0.000000
315.120000,1.762927,-2.935270,0.602629,0.000000,0.000000
315.220000,1.762927,-2.935270,0.602629,0.000000,0.000000
315.320000,1.762927,-2.935270,0.602629,0.000000,0.000000
315.420000,1.762927,-2.935270,0.602629,0.000000,0.000000
315.520000,1.762927,-2.935270,0.602629,0.000000,0.000000
315.620000,1.762927,-2.935270,0.602629,0.000000,0.000000
315.720000,1.762927,-2.935270,0.602629,0.000000,0.000000
315.820000,1.762927,-2.935270,0.602629,0.000000,0.000000
315.920000,1.762927,-2.935270,0.602629,0.000000,0.000000
316.020000,1.762927,-2.935270,0.602629,0.000000,0.000000
316.120000,1.762927,-2.935270,0.602629,0.000000,0.000000
316.220000,1.762927,-2.935270,0.602629,0.000000,0.000000
316.320000,1.762927,-2.935270,0.602629,0.000000,0.000000
316.420000,1.762927,-2.935270,0.602629,0.000000,0.000000
316.520000,1.762927,-2.935270,0.602629,0.000000,0.000000
316.620000,1.762927,-2.935270,0.602629,0.000000,0.000000
316.720000,1.762927,-2.935270,0.602629,0.000000,0.000000
316.820000,1.762927,-2.935270,0.602629,0.000000,0.000000
316.920000,1.762927,-2.935270,0.602629,0.000000,0.000000
317.020000,1.762927,-2.935270,0.602629,0.000000,0.000000
317.120000,1.762927,-2.935270,0.602629,0.000000,0.000000
317.220000,1.762927,-2.935270,0.602629,0.000000,0.000000
317.320000,1.762927,-2.935270,0.602629,0.000000,0.000000
317.420000,1.762927,-2.935270,0.602629,0.000000,0.000000
317.520000,1.762927,-2.935270,0.602629,0.000000,0.000000
317.620000,1.762927,-2.935270,0.602629,0.000000,0.000000
317.720000,1.762927,-2.935270,0.602629,0.000000,0.000000
317.820000,1.762927,-2.935270,0.602629,0.000000,0.000000
317.920000,1.762927,-2.935270,0.602629,0.000000,0.000000
318.020000,1.762927,-2.935270,0.602629,0.000000,0.000000
318.120000,1.762927,-2.935270,0.602629,0.000000,0.000000
318.220000,1.762927,-2.935270,0.602629,0.000000,0.000000
318.320000,1.762927,-2.935270,0.602629,0.000000,0.000000
318.420000,1.762927,-2.935270,0.602629,0.000000,0.000000
318.520000,1.762927,-2.935270,0.602629,0.000000,0.000000
318.620000,1.762927,-2.935270,0.602629,0.000000,0.000000
318.720000,1.762927,-2.935270,0.602629,0.000000,0.000000
318.820000,1.762927,-2.935270,0.602629,0.000000,0.000000
318.920000,1.762927,-2.935270,0.602629,0.000000,0.000000
319.020000,1.762927,-2.935270,0.602629,0.000000,0.000000
319.120000,1.762927,-2.935270,0.602629,0.000000,0.000000
319.220000,1.762927,-2.935270,0.602629,0.000000,0.000000
319.320000,1.762927,-2.935270,0.602629,0.000000,0.000000
319.420000,1.762927,-2.935270,0.602629,0.000000,0.000000
319.520000,1.762927,-2.935270,0.602629,0.000000,0.000000
319.620000,1.762927,-2.935270,0.602629,0.000000,0.000000
319.720000,1.762927,-2.935270,0.602629,0.000000,0.000000
319.820000,1.762927,-2.935270,0.602629,0.000000,0.000000
319.920000,1.762927,-2.935270,0.602629,0.000000,0.000000
320.020000,1.762927,-2.935270,0.602629,0.000000,0.000000
320.120000,1.762927,-2.935270,0.602629,0.000000,0.000000
320.220000,1.762927,-2.935270,0.602629,0.000000,0.000000
320.320000,1.762927,-2.935270,0.602629,0.000000,0.000000
320.420000,1.762927,-2.935270,0.602629,0.000000,0.000000
320.520000,1.762927,-2.935270,0.602629,0.000000,0.000000
320.620000,1.762927,-2.935270,0.602629,0.000000,0.000000
320.720000,1.762927,-2.935270,0.602629,0.000000,0.000000
320.820000,1.762927,-2.935270,0.602629,0.000000,0.000000
320.920000,1.762927,-2.935270,0.602629,0.000000,0.000000
321.020000,1.762927,-2.935270,0.602629,0.000000,0.000000
321.120000,1.762927,-2.935270,0.602629,0.000000,0.000000
321.220000,1.762927,-2.935270,0.602629,0.000000,0.000000
321.320000,1.762927,-2.935270,0.602629,0.000000,0.000000
321.420000,1.762927,-2.935270,0.602629,0.000000,0.000000
321.520000,1.762927,-2.935270,0.602629,0.000000,0.000000
321.620000,1.762927,-2.935270,0.602629,0.000000,0.000000
321.720000,1.762927,-2.935270,0.602629,0.000000,0.000000
321.820000,1.762927,-2.935270,0.602629,0.000000,0.000000
321.920000,1.762927,-2.935270,0.602629,0.000000,0.000000
322.020000,1.762927,-2.935270,0.602629,0.000000,0.000000
322.120000,1.762927,-2.935270,0.602629,0.000000,0.000000
322.220000,1.762927,-2.935270,0.602629,0.000000,0.000000
322.320000,1.762927,-2.935270,0.602629,0.000000,0.000000
322.420000,1.762927,-2.935270,0.602629,0.000000,0.000000
322.520000,1.762927,-2.935270,0.602629,0.000000,0.000000
322.620000,1.762927,-2.935270,0.602629,0.000000,0.000000
322.720000,1.762927,-2.935270,0.602629,0.000000,0.000000
322.820000,1.762927,-2.935270,0.602629,0.000000,0.000000
322.920000,1.762927,-2.935270,0.602629,0.000000,0.000000
323.020000,1.762927,-2.935270,0.602629,0.000000,0.000000
323.120000,1.762927,-2.935270,0.602629,0.000000,0.000000
323.220000,1.762927,-2.935270,0.602629,0.000000,0.000000
323.320000,1.762927,-2.935270,0.602629,0.000000,0.000000
323.420000,1.762927,-2.935270,0.602629,0.000000,0.000000
323.520000,1.762927,-2.935270,0.602629,0.000000,0.000000
323.620000,1.762927,-2.935270,0.602629,0.000000,0.000000
323.720000,1.762927,-2.935270,0.602629,0.000000,0.000000
323.820000,1.762927,-2.935270,0.602629,0.000000,0.000000
323.920000,1.762927,-2.935270,0.602629,0.000000,0.000000
324.020000,1.762927,-2.935270,0.602629,0.000000,0.000000
324.120000,1.762927,-2.935270,0.602629,0.000000,0.000000
324.220000,1.762927,-2.935270,0.602629,0.000000,0.000000
324.320000,1.762927,-2.935270,0.602629,0.000000,0.000000
324.420000,1.762927,-2.935270,0.602629,0.000000,0.000000
324.520000,1.762927,-2.935270,0.602629,0.000000,0.000000
324.620000,1.762927,-2.935270,0.602629,0.000000,0.000000
324.720000,1.762927,-2.935270,0.602629,0.000000,0.000000
324.820000,1.762927,-2.935270,0.602629,0.000000,0.000000
324.920000,1.762927,-2.935270,0.602629,0.000000,0.000000
325.020000,1.762927,-2.935270,0.602629,0.000000,0.000000
325.120000,1.762927,-2.935270,0.602629,0.000000,0.000000
325.220000,1.762927,-2.935270,0.602629,0.000000,0.000000
325.320000,1.762927,-2.935270,0.602629,0.000000,0.000000
325.420000,1.762927,-2.935270,0.602629,0.000000,0.000000
325.520000,1.762927,-2.935270,0.602629,0.000000,0.000000
325.620000,1.762927,-2.935270,0.602629,0.000000,0.000000
325.720000,1.762927,-2.935270,0.602629,0.000000,0.000000
325.820000,1.762927,-2.935270,0.602629,0.000000,0.000000
325.920000,1.762927,-2.935270,0.602629,0.000000,0.000000
326.020000,1.762927,-2.935270,0.602629,0.000000,0.000000
326.120000,1.762927,-2.935270,0.602629,0.000000,0.000000
326.220000,1.762927,-2.935270,0.602629,0.000000,0.000000
326.320000,1.762927,-2.935270,0.602629,0.000000,0.000000
326.420000,1.762927,-2.935270,0.602629,0.000000,0.000000
326.520000,1.762927,-2.935270,0.602629,0.000000,0.000000
326.620000,1.762927,-2.935270,0.602629,0.000000,0.000000
326.720000,1.762927,-2.935270,0.602629,0.000000,0.000000
326.820000,1.762927,-2.935270,0.602629,0.000000,0.000000
326.920000,1.762927,-2.935270,0.602629,0.000000,0.000000
327.020000,1.762927,-2.935270,0.602629,0.000000,0.000000
327.120000,1.762927,-2.935270,0.602629,0.000000,0.000000
327.220000,1.762927,-2.935270,0.602629,0.000000,0.000000
327.320000,1.762927,-2.935270,0.602629,0.000000,0.000000
327.420000,1.762927,-2.935270,0.602629,0.000000,0.000000
327.520000,1.762927,-2.935270,0.602629,0.000000,0.000000
327.620000,1.762927,-2.935270,0.602629,0.000000,0.000000
327.720000,1.762927,-2.935270,0.602629,0.000000,0.000000
327.820000,1.762927,-2.935270,0.602629,0.000000,0.000000
327.920000,1.762927,-2.935270,0.602629,0.000000,0.000000
328.020000,1.762927,-2.935270,0.602629,0.000000,0.000000
328.120000,1.762927,-2.935270,0.602629,0.000000,0.000000
328.220000,1.762927,-2.935270,0.602629,0.000000,0.000000
328.320000,1.762927,-2.935270,0.602629,0.000000,0.000000
328.420000,1.762927,-2.935270,0.602629,0.000000,0.000000
328.520000,1.762927,-2.935270,0.602629,0.000000,0.000000
328.620000,1.762927,-2.935270,0.602629,0.000000,0.000000
328.720000,1.762927,-2.935270,0.602629,0.000000,0.000000
328.820000,1.762927,-2.935270,0.602629,0.000000,0.000000
328.920000,1.762927,-2.935270,0.602629,0.000000,0.000000
329.020000,1.762927,-2.935270,0.602629,0.000000,0.000000
329.120000,1.762927,-2.935270,0.602629,0.000000,0.000000
329.220000,1.762927,-2.935270,0.602629,0.000000,0.000000
329.320000,1.762927,-2.935270,0.602629,0.000000,0.000000
329.420000,1.762927,-2.935270,0.602629,0.000000,0.000000
329.520000,1.762927,-2.935270,0.602629,0.000000,0.000000
329.620000,1.762927,-2.935270,0.602629,0.000000,0.000000
329.720000,1.762927,-2.935270,0.602629,0.000000,0.000000
329.820000,1.762927,-2.935270,0.602629,0.000000,0.000000
329.920000,1.762927,-2.935270,0.602629,0.000000,0.000000
330.020000,1.762927,-2.935270,0.602629,0.000000,0.000000
330.120000,1.762927,-2.935270,0.602629,0.000000,0.000000
330.220000,1.762927,-2.935270,0.602629,0.000000,0.000000
330.320000,1.762927,-2.935270,0.602629,0.000000,0.000000
330.420000,1.762927,-2.935270,0.602629,0.000000,0.000000
330.520000,1.762927,-2.935270,0.602629,0.000000,0.000000
330.620000,1.762927,-2.935270,0.602629,0.000000,0.000000
330.720000,1.762927,-2.935270,0.602629,0.000000,0.000000
330.820000,1.762927,-2.935270,0.602629,0.000000,0.000000
330.920000,1.762927,-2.935270,0.602629,0.000000,0.000000
331.020000,1.762927,-2.935270,0.602629,0.000000,0.000000
331.120000,1.762927,-2.935270,0.602629,0.000000,0.000000
331.220000,1.762927,-2.935270,0.602629,0.000000,0.000000
331.320000,1.762927,-2.935270,0.602629,0.000000,0.000000
331.420000,1.762927,-2.935270,0.602629,0.000000,0.000000
331.520000,1.762927,-2.935270,0.602629,0.000000,0.000000
331.620000,1.762927,-2.935270,0.602629,0.000000,0.000000
331.720000,1.762927,-2.935270,0.602629,0.000000,0.000000
331.820000,1.762927,-2.935270,0.602629,0.000000,0.000000
331.920000,1.762927,-2.935270,0.602629,0.000000,0.000000
332.020000,1.762927,-2.935270,0.602629,0.000000,0.000000
332.120000,1.762927,-2.935270,0.602629,0.000000,0.000000
332.220000,1.762927,-2.935270,0.602629,0.000000,0.000000
332.320000,1.762927,-2.935270,0.602629,0.000000,0.000000
332.420000,1.762927,-2.935270,0.602629,0.000000,0.000000
332.520000,1.762927,-2.935270,0.602629,0.000000,0.000000
332.620000,1.762927,-2.935270,0.602629,0.000000,0.000000
332.720000,1.762927,-2.935270,0.602629,0.000000,0.000000
332.820000,1.762927,-2.935270,0.602629,0.000000,0.000000
332.920000,1.762927,-2.935270,0.602629,0.000000,0.000000
333.020000,1.762927,-2.935270,0.602629,0.000000,0.000000
333.120000,1.762927,-2.935270,0.602629,0.000000,0.000000
333.220000,1.762927,-2.935270,0.602629,0.000000,0.000000
333.320000,1.762927,-2.935270,0.602629,0.000000,0.000000
333.420000,1.762927,-2.935270,0.602629,0.000000,0.000000
333.520000,1.762927,-2.935270,0.602629,0.000000,0.000000
333.620000,1.762927,-2.935270,0.602629,0.000000,0.000000
333.720000,1.762927,-2.935270,0.602629,0.000000,0.000000
333.820000,1.762927,-2.935270,0.602629,0.000000,0.000000
333.920000,1.762927,-2.935270,0.602629,0.000000,0.000000
334.020000,1.762927,-2.935270,0.602629,0.000000,0.000000
334.120000,1.762927,-2.935270,0.602629,0.000000,0.000000
334.220000,1.762927,-2.935270,0.602629,0.000000,0.000000
334.320000,1.762927,-2.935270,0.602629,0.000000,0.000000
334.420000,1.762927,-2.935270,0.602629,0.000000,0.000000
334.520000,1.762927,-2.935270,0.602629,0.000000,0.000000
334.620000,1.762927,-2.935270,0.602629,0.000000,0.000000
334.720000,1.762927,-2.935270,0.602629,0.000000,0.000000
334.820000,1.762927,-2.935270,0.602629,0.000000,0.000000
334.920000,1.762927,-2.935270,0.602629,0.000000,0.000000
335.020000,1.762927,-2.935270,0.602629,0.000000,0.000000
335.120000,1.762927,-2.935270,0.602629,0.000000,0.000000
335.220000,1.762927,-2.935270,0.602629,0.000000,0.000000
335.320000,1.762927,-2.935270,0.602629,0.000000,0.000000
335.420000,1.762927,-2.935270,0.602629,0.000000,0.000000
335.520000,1.762927,-2.935270,0.602629,0.000000,0.000000
335.620000,1.762927,-2.935270,0.602629,0.000000,0.000000
335.720000,1.762927,-2.935270,0.602629,0.000000,0.000000
335.820000,1.762927,-2.935270,0.602629,0.000000,0.000000
335.920000,1.762927,-2.935270,0.602629,0.000000,0.000000
336.020000,1.762927,-2.935270,0.602629,0.000000,0.000000
336.120000,1.762927,-2.935270,0.602629,0.000000,0.000000
336.220000,1.762927,-2.935270,0.602629,0.000000,0.000000
336.320000,1.762927,-2.935270,0.602629,0.000000,0.000000
336.420000,1.762927,-2.935270,0.602629,0.000000,0.000000
336.520000,1.762927,-2.935270,0.602629,0.000000,0.000000
336.620000,1.762927,-2.935270,0.602629,0.000000,0.000000
336.720000,1.762927,-2.935270,0.602629,0.000000,0.000000
336.820000,1.762927,-2.935270,0.602629,0.000000,0.000000
336.920000,1.762927,-2.935270,0.602629,0.000000,0.000000
337.020000,1.762927,-2.935270,0.602629,0.000000,0.000000
337.120000,1.762927,-2.935270,0.602629,0.000000,0.000000
337.220000,1.762927,-2.935270,0.602629,0.000000,0.000000
337.320000,1.762927,-2.935270,0.602629,0.000000,0.000000
337.420000,1.762927,-2.935270,0.602629,0.000000,0.000000
337.520000,1.762927,-2.935270,0.602629,0.000000,0.000000
337.620000,1.762927,-2.935270,0.602629,0.000000,0.000000
337.720000,1.762927,-2.935270,0.602629,0.000000,0.000000
337.820000,1.762927,-2.935270,0.602629,0.000000,0.000000
337.920000,1.762927,-2.935270,0.602629,0.000000,0.000000
338.020000,1.762927,-2.935270,0.602629,0.000000,0.000000
338.120000,1.762927,-2.935270,0.602629,0.000000,0.000000
338.220000,1.762927,-2.935270,0.602629,0.000000,0.000000
338.320000,1.762927,-2.935270,0.602629,0.000000,0.000000
338.420000,1.762927,-2.935270,0.602629,0.000000,0.000000
338.520000,1.762927,-2.935270,0.602629,0.000000,0.000000
338.620000,1.762927,-2.935270,0.602629,0.000000,0.000000
338.720000,1.762927,-2.935270,0.602629,0.000000,0.000000
338.820000,1.762927,-2.935270,0.602629,0.000000,0.000000
338.920000,1.762927,-2.935270,0.602629,0.000000,0.000000
339.020000,1.762927,-2.935270,0.602629,0.000000,0.000000
339.120000,1.762927,-2.935270,0.602629,0.000000,0.000000
339.220000,1.762927,-2.935270,0.602629,0.000000,0.000000
339.320000,1.762927,-2.935270,0.602629,0.000000,0.000000
339.420000,1.762927,-2.935270,0.602629,0.000000,0.000000
339.520000,1.762927,-2.935270,0.602629,0.000000,0.000000
339.620000,1.762927,-2.935270,0.602629,0.000000,0.000000
339.720000,1.762927,-2.935270,0.602629,0.000000,0.000000
339.820000,1.762927,-2.935270,0.602629,0.000000,0.000000
339.920000,1.762927,-2.935270,0.602629,0.000000,0.000000
340.020000,1.762927,-2.935270,0.602629,0.000000,0.000000
340.120000,1.762927,-2.935270,0.602629,0.000000,0.000000
340.220000,1.762927,-2.935270,0.602629,0.000000,0.000000
340.320000,1.762927,-2.935270,0.602629,0.000000,0.000000
340.420000,1.762927,-2.935270,0.602629,0.000000,0.000000
340.520000,1.762927,-2.935270,0.602629,0.000000,0.000000
340.620000,1.762927,-2.935270,0.602629,0.000000,0.000000
340.720000,1.762927,-2.935270,0.602629,0.000000,0.000000
340.820000,1.762927,-2.935270,0.602629,0.000000,0.000000
340.920000,1.762927,-2.935270,0.602629,0.000000,0.000000
341.020000,1.762927,-2.935270,0.602629,0.000000,0.000000
341.120000,1.762927,-2.935270,0.602629,0.000000,0.000000
341.220000,1.762927,-2.935270,0.602629,0.000000,0.000000
341.320000,1.762927,-2.935270,0.602629,0.000000,0.000000
341.420000,1.762927,-2.935270,0.602629,0.000000,0.000000
341.520000,1.762927,-2.935270,0.602629,0.000000,0.000000
341.620000,1.762927,-2.935270,0.602629,0.000000,0.000000
341.720000,1.762927,-2.935270,0.602629,0.000000,0.000000
341.820000,1.762927,-2.935270,0.602629,0.000000,0.000000
341.920000,1.762927,-2.935270,0.602629,0.000000,0.000000
342.020000,1.762927,-2.935270,0.602629,0.000000,0.000000
342.120000,1.762927,-2.935270,0.602629,0.000000,0.000000
342.220000,1.762927,-2.935270,0.602629,0.000000,0.000000
342.320000,1.762927,-2.935270,0.602629,0.000000,0.000000
342.420000,1.762927,-2.935270,0.602629,0.000000,0.000000
342.520000,1.762927,-2.935270,0.602629,0.000000,0.000000
342.620000,1.762927,-2.935270,0.602629,0.000000,0.000000
342.720000,1.762927,-2.935270,0.602629,0.000000,0.000000
342.820000,1.762927,-2.935270,0.602629,0.000000,0.000000
342.920000,1.762927,-2.935270,0.602629,0.000000,0.000000
343.020000,1.762927,-2.935270,0.602629,0.000000,0.000000
343.120000,1.762927,-2.935270,0.602629,0.000000,0.000000
343.220000,1.762927,-2.935270,0.602629,0.000000,0.000000
343.320000,1.762927,-2.935270,0.602629,0.000000,0.000000
343.420000,1.762927,-2.935270,0.602629,0.000000,0.000000
343.520000,1.762927,-2.935270,0.602629,0.000000,0.000000
343.620000,1.762927,-2.935270,0.602629,0.000000,0.000000
343.720000,1.762927,-2.935270,0.602629,0.000000,0.000000
343.820000,1.762927,-2.935270,0.602629,0.000000,0.000000
343.920000,1.762927,-2.935270,0.602629,0.000000,0.000000
344.020000,1.762927,-2.935270,0.602629,0.000000,0.000000
344.120000,1.762927,-2.935270,0.602629,0.000000,0.000000
344.220000,1.762927,-2.935270,0.602629,0.000000,0.000000
344.320000,1.762927,-2.935270,0.602629,0.000000,0.000000
344.420000,1.762927,-2.935270,0.602629,0.000000,0.000000
344.520000,1.762927,-2.935270,0.602629,0.000000,0.000000
344.620000,1.762927,-2.935270,0.602629,0.000000,0.000000
344.720000,1.762927,-2.935270,0.602629,0.000000,0.000000
344.820000,1.762927,-2.935270,0.602629,0.000000,0.000000
344.920000,1.762927,-2.935270,0.602629,0.000000,0.000000
345.020000,1.762927,-2.935270,0.602629,0.000000,0.000000
345.120000,1.762927,-2.935270,0.602629,0.000000,0.000000
345.220000,1.762927,-2.935270,0.602629,0.000000,0.000000
345.320000,1.762927,-2.935270,0.602629,0.000000,0.000000
345.420000,1.762927,-2.935270,0.602629,0.000000,0.000000
345.520000,1.762927,-2.935270,0.602629,0.000000,0.000000
345.620000,1.762927,-2.935270,0.602629,0.000000,0.000000
345.720000,1.762927,-2.935270,0.602629,0.000000,0.000000
345.820000,1.762927,-2.935270,0.602629,0.000000,0.000000
345.920000,1.762927,-2.935270,0.602629,0.000000,0.000000
346.020000,1.762927,-2.935270,0.602629,0.000000,0.000000
346.120000,1.762927,-2.935270,0.602629,0.000000,0.000000
346.220000,1.762927,-2.935270,0.602629,0.000000,0.000000
346.320000,1.762927,-2.935270,0.602629,0.000000,0.000000
346.420000,1.762927,-2.935270,0.602629,0.000000,0.000000
346.520000,1.762927,-2.935270,0.602629,0.000000,0.000000
346.620000,1.762927,-2.935270,0.602629,0.000000,0.000000
346.720000,1.762927,-2.935270,0.602629,0.000000,0.000000
346.820000,1.762927,-2.935270,0.602629,0.000000,0.000000
346.920000,1.762927,-2.935270,0.602629,0.000000,0.000000
347.020000,1.762927,-2.935270,0.602629,0.000000,0.000000
347.120000,1.762927,-2.935270,0.602629,0.000000,0.000000
347.220000,1.762927,-2.935270,0.602629,0.000000,0.000000
347.320000,1.762927,-2.935270,0.602629,0.000000,0.000000
347.420000,1.762927,-2.935270,0.602629,0.000000,0.000000
347.520000,1.762927,-2.935270,0.602629,0.000000,0.000000
347.620000,1.762927,-2.935270,0.602629,0.000000,0.000000
347.720000,1.762927,-2.935270,0.602629,0.000000,0.000000
347.820000,1.762927,-2.935270,0.602629,0.000000,0.000000
347.920000,1.762927,-2.935270,0.602629,0.000000,0.000000
348.020000,1.762927,-2.935270,0.602629,0.000000,0.000000
348.120000,1.762927,-2.935270,0.602629,0.000000,0.000000
348.220000,1.762927,-2.935270,0.602629,0.000000,0.000000
348.320000,1.762927,-2.935270,0.602629,0.000000,0.000000
348.420000,1.762927,-2.935270,0.602629,0.000000,0.000000
348.520000,1.762927,-2.935270,0.602629,0.000000,0.000000
348.620000,1.762927,-2.935270,0.602629,0.000000,0.000000
348.720000,1.762927,-2.935270,0.602629,0.000000,0.000000
348.820000,1.762927,-2.935270,0.602629,0.000000,0.000000
348.920000,1.762927,-2.935270,0.602629,0.000000,0.000000
349.020000,1.762927,-2.935270,0.602629,0.000000,0.000000
349.120000,1.762927,-2.935270,0.602629,0.000000,0.000000
349.220000,1.762927,-2.935270,0.602629,0.000000,0.000000
349.320000,1.762927,-2.935270,0.602629,0.000000,0.000000
349.420000,1.762927,-2.935270,0.602629,0.000000,0.000000
349.520000,1.762927,-2.935270,0.602629,0.000000,0.000000
349.620000,1.762927,-2.935270,0.602629,0.000000,0.000000
349.720000,1.762927,-2.935270,0.602629,0.000000,0.000000
349.820000,1.762927,-2.935270,0.602629,0.000000,0.000000
349.920000,1.762927,-2.935270,0.602629,0.000000,0.000000
350.020000,1.762927,-2.935270,0.602629,0.000000,0.000000
350.120000,1.762927,-2.935270,0.602629,0.000000,0.000000
350.220000,1.762927,-2.935270,0.602629,0.000000,0.000000
350.320000,1.762927,-2.935270,0.602629,0.000000,0.000000
350.420000,1.762927,-2.935270,0.602629,0.000000,0.000000
350.520000,1.762927,-2.935270,0.602629,0.000000,0.000000
350.620000,1.762927,-2.935270,0.602629,0.000000,0.000000
350.720000,1.762927,-2.935270,0.602629,0.000000,0.000000
350.820000,1.762927,-2.935270,0.602629,0.000000,0.000000
350.920000,1.762927,-2.935270,0.602629,0.000000,0.000000
351.020000,1.762927,-2.935270,0.602629,0.000000,0.000000
351.120000,1.762927,-2.935270,0.602629,0.000000,0.000000
351.220000,1.762927,-2.935270,0.602629,0.000000,0.000000
351.320000,1.762927,-2.935270,0.602629,0.000000,0.000000
351.420000,1.762927,-2.935270,0.602629,0.000000,0.000000
351.520000,1.762927,-2.935270,0.602629,0.000000,0.000000
351.620000,1.762927,-2.935270,0.602629,0.000000,0.000000
351.720000,1.762927,-2.935270,0.602629,0.000000,0.000000
351.820000,1.762927,-2.935270,0.602629,0.000000,0.000000
351.920000,1.762927,-2.935270,0.602629,0.000000,0.000000
352.020000,1.762927,-2.935270,0.602629,0.000000,0.000000
352.120000,1.762927,-2.935270,0.602629,0.000000,0.000000
352.220000,1.762927,-2.935270,0.602629,0.000000,0.000000
352.320000,1.762927,-2.935270,0.602629,0.000000,0.000000
352.420000,1.762927,-2.935270,0.602629,0.000000,0.000000
352.520000,1.762927,-2.935270,0.602629,0.000000,0.000000
352.620000,1.762927,-2.935270,0.602629,0.000000,0.000000
352.720000,1.762927,-2.935270,0.602629,0.000000,0.000000
352.820000,1.762927,-2.935270,0.602629,0.000000,0.000000
352.920000,1.762927,-2.935270,0.602629,0.000000,0.000000
353.020000,1.762927,-2.935270,0.602629,0.000000,0.000000
353.120000,1.762927,-2.935270,0.602629,0.000000,0.000000
353.220000,1.762927,-2.935270,0.602629,0.000000,0.000000
353.320000,1.762927,-2.935270,0.602629,0.000000,0.000000
353.420000,1.762927,-2.935270,0.602629,0.000000,0.000000
353.520000,1.762927,-2.935270,0.602629,0.000000,0.000000
353.620000,1.762927,-2.935270,0.602629,0.000000,0.000000
353.720000,1.762927,-2.935270,0.602629,0.000000,0.000000
353.820000,1.762927,-2.935270,0.602629,0.000000,0.000000
353.920000,1.762927,-2.935270,0.602629,0.000000,0.000000
354.020000,1.762927,-2.935270,0.602629,0.000000,0.000000
354.120000,1.762927,-2.935270,0.602629,0.000000,0.000000
354.220000,1.762927,-2.935270,0.602629,0.000000,0.000000
354.320000,1.762927,-2.935270,0.602629,0.000000,0.000000
354.420000,1.762927,-2.935270,0.602629,0.000000,0.000000
354.520000,1.762927,-2.935270,0.602629,0.000000,0.000000
354.620000,1.762927,-2.935270,0.602629,0.000000,0.000000
354.720000,1.762927,-2.935270,0.602629,0.000000,0.000000
354.820000,1.762927,-2.935270,0.602629,0.000000,0.000000
354.920000,1.762927,-2.935270,0.602629,0.000000,0.000000
355.020000,1.762927,-2.935270,0.602629,0.000000,0.000000
355.120000,1.762927,-2.935270,0.602629,0.000000,0.000000
355.220000,1.762927,-2.935270,0.602629,0.000000,0.000000
355.320000,1.762927,-2.935270,0.602629,0.000000,0.000000
355.420000,1.762927,-2.935270,0.602629,0.000000,0.000000
355.520000,1.762927,-2.935270,0.602629,0.000000,0.000000
355.620000,1.762927,-2.935270,0.602629,0.000000,0.000000
355.720000,1.762927,-2.935270,0.602629,0.000000,0.000000
355.820000,1.762927,-2.935270,0.602629,0.000000,0.000000
355.920000,1.762927,-2.935270,0.602629,0.000000,0.000000
356.020000,1.762927,-2.935270,0.602629,0.000000,0.000000
356.120000,1.762927,-2.935270,0.602629,0.000000,0.000000
356.220000,1.762927,-2.935270,0.602629,0.000000,0.000000
356.320000,1.762927,-2.935270,0.602629,0.000000,0.000000
356.420000,1.762927,-2.935270,0.602629,0.000000,0.000000
356.520000,1.762927,-2.935270,0.602629,0.000000,0.000000
356.620000,1.762927,-2.935270,0.602629,0.000000,0.000000
356.720000,1.762927,-2.935270,0.602629,0.000000,0.000000
356.820000,1.762927,-2.935270,0.602629,0.000000,0.000000
356.920000,1.762927,-2.935270,0.602629,0.000000,0.000000
357.020000,1.762927,-2.935270,0.602629,0.000000,0.000000
357.120000,1.762927,-2.935270,0.602629,0.000000,0.000000
357.220000,1.762927,-2.935270,0.602629,0.000000,0.000000
357.320000,1.762927,-2.935270,0.602629,0.000000,0.000000
357.420000,1.762927,-2.935270,0.602629,0.000000,0.000000
357.520000,1.762927,-2.935270,0.602629,0.000000,0.000000
357.620000,1.762927,-2.935270,0.602629,0.000000,0.000000
357.720000,1.762927,-2.935270,0.602629,0.000000,0.000000
357.820000,1.762927,-2.935270,0.602629,0.000000,0.000000
357.920000,1.762927,-2.935270,0.602629,0.000000,0.000000
358.020000,1.762927,-2.935270,0.602629,0.000000,0.000000
358.120000,1.762927,-2.935270,0.602629,0.000000,0.000000
358.220000,1.762927,-2.935270,0.602629,0.000000,0.000000
358.320000,1.762927,-2.935270,0.602629,0.000000,0.000000
358.420000,1.762927,-2.935270,0.602629,0.000000,0.000000
358.520000,1.762927,-2.935270,0.602629,0.000000,0.000000
358.620000,1.762927,-2.935270,0.602629,0.000000,0.000000
358.720000,1.762927,-2.935270,0.602629,0.000000,0.000000
358.820000,1.762927,-2.935270,0.602629,0.000000,0.000000
358.920000,1.762927,-2.935270,0.602629,0.000000,0.000000
359.020000,1.762927,-2.935270,0.602629,0.000000,0.000000
359.120000,1.762927,-2.935270,0.602629,0.000000,0.000000
359.220000,1.762927,-2.935270,0.602629,0.000000,0.000000
359.320000,1.762927,-2.935270,0.602629,0.000000,0.000000
359.420000,1.762927,-2.935270,0.602629,0.000000,0.000000
359.520000,1.762927,-2.935270,0.602629,0.000000,0.000000
359.620000,1.762927,-2.935270,0.602629,0.000000,0.000000
359.720000,1.762927,-2.935270,0.602629,0.000000,0.000000
359.820000,1.762927,-2.935270,0.602629,0.000000,0.000000
359.920000,1.762927,-2.935270,0.602629,0.000000,0.000000
360.020000,1.762927,-2.935270,0.602629,0.000000,0.000000
360.120000,1.762927,-2.935270,0.602629,0.000000,0.000000
360.220000,1.762927,-2.935270,0.602629,0.000000,0.000000
360.320000,1.762927,-2.935270,0.602629,0.000000,0.000000
360.420000,1.762927,-2.935270,0.602629,0.000000,0.000000
360.520000,1.762927,-2.935270,0.602629,0.000000,0.000000
360.620000,1.762927,-2.935270,0.602629,0.000000,0.000000
360.720000,1.762927,-2.935270,0.602629,0.000000,0.000000
360.820000,1.762927,-2.935270,0.602629,0.000000,0.000000
360.920000,1.762927,-2.935270,0.602629,0.000000,0.000000
361.020000,1.762927,-2.935270,0.602629,0.000000,0.000000
361.120000,1.762927,-2.935270,0.602629,0.000000,0.000000
361.220000,1.762927,-2.935270,0.602629,0.000000,0.000000
361.320000,1.762927,-2.935270,0.602629,0.000000,0.000000
361.420000,1.762927,-2.935270,0.602629,0.000000,0.000000
361.520000,1.762927,-2.935270,0.602629,0.000000,0.000000
361.620000,1.762927,-2.935270,0.602629,0.000000,0.000000
361.720000,1.762927,-2.935270,0.602629,0.000000,0.000000
361.820000,1.762927,-2.935270,0.602629,0.000000,0.000000
361.920000,1.762927,-2.935270,0.602629,0.000000,0.000000
362.020000,1.762927,-2.935270,0.602629,0.000000,0.000000
362.120000,1.762927,-2.935270,0.602629,0.000000,0.000000
362.220000,1.762927,-2.935270,0.602629,0.000000,0.000000
362.320000,1.762927,-2.935270,0.602629,0.000000,0.000000
362.420000,1.762927,-2.935270,0.602629,0.000000,0.000000
362.520000,1.762927,-2.935270,0.602629,0.000000,0.000000
362.620000,1.762927,-2.935270,0.602629,0.000000,0.000000
362.720000,1.762927,-2.935270,0.602629,0.000000,0.000000
362.820000,1.762927,-2.935270,0.602629,0.000000,0.000000
362.920000,1.762927,-2.935270,0.602629,0.000000,0.000000
363.020000,1.762927,-2.935270,0.602629,0.000000,0.000000
363.120000,1.762927,-2.935270,0.602629,0.000000,0.000000
363.220000,1.762927,-2.935270,0.602629,0.000000,0.000000
363.320000,1.762927,-2.935270,0.602629,0.000000,0.000000
363.420000,1.762927,-2.935270,0.602629,0.000000,0.000000
363.520000,1.762927,-2.935270,0.602629,0.000000,0.000000
363.620000,1.762927,-2.935270,0.602629,0.000000,0.000000
363.720000,1.762927,-2.935270,0.602629,0.000000,0.000000
363.820000,1.762927,-2.935270,0.602629,0.000000,0.000000
363.920000,1.762927,-2.935270,0.602629,0.000000,0.000000
364.020000,1.762927,-2.935270,0.602629,0.000000,0.000000
364.120000,1.762927,-2.935270,0.602629,0.000000,0.000000
364.220000,1.762927,-2.935270,0.602629,0.000000,0.000000
364.320000,1.762927,-2.935270,0.602629,0.000000,0.000000
364.420000,1.762927,-2.935270,0.602629,0.000000,0.000000
364.520000,1.762927,-2.935270,0.602629,0.000000,0.000000
364.620000,1.762927,-2.935270,0.602629,0.000000,0.000000
364.720000,1.762927,-2.935270,0.602629,0.000000,0.000000
364.820000,1.762927,-2.935270,0.602629,0.000000,0.000000
364.920000,1.762927,-2.935270,0.602629,0.000000,0.000000
365.020000,1.762927,-2.935270,0.602629,0.000000,0.000000
365.120000,1.762927,-2.935270,0.602629,0.000000,0.000000
365.220000,1.762927,-2.935270,0.602629,0.000000,0.000000
365.320000,1.762927,-2.935270,0.602629,0.000000,0.000000
365.420000,1.762927,-2.935270,0.602629,0.000000,0.000000
365.520000,1.762927,-2.935270,0.602629,0.000000,0.000000
365.620000,1.762927,-2.935270,0.602629,0.000000,0.000000
365.720000,1.762927,-2.935270,0.602629,0.000000,0.000000
365.820000,1.762927,-2.935270,0.602629,0.000000,0.000000
365.920000,1.762927,-2.935270,0.602629,0.000000,0.000000
366.020000,1.762927,-2.935270,0.602629,0.000000,0.000000
366.120000,1.762927,-2.935270,0.602629,0.000000,0.000000
366.220000,1.762927,-2.935270,0.602629,0.000000,0.000000
366.320000,1.762927,-2.935270,0.602629,0.000000,0.000000
366.420000,1.762927,-2.935270,0.602629,0.000000,0.000000
366.520000,1.762927,-2.935270,0.602629,0.000000,0.000000
366.620000,1.762927,-2.935270,0.602629,0.000000,0.000000
366.720000,1.762927,-2.935270,0.602629,0.000000,0.000000
366.820000,1.762927,-2.935270,0.602629,0.000000,0.000000
366.920000,1.762927,-2.935270,0.602629,0.000000,0.000000
367.020000,1.762927,-2.935270,0.602629,0.000000,0.000000
367.120000,1.762927,-2.935270,0.602629,0.000000,0.000000
367.220000,1.762927,-2.935270,0.602629,0.000000,0.000000
367.320000,1.762927,-2.935270,0.602629,0.000000,0.000000
367.420000,1.762927,-2.935270,0.602629,0.000000,0.000000
367.520000,1.762927,-2.935270,0.602629,0.000000,0.000000
367.620000,1.762927,-2.935270,0.602629,0.000000,0.000000
367.720000,1.762927,-2.935270,0.602629,0.000000,0.000000
367.820000,1.762927,-2.935270,0.602629,0.000000,0.000000
367.920000,1.762927,-2.935270,0.602629,0.000000,0.000000
368.020000,1.762927,-2.935270,0.602629,0.000000,0.000000
368.120000,1.762927,-2.935270,0.602629,0.000000,0.000000
368.220000,1.762927,-2.935270,0.602629,0.000000,0.000000
368.320000,1.762927,-2.935270,0.602629,0.000000,0.000000
368.420000,1.762927,-2.935270,0.602629,0.000000,0.000000
368.520000,1.762927,-2.935270,0.602629,0.000000,0.000000
368.620000,1.762927,-2.935270,0.602629,0.000000,0.000000
368.720000,1.762927,-2.935270,0.602629,0.000000,0.000000
368.820000,1.762927,-2.935270,0.602629,0.000000,0.000000
368.920000,1.762927,-2.935270,0.602629,0.000000,0.000000
369.020000,1.762927,-2.935270,0.602629,0.000000,0.000000
369.120000,1.762927,-2.935270,0.602629,0.000000,0.000000
369.220000,1.762927,-2.935270,0.602629,0.000000,0.000000
369.320000,1.762927,-2.935270,0.602629,0.000000,0.000000
369.420000,1.762927,-2.935270,0.602629,0.000000,0.000000
369.520000,1.762927,-2.935270,0.602629,0.000000,0.000000
369.620000,1.762927,-2.935270,0.602629,0.000000,0.000000
369.720000,1.762927,-2.935270,0.602629,0.000000,0.000000
369.820000,1.762927,-2.935270,0.602629,0.000000,0.000000
369.920000,1.762927,-2.935270,0.602629,0.000000,0.000000
370.020000,1.762927,-2.935270,0.602629,0.000000,0.000000
370.120000,1.762927,-2.935270,0.602629,0.000000,0.000000
370.220000,1.762927,-2.935270,0.602629,0.000000,0.000000
370.320000,1.762927,-2.935270,0.602629,0.000000,0.000000
370.420000,1.762927,-2.935270,0.602629,0.000000,0.000000
370.520000,1.762927,-2.935270,0.602629,0.000000,0.000000
370.620000,1.762927,-2.935270,0.602629,0.000000,0.000000
370.720000,1.762927,-2.935270,0.602629,0.000000,0.000000
370.820000,1.762927,-2.935270,0.602629,0.000000,0.000000
370.920000,1.762927,-2.935270,0.602629,0.000000,0.000000
371.020000,1.762927,-2.935270,0.602629,0.000000,0.000000
371.120000,1.762927,-2.935270,0.602629,0.000000,0.000000
371.220000,1.762927,-2.935270,0.602629,0.000000,0.000000
371.320000,1.762927,-2.935270,0.602629,0.000000,0.000000
371.420000,1.762927,-2.935270,0.602629,0.000000,0.000000
371.520000,1.762927,-2.935270,0.602629,0.000000,0.000000
371.620000,1.762927,-2.935270,0.602629,0.000000,0.000000
371.720000,1.762927,-2.935270,0.602629,0.000000,0.000000
371.820000,1.762927,-2.935270,0.602629,0.000000,0.000000
371.920000,1.762927,-2.935270,0.602629,0.000000,0.000000
372.020000,1.762927,-2.935270,0.602629,0.000000,0.000000
372.120000,1.762927,-2.935270,0.602629,0.000000,0.000000
372.220000,1.762927,-2.935270,0.602629,0.000000,0.000000
372.320000,1.762927,-2.935270,0.602629,0.000000,0.000000
372.420000,1.762927,-2.935270,0.602629,0.000000,0.000000
372.520000,1.762927,-2.935270,0.602629,0.000000,0.000000
372.620000,1.762927,-2.935270,0.602629,0.000000,0.000000
372.720000,1.762927,-2.935270,0.602629,0.000000,0.000000
372.820000,1.762927,-2.935270,0.602629,0.000000,0.000000
372.920000,1.762927,-2.935270,0.602629,0.000000,0.000000
373.020000,1.762927,-2.935270,0.602629,0.000000,0.000000
373.120000,1.762927,-2.935270,0.602629,0.000000,0.000000
373.220000,1.762927,-2.935270,0.602629,0.000000,0.000000
373.320000,1.762927,-2.935270,0.602629,0.000000,0.000000
373.420000,1.762927,-2.935270,0.602629,0.000000,0.000000
373.520000,1.762927,-2.935270,0.602629,0.000000,0.000000
373.620000,1.762927,-2.935270,0.602629,0.000000,0.000000
373.720000,1.762927,-2.935270,0.602629,0.000000,0.000000
373.820000,1.762927,-2.935270,0.602629,0.000000,0.000000
373.920000,1.762927,-2.935270,0.602629,0.000000,0.000000
374.020000,1.762927,-2.935270,0.602629,0.000000,0.000000
374.120000,1.762927,-2.935270,0.602629,0.000000,0.000000
374.220000,1.762927,-2.935270,0.602629,0.000000,0.000000
374.320000,1.762927,-2.935270,0.602629,0.000000,0.000000
374.420000,1.762927,-2.935270,0.602629,0.000000,0.000000
374.520000,1.762927,-2.935270,0.602629,0.000000,0.000000
374.620000,1.762927,-2.935270,0.602629,0.000000,0.000000
374.720000,1.762927,-2.935270,0.602629,0.000000,0.000000
374.820000,1.762927,-2.935270,0.602629,0.000000,0.000000
374.920000,1.762927,-2.935270,0.602629,0.000000,0.000000
375.020000,1.762927,-2.935270,0.602629,0.000000,0.000000
375.120000,1.762927,-2.935270,0.602629,0.000000,0.000000
375.220000,1.762927,-2.935270,0.602629,0.000000,0.000000
375.320000,1.762927,-2.935270,0.602629,0.000000,0.000000
375.420000,1.762927,-2.935270,0.602629,0.000000,0.000000
375.520000,1.762927,-2.935270,0.602629,0.000000,0.000000
375.620000,1.762927,-2.935270,0.602629,0.000000,0.000000
375.720000,1.762927,-2.935270,0.602629,0.000000,0.000000
375.820000,1.762927,-2.935270,0.602629,0.000000,0.000000
375.920000,1.762927,-2.935270,0.602629,0.000000,0.000000
376.020000,1.762927,-2.935270,0.602629,0.000000,0.000000
376.120000,1.762927,-2.935270,0.602629,0.000000,0.000000
376.220000,1.762927,-2.935270,0.602629,0.000000,0.000000
376.320000,1.762927,-2.935270,0.602629,0.000000,0.000000
376.420000,1.762927,-2.935270,0.602629,0.000000,0.000000
376.520000,1.762927,-2.935270,0.602629,0.000000,0.000000
376.620000,1.762927,-2.935270,0.602629,0.000000,0.000000
376.720000,1.762927,-2.935270,0.602629,0.000000,0.000000
376.820000,1.762927,-2.935270,0.602629,0.000000,0.000000
376.920000,1.762927,-2.935270,0.602629,0.000000,0.000000
377.020000,1.762927,-2.935270,0.602629,0.000000,0.000000
377.120000,1.762927,-2.935270,0.602629,0.000000,0.000000
377.220000,1.762927,-2.935270,0.602629,0.000000,0.000000
377.320000,1.762927,-2.935270,0.602629,0.000000,0.000000
377.420000,1.762927,-2.935270,0.602629,0.000000,0.000000
377.520000,1.762927,-2.935270,0.602629,0.000000,0.000000
377.620000,1.762927,-2.935270,0.602629,0.000000,0.000000
377.720000,1.762927,-2.935270,0.602629,0.000000,0.000000
377.820000,1.762927,-2.935270,0.602629,0.000000,0.000000
377.920000,1.762927,-2.935270,0.602629,0.000000,0.000000
378.020000,1.762927,-2.935270,0.602629,0.000000,0.000000
378.120000,1.762927,-2.935270,0.602629,0.000000,0.000000
378.220000,1.762927,-2.935270,0.602629,0.000000,0.000000
378.320000,1.762927,-2.935270,0.602629,0.000000,0.000000
378.420000,1.762927,-2.935270,0.602629,0.000000,0.000000
378.520000,1.762927,-2.935270,0.602629,0.000000,0.000000
378.620000,1.762927,-2.935270,0.602629,0.000000,0.000000
378.720000,1.762927,-2.935270,0.602629,0.000000,0.000000
378.820000,1.762927,-2.935270,0.602629,0.000000,0.000000
378.920000,1.762927,-2.935270,0.602629,0.000000,0.000000
379.020000,1.762927,-2.935270,0.602629,0.000000,0.000000
379.120000,1.762927,-2.935270,0.602629,0.000000,0.000000
379.220000,1.762927,-2.935270,0.602629,0.000000,0.000000
379.320000,1.762927,-2.935270,0.602629,0.000000,0.000000
379.420000,1.762927,-2.935270,0.602629,0.000000,0.000000
379.520000,1.762927,-2.935270,0.602629,0.000000,0.000000
379.620000,1.762927,-2.935270,0.602629,0.000000,0.000000
379.720000,1.762927,-2.935270,0.602629,0.000000,0.000000
379.820000,1.762927,-2.935270,0.602629,0.000000,0.000000
379.920000,1.762927,-2.935270,0.602629,0.000000,0.000000
380.020000,1.762927,-2.935270,0.602629,0.000000,0.000000
380.120000,1.762927,-2.935270,0.602629,0.000000,0.000000
380.220000,1.762927,-2.935270,0.602629,0.000000,0.000000
380.320000,1.762927,-2.935270,0.602629,0.000000,0.000000
380.420000,1.762927,-2.935270,0.602629,0.000000,0.000000
380.520000,1.762927,-2.935270,0.602629,0.000000,0.000000
380.620000,1.762927,-2.935270,0.602629,0.000000,0.000000
380.720000,1.762927,-2.935270,0.602629,0.000000,0.000000
380.820000,1.762927,-2.935270,0.602629,0.000000,0.000000
380.920000,1.762927,-2.935270,0.602629,0.000000,0.000000
381.020000,1.762927,-2.935270,0.602629,0.000000,0.000000
381.120000,1.762927,-2.935270,0.602629,0.000000,0.000000
381.220000,1.762927,-2.935270,0.602629,0.000000,0.000000
381.320000,1.762927,-2.935270,0.602629,0.000000,0.000000
381.420000,1.762927,-2.935270,0.602629,0.000000,0.000000
381.520000,1.762927,-2.935270,0.602629,0.000000,0.000000
381.620000,1.762927,-2.935270,0.602629,0.000000,0.000000
381.720000,1.762927,-2.935270,0.602629,0.000000,0.000000
381.820000,1.762927,-2.935270,0.602629,0.000000,0.000000
381.920000,1.762927,-2.935270,0.602629,0.000000,0.000000
382.020000,1.762927,-2.935270,0.602629,0.000000,0.000000
382.120000,1.762927,-2.935270,0.602629,0.000000,0.000000
382.220000,1.762927,-2.935270,0.602629,0.000000,0.000000
382.320000,1.762927,-2.935270,0.602629,0.000000,0.000000
382.420000,1.762927,-2.935270,0.602629,0.000000,0.000000
382.520000,1.762927,-2.935270,0.602629,0.000000,0.000000
382.620000,1.762927,-2.935270,0.602629,0.000000,0.000000
382.720000,1.762927,-2.935270,0.602629,0.000000,0.000000
382.820000,1.762927,-2.935270,0.602629,0.000000,0.000000
382.920000,1.762927,-2.935270,0.602629,0.000000,0.000000
383.020000,1.762927,-2.935270,0.602629,0.000000,0.000000
383.120000,1.762927,-2.935270,0.602629,0.000000,0.000000
383.220000,1.762927,-2.935270,0.602629,0.000000,0.000000
383.320000,1.762927,-2.935270,0.602629,0.000000,0.000000
383.420000,1.762927,-2.935270,0.602629,0.000000,0.000000
383.520000,1.762927,-2.935270,0.602629,0.000000,0.000000
383.620000,1.762927,-2.935270,0.602629,0.000000,0.000000
383.720000,1.762927,-2.935270,0.602629,0.000000,0.000000
383.820000,1.762927,-2.935270,0.602629,0.000000,0.000000
383.920000,1.762927,-2.935270,0.602629,0.000000,0.000000
384.020000,1.762927,-2.935270,0.602629,0.000000,0.000000
384.120000,1.762927,-2.935270,0.602629,0.000000,0.000000
384.220000,1.762927,-2.935270,0.602629,0.000000,0.000000
384.320000,1.762927,-2.935270,0.602629,0.000000,0.000000
384.420000,1.762927,-2.935270,0.602629,0.000000,0.000000
384.520000,1.762927,-2.935270,0.602629,0.000000,0.000000
384.620000,1.762927,-2.935270,0.602629,0.000000,0.000000
384.720000,1.762927,-2.935270,0.602629,0.000000,0.000000
384.820000,1.762927,-2.935270,0.602629,0.000000,0.000000
384.920000,1.762927,-2.935270,0.602629,0.000000,0.000000
385.020000,1.762927,-2.935270,0.602629,0.000000,0.000000
385.120000,1.762927,-2.935270,0.602629,0.000000,0.000000
385.220000,1.762927,-2.935270,0.602629,0.000000,0.000000
385.320000,1.762927,-2.935270,0.602629,0.000000,0.000000
385.420000,1.762927,-2.935270,0.602629,0.000000,0.000000
385.520000,1.762927,-2.935270,0.602629,0.000000,0.000000
385.620000,1.762927,-2.935270,0.602629,0.000000,0.000000
385.720000,1.762927,-2.935270,0.602629,0.000000,0.000000
385.820000,1.762927,-2.935270,0.602629,0.000000,0.000000
385.920000,1.762927,-2.935270,0.602629,0.000000,0.000000
386.020000,1.762927,-2.935270,0.602629,0.000000,0.000000
386.120000,1.762927,-2.935270,0.602629,0.000000,0.000000
386.220000,1.762927,-2.935270,0.602629,0.000000,0.000000
386.320000,1.762927,-2.935270,0.602629,0.000000,0.000000
386.420000,1.762927,-2.935270,0.602629,0.000000,0.000000
386.520000,1.762927,-2.935270,0.602629,0.000000,0.000000
386.620000,1.762927,-2.935270,0.602629,0.000000,0.000000
386.720000,1.762927,-2.935270,0.602629,0.000000,0.000000
386.820000,1.762927,-2.935270,0.602629,0.000000,0.000000
386.920000,1.762927,-2.935270,0.602629,0.000000,0.000000
387.020000,1.762927,-2.935270,0.602629,0.000000,0.000000
387.120000,1.762927,-2.935270,0.602629,0.000000,0.000000
387.220000,1.762927,-2.935270,0.602629,0.000000,0.000000
387.320000,1.762927,-2.935270,0.602629,0.000000,0.000000
387.420000,1.762927,-2.935270,0.602629,0.000000,0.000000
387.520000,1.762927,-2.935270,0.602629,0.000000,0.000000
387.620000,1.762927,-2.935270,0.602629,0.000000,0.000000
387.720000,1.762927,-2.935270,0.602629,0.000000,0.000000
387.820000,1.762927,-2.935270,0.602629,0.000000,0.000000
387.920000,1.762927,-2.935270,0.602629,0.000000,0.000000
388.020000,1.762927,-2.935270,0.602629,0.000000,0.000000
388.120000,1.762927,-2.935270,0.602629,0.000000,0.000000
388.220000,1.762927,-2.935270,0.602629,0.000000,0.000000
388.320000,1.762927,-2.935270,0.602629,0.000000,0.000000
388.420000,1.762927,-2.935270,0.602629,0.000000,0.000000
388.520000,1.762927,-2.935270,0.602629,0.000000,0.000000
388.620000,1.762927,-2.935270,0.602629,0.000000,0.000000
388.720000,1.762927,-2.935270,0.602629,0.000000,0.000000
388.820000,1.762927,-2.935270,0.602629,0.000000,0.000000
388.920000,1.762927,-2.935270,0.602629,0.000000,0.000000
389.020000,1.762927,-2.935270,0.602629,0.000000,0.000000
389.120000,1.762927,-2.935270,0.602629,0.000000,0.000000
389.220000,1.762927,-2.935270,0.602629,0.000000,0.000000
389.320000,1.762927,-2.935270,0.602629,0.000000,0.000000
389.420000,1.762927,-2.935270,0.602629,0.000000,0.000000
389.520000,1.762927,-2.935270,0.602629,0.000000,0.000000
389.620000,1.762927,-2.935270,0.602629,0.000000,0.000000
389.720000,1.762927,-2.935270,0.602629,0.000000,0.000000
389.820000,1.762927,-2.935270,0.602629,0.000000,0.000000
389.920000,1.762927,-2.935270,0.602629,0.000000,0.000000
390.020000,1.762927,-2.935270,0.602629,0.000000,0.000000
390.120000,1.762927,-2.935270,0.602629,0.000000,0.000000
390.220000,1.762927,-2.935270,0.602629,0.000000,0.000000
390.320000,1.762927,-2.935270,0.602629,0.000000,0.000000
390.420000,1.762927,-2.935270,0.602629,0.000000,0.000000
390.520000,1.762927,-2.935270,0.602629,0.000000,0.000000
390.620000,1.762927,-2.935270,0.602629,0.000000,0.000000
390.720000,1.762927,-2.935270,0.602629,0.000000,0.000000
390.820000,1.762927,-2.935270,0.602629,0.000000,0.000000
390.920000,1.762927,-2.935270,0.602629,0.000000,0.000000
391.020000,1.762927,-2.935270,0.602629,0.000000,0.000000
391.120000,1.762927,-2.935270,0.602629,0.000000,0.000000
391.220000,1.762927,-2.935270,0.602629,0.000000,0.000000
391.320000,1.762927,-2.935270,0.602629,0.000000,0.000000
391.420000,1.762927,-2.935270,0.602629,0.000000,0.000000
391.520000,1.762927,-2.935270,0.602629,0.000000,0.000000
391.620000,1.762927,-2.935270,0.602629,0.000000,0.000000
391.720000,1.762927,-2.935270,0.602629,0.000000,0.000000
391.820000,1.762927,-2.935270,0.602629,0.000000,0.000000
391.920000,1.762927,-2.935270,0.602629,0.000000,0.000000
392.020000,1.762927,-2.935270,0.602629,0.000000,0.000000
392.120000,1.762927,-2.935270,0.602629,0.000000,0.000000
392.220000,1.762927,-2.935270,0.602629,0.000000,0.000000
392.320000,1.762927,-2.935270,0.602629,0.000000,0.000000
392.420000,1.762927,-2.935270,0.602629,0.000000,0.000000
392.520000,1.762927,-2.935270,0.602629,0.000000,0.000000
392.620000,1.762927,-2.935270,0.602629,0.000000,0.000000
392.720000,1.762927,-2.935270,0.602629,0.000000,0.000000
392.820000,1.762927,-2.935270,0.602629,0.000000,0.000000
392.920000,1.762927,-2.935270,0.602629,0.000000,0.000000
393.020000,1.762927,-2.935270,0.602629,0.000000,0.000000
393.120000,1.762927,-2.935270,0.602629,0.000000,0.000000
393.220000,1.762927,-2.935270,0.602629,0.000000,0.000000
393.320000,1.762927,-2.935270,0.602629,0.000000,0.000000
393.420000,1.762927,-2.935270,0.602629,0.000000,0.000000
393.520000,1.762927,-2.935270,0.602629,0.000000,0.000000
393.620000,1.762927,-2.935270,0.602629,0.000000,0.000000
393.720000,1.762927,-2.935270,0.602629,0.000000,0.000000
393.820000,1.762927,-2.935270,0.602629,0.000000,0.000000
393.920000,1.762927,-2.935270,0.602629,0.000000,0.000000
394.020000,1.762927,-2.935270,0.602629,0.000000,0.000000
394.120000,1.762927,-2.935270,0.602629,0.000000,0.000000
394.220000,1.762927,-2.935270,0.602629,0.000000,0.000000
394.320000,1.762927,-2.935270,0.602629,0.000000,0.000000
394.420000,1.762927,-2.935270,0.602629,0.000000,0.000000
394.520000,1.762927,-2.935270,0.602629,0.000000,0.000000
394.620000,1.762927,-2.935270,0.602629,0.000000,0.000000
394.720000,1.762927,-2.935270,0.602629,0.000000,0.000000
394.820000,1.762927,-2.935270,0.602629,0.000000,0.000000
394.920000,1.762927,-2.935270,0.602629,0.000000,0.000000
395.020000,1.762927,-2.935270,0.602629,0.000000,0.000000
395.120000,1.762927,-2.935270,0.602629,0.000000,0.000000
395.220000,1.762927,-2.935270,0.602629,0.000000,0.000000
395.320000,1.762927,-2.935270,0.602629,0.000000,0.000000
395.420000,1.762927,-2.935270,0.602629,0.000000,0.000000
395.520000,1.762927,-2.935270,0.602629,0.000000,0.000000
395.620000,1.762927,-2.935270,0.602629,0.000000,0.000000
395.720000,1.762927,-2.935270,0.602629,0.000000,0.000000
395.820000,1.762927,-2.935270,0.602629,0.000000,0.000000
395.920000,1.762927,-2.935270,0.602629,0.000000,0.000000
396.020000,1.762927,-2.935270,0.602629,0.000000,0.000000
396.120000,1.762927,-2.935270,0.602629,0.000000,0.000000
396.220000,1.762927,-2.935270,0.602629,0.000000,0.000000
396.320000,1.762927,-2.935270,0.602629,0.000000,0.000000
396.420000,1.762927,-2.935270,0.602629,0.000000,0.000000
396.520000,1.762927,-2.935270,0.602629,0.000000,0.000000
396.620000,1.762927,-2.935270,0.602629,0.000000,0.000000
396.720000,1.762927,-2.935270,0.602629,0.000000,0.000000
396.820000,1.762927,-2.935270,0.602629,0.000000,0.000000
396.920000,1.762927,-2.935270,0.602629,0.000000,0.000000
397.020000,1.762927,-2.935270,0.602629,0.000000,0.000000
397.120000,1.762927,-2.935270,0.602629,0.000000,0.000000
397.220000,1.762927,-2.935270,0.602629,0.000000,0.000000
397.320000,1.762927,-2.935270,0.602629,0.000000,0.000000
397.420000,1.762927,-2.935270,0.602629,0.000000,0.000000
397.520000,1.762927,-2.935270,0.602629,0.000000,0.000000
397.620000,1.762927,-2.935270,0.602629,0.000000,0.000000
397.720000,1.762927,-2.935270,0.602629,0.000000,0.000000
397.820000,1.762927,-2.935270,0.602629,0.000000,0.000000
397.920000,1.762927,-2.935270,0.602629,0.000000,0.000000
398.020000,1.762927,-2.935270,0.602629,0.000000,0.000000
398.120000,1.762927,-2.935270,0.602629,0.000000,0.000000
398.220000,1.762927,-2.935270,0.602629,0.000000,0.000000
398.320000,1.762927,-2.935270,0.602629,0.000000,0.000000
398.420000,1.762927,-2.935270,0.602629,0.000000,0.000000
398.520000,1.762927,-2.935270,0.602629,0.000000,0.000000
398.620000,1.762927,-2.935270,0.602629,0.000000,0.000000
398.720000,1.762927,-2.935270,0.602629,0.000000,0.000000
398.820000,1.762927,-2.935270,0.602629,0.000000,0.000000
398.920000,1.762927,-2.935270,0.602629,0.000000,0.000000
399.020000,1.762927,-2.935270,0.602629,0.000000,0.000000
399.120000,1.762927,-2.935270,0.602629,0.000000,0.000000
399.220000,1.762927,-2.935270,0.602629,0.000000,0.000000
399.320000,1.762927,-2.935270,0.602629,0.000000,0.000000
399.420000,1.762927,-2.935270,0.602629,0.000000,0.000000
399.520000,1.762927,-2.935270,0.602629,0.000000,0.000000
399.620000,1.762927,-2.935270,0.602629,0.000000,0.000000
399.720000,1.762927,-2.935270,0.602629,0.000000,0.000000
399.820000,1.762927,-2.935270,0.602629,0.000000,0.000000
399.920000,1.762927,-2.935270,0.602629,0.000000,0.000000
400.020000,1.762927,-2.935270,0.602629,0.000000,0.000000
400.120000,1.762927,-2.935270,0.602629,0.000000,0.000000
400.220000,1.762927,-2.935270,0.602629,0.000000,0.000000
400.320000,1.762927,-2.935270,0.602629,0.000000,0.000000
400.420000,1.762927,-2.935270,0.602629,0.000000,0.000000
400.520000,1.762927,-2.935270,0.602629,0.000000,0.000000
400.620000,1.762927,-2.935270,0.602629,0.000000,0.000000
400.720000,1.762927,-2.935270,0.602629,0.000000,0.000000
400.820000,1.762927,-2.935270,0.602629,0.000000,0.000000
400.920000,1.762927,-2.935270,0.602629,0.000000,0.000000
401.020000,1.762927,-2.935270,0.602629,0.000000,0.000000
401.120000,1.762927,-2.935270,0.602629,0.000000,0.000000
401.220000,1.762927,-2.935270,0.602629,0.000000,0.000000
401.320000,1.762927,-2.935270,0.602629,0.000000,0.000000
401.420000,1.762927,-2.935270,0.602629,0.000000,0.000000
401.520000,1.762927,-2.935270,0.602629,0.000000,0.000000
401.620000,1.762927,-2.935270,0.602629,0.000000,0.000000
401.720000,1.762927,-2.935270,0.602629,0.000000,0.000000
401.820000,1.762927,-2.935270,0.602629,0.000000,0.000000
401.920000,1.762927,-2.935270,0.602629,0.000000,0.000000
402.020000,1.762927,-2.935270,0.602629,0.000000,0.000000
402.120000,1.762927,-2.935270,0.602629,0.000000,0.000000
402.220000,1.762927,-2.935270,0.602629,0.000000,0.000000
402.320000,1.762927,-2.935270,0.602629,0.000000,0.000000
402.420000,1.762927,-2.935270,0.602629,0.000000,0.000000
402.520000,1.762927,-2.935270,0.602629,0.000000,0.000000
402.620000,1.762927,-2.935270,0.602629,0.000000,0.000000
402.720000,1.762927,-2.935270,0.602629,0.000000,0.000000
402.820000,1.762927,-2.935270,0.602629,0.000000,0.000000
402.920000,1.762927,-2.935270,0.602629,0.000000,0.000000
403.020000,1.762927,-2.935270,0.602629,0.000000,0.000000
403.120000,1.762927,-2.935270,0.602629,0.000000,0.000000
403.220000,1.762927,-2.935270,0.602629,0.000000,0.000000
403.320000,1.762927,-2.935270,0.602629,0.000000,0.000000
403.420000,1.762927,-2.935270,0.602629,0.000000,0.000000
403.520000,1.762927,-2.935270,0.602629,0.000000,0.000000
403.620000,1.762927,-2.935270,0.602629,0.000000,0.000000
403.720000,1.762927,-2.935270,0.602629,0.000000,0.000000
403.820000,1.762927,-2.935270,0.602629,0.000000,0.000000
403.920000,1.762927,-2.935270,0.602629,0.000000,0.000000
404.020000,1.762927,-2.935270,0.602629,0.000000,0.000000
404.120000,1.762927,-2.935270,0.602629,0.000000,0.000000
404.220000,1.762927,-2.935270,0.602629,0.000000,0.000000
404.320000,1.762927,-2.935270,0.602629,0.000000,0.000000
404.420000,1.762927,-2.935270,0.602629,0.000000,0.000000
404.520000,1.762927,-2.935270,0.602629,0.000000,0.000000
404.620000,1.762927,-2.935270,0.602629,0.000000,0.000000
404.720000,1.762927,-2.935270,0.602629,0.000000,0.000000
404.820000,1.762927,-2.935270,0.602629,0.000000,0.000000
404.920000,1.762927,-2.935270,0.602629,0.000000,0.000000
405.020000,1.762927,-2.935270,0.602629,0.000000,0.000000
405.120000,1.762927,-2.935270,0.602629,0.000000,0.000000
405.220000,1.762927,-2.935270,0.602629,0.000000,0.000000
405.320000,1.762927,-2.935270,0.602629,0.000000,0.000000
405.420000,1.762927,-2.935270,0.602629,0.000000,0.000000
405.520000,1.762927,-2.935270,0.602629,0.000000,0.000000
405.620000,1.762927,-2.935270,0.602629,0.000000,0.000000
405.720000,1.762927,-2.935270,0.602629,0.000000,0.000000
405.820000,1.762927,-2.935270,0.602629,0.000000,0.000000
405.920000,1.762927,-2.935270,0.602629,0.000000,0.000000
406.020000,1.762927,-2.935270,0.602629,0.000000,0.000000
406.120000,1.762927,-2.935270,0.602629,0.000000,0.000000
406.220000,1.762927,-2.935270,0.602629,0.000000,0.000000
406.320000,1.762927,-2.935270,0.602629,0.000000,0.000000
406.420000,1.762927,-2.935270,0.602629,0.000000,0.000000
406.520000,1.762927,-2.935270,0.602629,0.000000,0.000000
406.620000,1.762927,-2.935270,0.602629,0.000000,0.000000
406.720000,1.762927,-2.935270,0.602629,0.000000,0.000000
406.820000,1.762927,-2.935270,0.602629,0.000000,0.000000
406.920000,1.762927,-2.935270,0.602629,0.000000,0.000000
407.020000,1.762927,-2.935270,0.602629,0.000000,0.000000
407.120000,1.762927,-2.935270,0.602629,0.000000,0.000000
407.220000,1.762927,-2.935270,0.602629,0.000000,0.000000
407.320000,1.762927,-2.935270,0.602629,0.000000,0.000000
407.420000,1.762927,-2.935270,0.602629,0.000000,0.000000
407.520000,1.762927,-2.935270,0.602629,0.000000,0.000000
407.620000,1.762927,-2.935270,0.602629,0.000000,0.000000
407.720000,1.762927,-2.935270,0.602629,0.000000,0.000000
407.820000,1.762927,-2.935270,0.602629,0.000000,0.000000
407.920000,1.762927,-2.935270,0.602629,0.000000,0.000000
408.020000,1.762927,-2.935270,0.602629,0.000000,0.000000
408.120000,1.762927,-2.935270,0.602629,0.000000,0.000000
408.220000,1.762927,-2.935270,0.602629,0.000000,0.000000
408.320000,1.762927,-2.935270,0.602629,0.000000,0.000000
408.420000,1.762927,-2.935270,0.602629,0.000000,0.000000
408.520000,1.762927,-2.935270,0.602629,0.000000,0.000000
408.620000,1.762927,-2.935270,0.602629,0.000000,0.000000
408.720000,1.762927,-2.935270,0.602629,0.000000,0.000000
408.820000,1.762927,-2.935270,0.602629,0.000000,0.000000
408.920000,1.762927,-2.935270,0.602629,0.000000,0.000000
409.020000,1.762927,-2.935270,0.602629,0.000000,0.000000
409.120000,1.762927,-2.935270,0.602629,0.000000,0.000000
409.220000,1.762927,-2.935270,0.602629,0.000000,0.000000
409.320000,1.762927,-2.935270,0.602629,0.000000,0.000000
409.420000,1.762927,-2.935270,0.602629,0.000000,0.000000
409.520000,1.762927,-2.935270,0.602629,0.000000,0.000000
409.620000,1.762927,-2.935270,0.602629,0.000000,0.000000
409.720000,1.762927,-2.935270,0.602629,0.000000,0.000000
409.820000,1.762927,-2.935270,0.602629,0.000000,0.000000
409.920000,1.762927,-2.935270,0.602629,0.000000,0.000000
410.020000,1.762927,-2.935270,0.602629,0.000000,0.000000
410.120000,1.762927,-2.935270,0.602629,0.000000,0.000000
410.220000,1.762927,-2.935270,0.602629,0.000000,0.000000
410.320000,1.762927,-2.935270,0.602629,0.000000,0.000000
410.420000,1.762927,-2.935270,0.602629,0.000000,0.000000
410.520000,1.762927,-2.935270,0.602629,0.000000,0.000000
410.620000,1.762927,-2.935270,0.602629,0.000000,0.000000
410.720000,1.762927,-2.935270,0.602629,0.000000,0.000000
410.820000,1.762927,-2.935270,0.602629,0.000000,0.000000
410.920000,1.762927,-2.935270,0.602629,0.000000,0.000000
411.020000,1.762927,-2.935270,0.602629,0.000000,0.000000
411.120000,1.762927,-2.935270,0.602629,0.000000,0.000000
411.220000,1.762927,-2.935270,0.602629,0.000000,0.000000
411.320000,1.762927,-2.935270,0.602629,0.000000,0.000000
411.420000,1.762927,-2.935270,0.602629,0.000000,0.000000
411.520000,1.762927,-2.935270,0.602629,0.000000,0.000000
411.620000,1.762927,-2.935270,0.602629,0.000000,0.000000
411.720000,1.762927,-2.935270,0.602629,0.000000,0.000000
411.820000,1.762927,-2.935270,0.602629,0.000000,0.000000
411.920000,1.762927,-2.935270,0.602629,0.000000,0.000000
412.020000,1.762927,-2.935270,0.602629,0.000000,0.000000
412.120000,1.762927,-2.935270,0.602629,0.000000,0.000000
412.220000,1.762927,-2.935270,0.602629,0.000000,0.000000
412.320000,1.762927,-2.935270,0.602629,0.000000,0.000000
412.420000,1.762927,-2.935270,0.602629,0.000000,0.000000
412.520000,1.762927,-2.935270,0.602629,0.000000,0.000000
412.620000,1.762927,-2.935270,0.602629,0.000000,0.000000
412.720000,1.762927,-2.935270,0.602629,0.000000,0.000000
412.820000,1.762927,-2.935270,0.602629,0.000000,0.000000
412.920000,1.762927,-2.935270,0.602629,0.000000,0.000000
413.020000,1.762927,-2.935270,0.602629,0.000000,0.000000
413.120000,1.762927,-2.935270,0.602629,0.000000,0.000000
413.220000,1.762927,-2.935270,0.602629,0.000000,0.000000
413.320000,1.762927,-2.935270,0.602629,0.000000,0.000000
413.420000,1.762927,-2.935270,0.602629,0.000000,0.000000
413.520000,1.762927,-2.935270,0.602629,0.000000,0.000000
413.620000,1.762927,-2.935270,0.602629,0.000000,0.000000
413.720000,1.762927,-2.935270,0.602629,0.000000,0.000000
413.820000,1.762927,-2.935270,0.602629,0.000000,0.000000
413.920000,1.762927,-2.935270,0.602629,0.000000,0.000000
414.020000,1.762927,-2.935270,0.602629,0.000000,0.000000
414.120000,1.762927,-2.935270,0.602629,0.000000,0.000000
414.220000,1.762927,-2.935270,0.602629,0.000000,0.000000
414.320000,1.762927,-2.935270,0.602629,0.000000,0.000000
414.420000,1.762927,-2.935270,0.602629,0.000000,0.000000
414.520000,1.762927,-2.935270,0.602629,0.000000,0.000000
414.620000,1.762927,-2.935270,0.602629,0.000000,0.000000
414.720000,1.762927,-2.935270,0.602629,0.000000,0.000000
414.820000,1.762927,-2.935270,0.602629,0.000000,0.000000
414.920000,1.762927,-2.935270,0.602629,0.000000,0.000000
415.020000,1.762927,-2.935270,0.602629,0.000000,0.000000
415.120000,1.762927,-2.935270,0.602629,0.000000,0.000000
415.220000,1.762927,-2.935270,0.602629,0.000000,0.000000
415.320000,1.762927,-2.935270,0.602629,0.000000,0.000000
415.420000,1.762927,-2.935270,0.602629,0.000000,0.000000
415.520000,1.762927,-2.935270,0.602629,0.000000,0.000000
415.620000,1.762927,-2.935270,0.602629,0.000000,0.000000
415.720000,1.762927,-2.935270,0.602629,0.000000,0.000000
415.820000,1.762927,-2.935270,0.602629,0.000000,0.000000
415.920000,1.762927,-2.935270,0.602629,0.000000,0.000000
416.020000,1.762927,-2.935270,0.602629,0.000000,0.000000
416.120000,1.762927,-2.935270,0.602629,0.000000,0.000000
416.220000,1.762927,-2.935270,0.602629,0.000000,0.000000
416.320000,1.762927,-2.935270,0.602629,0.000000,0.000000
416.420000,1.762927,-2.935270,0.602629,0.000000,0.000000
416.520000,1.762927,-2.935270,0.602629,0.000000,0.000000
416.620000,1.762927,-2.935270,0.602629,0.000000,0.000000
416.720000,1.762927,-2.935270,0.602629,0.000000,0.000000
416.820000,1.762927,-2.935270,0.602629,0.000000,0.000000
416.920000,1.762927,-2.935270,0.602629,0.000000,0.000000
417.020000,1.762927,-2.935270,0.602629,0.000000,0.000000
417.120000,1.762927,-2.935270,0.602629,0.000000,0.000000
417.220000,1.762927,-2.935270,0.602629,0.000000,0.000000
417.320000,1.762927,-2.935270,0.602629,0.000000,0.000000
417.420000,1.762927,-2.935270,0.602629,0.000000,0.000000
417.520000,1.762927,-2.935270,0.602629,0.000000,0.000000
417.620000,1.762927,-2.935270,0.602629,0.000000,0.000000
417.720000,1.762927,-2.935270,0.602629,0.000000,0.000000
417.820000,1.762927,-2.935270,0.602629,0.000000,0.000000
417.920000,1.762927,-2.935270,0.602629,0.000000,0.000000
418.020000,1.762927,-2.935270,0.602629,0.000000,0.000000
418.120000,1.762927,-2.935270,0.602629,0.000000,0.000000
418.220000,1.762927,-2.935270,0.602629,0.000000,0.000000
418.320000,1.762927,-2.935270,0.602629,0.000000,0.000000
418.420000,1.762927,-2.935270,0.602629,0.000000,0.000000
418.520000,1.762927,-2.935270,0.602629,0.000000,0.000000
418.620000,1.762927,-2.935270,0.602629,0.000000,0.000000
418.720000,1.762927,-2.935270,0.602629,0.000000,0.000000
418.820000,1.762927,-2.935270,0.602629,0.000000,0.000000
418.920000,1.762927,-2.935270,0.602629,0.000000,0.000000
419.020000,1.762927,-2.935270,0.602629,0.000000,0.000000
419.120000,1.762927,-2.935270,0.602629,0.000000,0.000000
419.220000,1.762927,-2.935270,0.602629,0.000000,0.000000
419.320000,1.762927,-2.935270,0.602629,0.000000,0.000000
419.420000,1.762927,-2.935270,0.602629,0.000000,0.000000
419.520000,1.762927,-2.935270,0.602629,0.000000,0.000000
419.620000,1.762927,-2.935270,0.602629,0.000000,0.000000
419.720000,1.762927,-2.935270,0.602629,0.000000,0.000000
419.820000,1.762927,-2.935270,0.602629,0.000000,0.000000
419.920000,1.762927,-2.935270,0.602629,0.000000,0.000000
420.020000,1.762927,-2.935270,0.602629,0.000000,0.000000
420.120000,1.762927,-2.935270,0.602629,0.000000,0.000000
420.220000,1.762927,-2.935270,0.602629,0.000000,0.000000
420.320000,1.762927,-2.935270,0.602629,0.000000,0.000000
420.420000,1.762927,-2.935270,0.602629,0.000000,0.000000
420.520000,1.762927,-2.935270,0.602629,0.000000,0.000000
420.620000,1.762927,-2.935270,0.602629,0.000000,0.000000
420.720000,1.762927,-2.935270,0.602629,0.000000,0.000000
420.820000,1.762927,-2.935270,0.602629,0.000000,0.000000
420.920000,1.762927,-2.935270,0.602629,0.000000,0.000000
421.020000,1.762927,-2.935270,0.602629,0.000000,0.000000
421.120000,1.762927,-2.935270,0.602629,0.000000,0.000000
421.220000,1.762927,-2.935270,0.602629,0.000000,0.000000
421.320000,1.762927,-2.935270,0.602629,0.000000,0.000000
421.420000,1.762927,-2.935270,0.602629,0.000000,0.000000
421.520000,1.762927,-2.935270,0.602629,0.000000,0.000000
421.620000,1.762927,-2.935270,0.602629,0.000000,0.000000
421.720000,1.762927,-2.935270,0.602629,0.000000,0.000000
421.820000,1.762927,-2.935270,0.602629,0.000000,0.000000
421.920000,1.762927,-2.935270,0.602629,0.000000,0.000000
422.020000,1.762927,-2.935270,0.602629,0.000000,0.000000
422.120000,1.762927,-2.935270,0.602629,0.000000,0.000000
422.220000,1.762927,-2.935270,0.602629,0.000000,0.000000
422.320000,1.762927,-2.935270,0.602629,0.000000,0.000000
422.420000,1.762927,-2.935270,0.602629,0.000000,0.000000
422.520000,1.762927,-2.935270,0.602629,0.000000,0.000000
422.620000,1.762927,-2.935270,0.602629,0.000000,0.000000
422.720000,1.762927,-2.935270,0.602629,0.000000,0.000000
422.820000,1.762927,-2.935270,0.602629,0.000000,0.000000
422.920000,1.762927,-2.935270,0.602629,0.000000,0.000000
423.020000,1.762927,-2.935270,0.602629,0.000000,0.000000
423.120000,1.762927,-2.935270,0.602629,0.000000,0.000000
423.220000,1.762927,-2.935270,0.602629,0.000000,0.000000
423.320000,1.762927,-2.935270,0.602629,0.000000,0.000000
423.420000,1.762927,-2.935270,0.602629,0.000000,0.000000
423.520000,1.762927,-2.935270,0.602629,0.000000,0.000000
423.620000,1.762927,-2.935270,0.602629,0.000000,0.000000
423.720000,1.762927,-2.935270,0.602629,0.000000,0.000000
423.820000,1.762927,-2.935270,0.602629,0.000000,0.000000
423.920000,1.762927,-2.935270,0.602629,0.000000,0.000000
424.020000,1.762927,-2.935270,0.602629,0.000000,0.000000
424.120000,1.762927,-2.935270,0.602629,0.000000,0.000000
424.220000,1.762927,-2.935270,0.602629,0.000000,0.000000
424.320000,1.762927,-2.935270,0.602629,0.000000,0.000000
424.420000,1.762927,-2.935270,0.602629,0.000000,0.000000
424.520000,1.762927,-2.935270,0.602629,0.000000,0.000000
424.620000,1.762927,-2.935270,0.602629,0.000000,0.000000
424.720000,1.762927,-2.935270,0.602629,0.000000,0.000000
424.820000,1.762927,-2.935270,0.602629,0.000000,0.000000
424.920000,1.762927,-2.935270,0.602629,0.000000,0.000000
425.020000,1.762927,-2.935270,0.602629,0.000000,0.000000
425.120000,1.762927,-2.935270,0.602629,0.000000,0.000000
425.220000,1.762927,-2.935270,0.602629,0.000000,0.000000
425.320000,1.762927,-2.935270,0.602629,0.000000,0.000000
425.420000,1.762927,-2.935270,0.602629,0.000000,0.000000
425.520000,1.762927,-2.935270,0.602629,0.000000,0.000000
425.620000,1.762927,-2.935270,0.602629,0.000000,0.000000
425.720000,1.762927,-2.935270,0.602629,0.000000,0.000000
425.820000,1.762927,-2.935270,0.602629,0.000000,0.000000
425.920000,1.762927,-2.935270,0.602629,0.000000,0.000000
426.020000,1.762927,-2.935270,0.602629,0.000000,0.000000
426.120000,1.762927,-2.935270,0.602629,0.000000,0.000000
426.220000,1.762927,-2.935270,0.602629,0.000000,0.000000
426.320000,1.762927,-2.935270,0.602629,0.000000,0.000000
426.420000,1.762927,-2.935270,0.602629,0.000000,0.000000
426.520000,1.762927,-2.935270,0.602629,0.000000,0.000000
426.620000,1.762927,-2.935270,0.602629,0.000000,0.000000
426.720000,1.762927,-2.935270,0.602629,0.000000,0.000000
426.820000,1.762927,-2.935270,0.602629,0.000000,0.000000
426.920000,1.762927,-2.935270,0.602629,0.000000,0.000000
427.020000,1.762927,-2.935270,0.602629,0.000000,0.000000
427.120000,1.762927,-2.935270,0.602629,0.000000,0.000000
427.220000,1.762927,-2.935270,0.602629,0.000000,0.000000
427.320000,1.762927,-2.935270,0.602629,0.000000,0.000000
427.420000,1.762927,-2.935270,0.602629,0.000000,0.000000
427.520000,1.762927,-2.935270,0.602629,0.000000,0.000000
427.620000,1.762927,-2.935270,0.602629,0.000000,0.000000
427.720000,1.762927,-2.935270,0.602629,0.000000,0.000000
427.820000,1.762927,-2.935270,0.602629,0.000000,0.000000
427.920000,1.762927,-2.935270,0.602629,0.000000,0.000000
428.020000,1.762927,-2.935270,0.602629,0.000000,0.000000
428.120000,1.762927,-2.935270,0.602629,0.000000,0.000000
428.220000,1.762927,-2.935270,0.602629,0.000000,0.000000
428.320000,1.762927,-2.935270,0.602629,0.000000,0.000000
428.420000,1.762927,-2.935270,0.602629,0.000000,0.000000
428.520000,1.762927,-2.935270,0.602629,0.000000,0.000000
428.620000,1.762927,-2.935270,0.602629,0.000000,0.000000
428.720000,1.762927,-2.935270,0.602629,0.000000,0.000000
428.820000,1.762927,-2.935270,0.602629,0.000000,0.000000
428.920000,1.762927,-2.935270,0.602629,0.000000,0.000000
429.020000,1.762927,-2.935270,0.602629,0.000000,0.000000
429.120000,1.762927,-2.935270,0.602629,0.000000,0.000000
429.220000,1.762927,-2.935270,0.602629,0.000000,0.000000
429.320000,1.762927,-2.935270,0.602629,0.000000,0.000000
429.420000,1.762927,-2.935270,0.602629,0.000000,0.000000
429.520000,1.762927,-2.935270,0.602629,0.000000,0.000000
429.620000,1.762927,-2.935270,0.602629,0.000000,0.000000
429.720000,1.762927,-2.935270,0.602629,0.000000,0.000000
429.820000,1.762927,-2.935270,0.602629,0.000000,0.000000
429.920000,1.762927,-2.935270,0.602629,0.000000,0.000000
430.020000,1.762927,-2.935270,0.602629,0.000000,0.000000
430.120000,1.762927,-2.935270,0.602629,0.000000,0.000000
430.220000,1.762927,-2.935270,0.602629,0.000000,0.000000
430.320000,1.762927,-2.935270,0.602629,0.000000,0.000000
430.420000,1.762927,-2.935270,0.602629,0.000000,0.000000
430.520000,1.762927,-2.935270,0.602629,0.000000,0.000000
430.620000,1.762927,-2.935270,0.602629,0.000000,0.000000
430.720000,1.762927,-2.935270,0.602629,0.000000,0.000000
430.820000,1.762927,-2.935270,0.602629,0.000000,0.000000
430.920000,1.762927,-2.935270,0.602629,0.000000,0.000000
431.020000,1.762927,-2.935270,0.602629,0.000000,0.000000
431.120000,1.762927,-2.935270,0.602629,0.000000,0.000000
431.220000,1.762927,-2.935270,0.602629,0.000000,0.000000
431.320000,1.762927,-2.935270,0.602629,0.000000,0.000000
431.420000,1.762927,-2.935270,0.602629,0.000000,0.000000
431.520000,1.762927,-2.935270,0.602629,0.000000,0.000000
431.620000,1.762927,-2.935270,0.602629,0.000000,0.000000
431.720000,1.762927,-2.935270,0.602629,0.000000,0.000000
431.820000,1.762927,-2.935270,0.602629,0.000000,0.000000
431.920000,1.762927,-2.935270,0.602629,0.000000,0.000000
432.020000,1.762927,-2.935270,0.602629,0.000000,0.000000
432.120000,1.762927,-2.935270,0.602629,0.000000,0.000000
432.220000,1.762927,-2.935270,0.602629,0.000000,0.000000
432.320000,1.762927,-2.935270,0.602629,0.000000,0.000000
432.420000,1.762927,-2.935270,0.602629,0.000000,0.000000
432.520000,1.762927,-2.935270,0.602629,0.000000,0.000000
432.620000,1.762927,-2.935270,0.602629,0.000000,0.000000
432.720000,1.762927,-2.935270,0.602629,0.000000,0.000000
432.820000,1.762927,-2.935270,0.602629,0.000000,0.000000
432.920000,1.762927,-2.935270,0.602629,0.000000,0.000000
433.020000,1.762927,-2.935270,0.602629,0.000000,0.000000
433.120000,1.762927,-2.935270,0.602629,0.000000,0.000000
433.220000,1.762927,-2.935270,0.602629,0.000000,0.000000
433.320000,1.762927,-2.935270,0.602629,0.000000,0.000000
433.420000,1.762927,-2.935270,0.602629,0.000000,0.000000
433.520000,1.762927,-2.935270,0.602629,0.000000,0.000000
433.620000,1.762927,-2.935270,0.602629,0.000000,0.000000
433.720000,1.762927,-2.935270,0.602629,0.000000,0.000000
433.820000,1.762927,-2.935270,0.602629,0.000000,0.000000
433.920000,1.762927,-2.935270,0.602629,0.000000,0.000000
434.020000,1.762927,-2.935270,0.602629,0.000000,0.000000
434.120000,1.762927,-2.935270,0.602629,0.000000,0.000000
434.220000,1.762927,-2.935270,0.602629,0.000000,0.000000
434.320000,1.762927,-2.935270,0.602629,0.000000,0.000000
434.420000,1.762927,-2.935270,0.602629,0.000000,0.000000
434.520000,1.762927,-2.935270,0.602629,0.000000,0.000000
434.620000,1.762927,-2.935270,0.602629,0.000000,0.000000
434.720000,1.762927,-2.935270,0.602629,0.000000,0.000000
434.820000,1.762927,-2.935270,0.602629,0.000000,0.000000
434.920000,1.762927,-2.935270,0.602629,0.000000,0.000000
435.020000,1.762927,-2.935270,0.602629,0.000000,0.000000
435.120000,1.762927,-2.935270,0.602629,0.000000,0.000000
435.220000,1.762927,-2.935270,0.602629,0.000000,0.000000
435.320000,1.762927,-2.935270,0.602629,0.000000,0.000000
435.420000,1.762927,-2.935270,0.602629,0.000000,0.000000
435.520000,1.762927,-2.935270,0.602629,0.000000,0.000000
435.620000,1.762927,-2.935270,0.602629,0.000000,0.000000
435.720000,1.762927,-2.935270,0.602629,0.000000,0.000000
435.820000,1.762927,-2.935270,0.602629,0.000000,0.000000
435.920000,1.762927,-2.935270,0.602629,0.000000,0.000000
436.020000,1.762927,-2.935270,0.602629,0.000000,0.000000
436.120000,1.762927,-2.935270,0.602629,0.000000,0.000000
436.220000,1.762927,-2.935270,0.602629,0.000000,0.000000
436.320000,1.762927,-2.935270,0.602629,0.000000,0.000000
436.420000,1.762927,-2.935270,0.602629,0.000000,0.000000
436.520000,1.762927,-2.935270,0.602629,0.000000,0.000000
436.620000,1.762927,-2.935270,0.602629,0.000000,0.000000
436.720000,1.762927,-2.935270,0.602629,0.000000,0.000000
436.820000,1.762927,-2.935270,0.602629,0.000000,0.000000
436.920000,1.762927,-2.935270,0.602629,0.000000,0.000000
437.020000,1.762927,-2.935270,0.602629,0.000000,0.000000
437.120000,1.762927,-2.935270,0.602629,0.000000,0.000000
437.220000,1.762927,-2.935270,0.602629,0.000000,0.000000
437.320000,1.762927,-2.935270,0.602629,0.000000,0.000000
437.420000,1.762927,-2.935270,0.602629,0.000000,0.000000
437.520000,1.762927,-2.935270,0.602629,0.000000,0.000000
437.620000,1.762927,-2.935270,0.602629,0.000000,0.000000
437.720000,1.762927,-2.935270,0.602629,0.000000,0.000000
437.820000,1.762927,-2.935270,0.602629,0.000000,0.000000
437.920000,1.762927,-2.935270,0.602629,0.000000,0.000000
438.020000,1.762927,-2.935270,0.602629,0.000000,0.000000
438.120000,1.762927,-2.935270,0.602629,0.000000,0.000000
438.220000,1.762927,-2.935270,0.602629,0.000000,0.000000
438.320000,1.762927,-2.935270,0.602629,0.000000,0.000000
438.420000,1.762927,-2.935270,0.602629,0.000000,0.000000
438.520000,1.762927,-2.935270,0.602629,0.000000,0.000000
438.620000,1.762927,-2.935270,0.602629,0.000000,0.000000
438.720000,1.762927,-2.935270,0.602629,0.000000,0.000000
438.820000,1.762927,-2.935270,0.602629,0.000000,0.000000
438.920000,1.762927,-2.935270,0.602629,0.000000,0.000000
439.020000,1.762927,-2.935270,0.602629,0.000000,0.000000
439.120000,1.762927,-2.935270,0.602629,0.000000,0.000000
439.220000,1.762927,-2.935270,0.602629,0.000000,0.000000
439.320000,1.762927,-2.935270,0.602629,0.000000,0.000000
439.420000,1.762927,-2.935270,0.602629,0.000000,0.000000
439.520000,1.762927,-2.935270,0.602629,0.000000,0.000000
439.620000,1.762927,-2.935270,0.602629,0.000000,0.000000
439.720000,1.762927,-2.935270,0.602629,0.000000,0.000000
439.820000,1.762927,-2.935270,0.602629,0.000000,0.000000
439.920000,1.762927,-2.935270,0.602629,0.000000,0.000000
440.020000,1.762927,-2.935270,0.602629,0.000000,0.000000
440.120000,1.762927,-2.935270,0.602629,0.000000,0.000000
440.220000,1.762927,-2.935270,0.602629,0.000000,0.000000
440.320000,1.762927,-2.935270,0.602629,0.000000,0.000000
440.420000,1.762927,-2.935270,0.602629,0.000000,0.000000
440.520000,1.762927,-2.935270,0.602629,0.000000,0.000000
440.620000,1.762927,-2.935270,0.602629,0.000000,0.000000
440.720000,1.762927,-2.935270,0.602629,0.000000,0.000000
440.820000,1.762927,-2.935270,0.602629,0.000000,0.000000
440.920000,1.762927,-2.935270,0.602629,0.000000,0.000000
441.020000,1.762927,-2.935270,0.602629,0.000000,0.000000
441.120000,1.762927,-2.935270,0.602629,0.000000,0.000000
441.220000,1.762927,-2.935270,0.602629,0.000000,0.000000
441.320000,1.762927,-2.935270,0.602629,0.000000,0.000000
441.420000,1.762927,-2.935270,0.602629,0.000000,0.000000
441.520000,1.762927,-2.935270,0.602629,0.000000,0.000000
441.620000,1.762927,-2.935270,0.602629,0.000000,0.000000
441.720000,1.762927,-2.935270,0.602629,0.000000,0.000000
441.820000,1.762927,-2.935270,0.602629,0.000000,0.000000
441.920000,1.762927,-2.935270,0.602629,0.000000,0.000000
442.020000,1.762927,-2.935270,0.602629,0.000000,0.000000
442.120000,1.762927,-2.935270,0.602629,0.000000,0.000000
442.220000,1.762927,-2.935270,0.602629,0.000000,0.000000
442.320000,1.762927,-2.935270,0.602629,0.000000,0.000000
442.420000,1.762927,-2.935270,0.602629,0.000000,0.000000
442.520000,1.762927,-2.935270,0.602629,0.000000,0.000000
442.620000,1.762927,-2.935270,0.602629,0.000000,0.000000
442.720000,1.762927,-2.935270,0.602629,0.000000,0.000000
442.820000,1.762927,-2.935270,0.602629,0.000000,0.000000
442.920000,1.762927,-2.935270,0.602629,0.000000,0.000000
443.020000,1.762927,-2.935270,0.602629,0.000000,0.000000
443.120000,1.762927,-2.935270,0.602629,0.000000,0.000000
443.220000,1.762927,-2.935270,0.602629,0.000000,0.000000
443.320000,1.762927,-2.935270,0.602629,0.000000,0.000000
443.420000,1.762927,-2.935270,0.602629,0.000000,0.000000
443.520000,1.762927,-2.935270,0.602629,0.000000,0.000000
443.620000,1.762927,-2.935270,0.602629,0.000000,0.000000
443.720000,1.762927,-2.935270,0.602629,0.000000,0.000000
443.820000,1.762927,-2.935270,0.602629,0.000000,0.000000
443.920000,1.762927,-2.935270,0.602629,0.000000,0.000000
444.020000,1.762927,-2.935270,0.602629,0.000000,0.000000
444.120000,1.762927,-2.935270,0.602629,0.000000,0.000000
444.220000,1.762927,-2.935270,0.602629,0.000000,0.000000
444.320000,1.762927,-2.935270,0.602629,0.000000,0.000000
444.420000,1.762927,-2.935270,0.602629,0.000000,0.000000
444.520000,1.762927,-2.935270,0.602629,0.000000,0.000000
444.620000,1.762927,-2.935270,0.602629,0.000000,0.000000
444.720000,1.762927,-2.935270,0.602629,0.000000,0.000000
444.820000,1.762927,-2.935270,0.602629,0.000000,0.000000
444.920000,1.762927,-2.935270,0.602629,0.000000,0.000000
445.020000,1.762927,-2.935270,0.602629,0.000000,0.000000
445.120000,1.762927,-2.935270,0.602629,0.000000,0.000000
445.220000,1.762927,-2.935270,0.602629,0.000000,0.000000
445.320000,1.762927,-2.935270,0.602629,0.000000,0.000000
445.420000,1.762927,-2.935270,0.602629,0.000000,0.000000
445.520000,1.762927,-2.935270,0.602629,0.000000,0.000000
445.620000,1.762927,-2.935270,0.602629,0.000000,0.000000
445.720000,1.762927,-2.935270,0.602629,0.000000,0.000000
445.820000,1.762927,-2.935270,0.602629,0.000000,0.000000
445.920000,1.762927,-2.935270,0.602629,0.000000,0.000000
446.020000,1.762927,-2.935270,0.602629,0.000000,0.000000
446.120000,1.762927,-2.935270,0.602629,0.000000,0.000000
446.220000,1.762927,-2.935270,0.602629,0.000000,0.000000
446.320000,1.762927,-2.935270,0.602629,0.000000,0.000000
446.420000,1.762927,-2.935270,0.602629,0.000000,0.000000
446.520000,1.762927,-2.935270,0.602629,0.000000,0.000000
446.620000,1.762927,-2.935270,0.602629,0.000000,0.000000
446.720000,1.762927,-2.935270,0.602629,0.000000,0.000000
446.820000,1.762927,-2.935270,0.602629,0.000000,0.000000
446.920000,1.762927,-2.935270,0.602629,0.000000,0.000000
447.020000,1.762927,-2.935270,0.602629,0.000000,0.000000
447.120000,1.762927,-2.935270,0.602629,0.000000,0.000000
447.220000,1.762927,-2.935270,0.602629,0.000000,0.000000
447.320000,1.762927,-2.935270,0.602629,0.000000,0.000000
447.420000,1.762927,-2.935270,0.602629,0.000000,0.000000
447.520000,1.762927,-2.935270,0.602629,0.000000,0.000000
447.620000,1.762927,-2.935270,0.602629,0.000000,0.000000
447.720000,1.762927,-2.935270,0.602629,0.000000,0.000000
447.820000,1.762927,-2.935270,0.602629,0.000000,0.000000
447.920000,1.762927,-2.935270,0.602629,0.000000,0.000000
448.020000,1.762927,-2.935270,0.602629,0.000000,0.000000
448.120000,1.762927,-2.935270,0.602629,0.000000,0.000000
448.220000,1.762927,-2.935270,0.602629,0.000000,0.000000
448.320000,1.762927,-2.935270,0.602629,0.000000,0.000000
448.420000,1.762927,-2.935270,0.602629,0.000000,0.000000
448.520000,1.762927,-2.935270,0.602629,0.000000,0.000000
448.620000,1.762927,-2.935270,0.602629,0.000000,0.000000
448.720000,1.762927,-2.935270,0.602629,0.000000,0.000000
448.820000,1.762927,-2.935270,0.602629,0.000000,0.000000
448.920000,1.762927,-2.935270,0.602629,0.000000,0.000000
449.020000,1.762927,-2.935270,0.602629,0.000000,0.000000
449.120000,1.762927,-2.935270,0.602629,0.000000,0.000000
449.220000,1.762927,-2.935270,0.602629,0.000000,0.000000
449.320000,1.762927,-2.935270,0.602629,0.000000,0.000000
449.420000,1.762927,-2.935270,0.602629,0.000000,0.000000
449.520000,1.762927,-2.935270,0.602629,0.000000,0.000000
449.620000,1.762927,-2.935270,0.602629,0.000000,0.000000
449.720000,1.762927,-2.935270,0.602629,0.000000,0.000000
449.820000,1.762927,-2.935270,0.602629,0.000000,0.000000
449.920000,1.762927,-2.935270,0.602629,0.000000,0.000000
450.020000,1.762927,-2.935270,0.602629,0.000000,0.000000
450.120000,1.762927,-2.935270,0.602629,0.000000,0.000000
450.220000,1.762927,-2.935270,0.602629,0.000000,0.000000
450.320000,1.762927,-2.935270,0.602629,0.000000,0.000000
450.420000,1.762927,-2.935270,0.602629,0.000000,0.000000
450.520000,1.762927,-2.935270,0.602629,0.000000,0.000000
450.620000,1.762927,-2.935270,0.602629,0.000000,0.000000
450.720000,1.762927,-2.935270,0.602629,0.000000,0.000000
450.820000,1.762927,-2.935270,0.602629,0.000000,0.000000
450.920000,1.762927,-2.935270,0.602629,0.000000,0.000000
451.020000,1.762927,-2.935270,0.602629,0.000000,0.000000
451.120000,1.762927,-2.935270,0.602629,0.000000,0.000000
451.220000,1.762927,-2.935270,0.602629,0.000000,0.000000
451.320000,1.762927,-2.935270,0.602629,0.000000,0.000000
451.420000,1.762927,-2.935270,0.602629,0.000000,0.000000
451.520000,1.762927,-2.935270,0.602629,0.000000,0.000000
451.620000,1.762927,-2.935270,0.602629,0.000000,0.000000
451.720000,1.762927,-2.935270,0.602629,0.000000,0.000000
451.820000,1.762927,-2.935270,0.602629,0.000000,0.000000
451.920000,1.762927,-2.935270,0.602629,0.000000,0.000000
452.020000,1.762927,-2.935270,0.602629,0.000000,0.000000
452.120000,1.762927,-2.935270,0.602629,0.000000,0.000000
452.220000,1.762927,-2.935270,0.602629,0.000000,0.000000
452.320000,1.762927,-2.935270,0.602629,0.000000,0.000000
452.420000,1.762927,-2.935270,0.602629,0.000000,0.000000
452.520000,1.762927,-2.935270,0.602629,0.000000,0.000000
452.620000,1.762927,-2.935270,0.602629,0.000000,0.000000
452.720000,1.762927,-2.935270,0.602629,0.000000,0.000000
452.820000,1.762927,-2.935270,0.602629,0.000000,0.000000
452.920000,1.762927,-2.935270,0.602629,0.000000,0.000000
453.020000,1.762927,-2.935270,0.602629,0.000000,0.000000
453.120000,1.762927,-2.935270,0.602629,0.000000,0.000000
453.220000,1.762927,-2.935270,0.602629,0.000000,0.000000
453.320000,1.762927,-2.935270,0.602629,0.000000,0.000000
453.420000,1.762927,-2.935270,0.602629,0.000000,0.000000
453.520000,1.762927,-2.935270,0.602629,0.000000,0.000000
453.620000,1.762927,-2.935270,0.602629,0.000000,0.000000
453.720000,1.762927,-2.935270,0.602629,0.000000,0.000000
453.820000,1.762927,-2.935270,0.602629,0.000000,0.000000
453.920000,1.762927,-2.935270,0.602629,0.000000,0.000000
454.020000,1.762927,-2.935270,0.602629,0.000000,0.000000
454.120000,1.762927,-2.935270,0.602629,0.000000,0.000000
454.220000,1.762927,-2.935270,0.602629,0.000000,0.000000
454.320000,1.762927,-2.935270,0.602629,0.000000,0.000000
454.420000,1.762927,-2.935270,0.602629,0.000000,0.000000
454.520000,1.762927,-2.935270,0.602629,0.000000,0.000000
454.620000,1.762927,-2.935270,0.602629,0.000000,0.000000
454.720000,1.762927,-2.935270,0.602629,0.000000,0.000000
454.820000,1.762927,-2.935270,0.602629,0.000000,0.000000
454.920000,1.762927,-2.935270,0.602629,0.000000,0.000000
455.020000,1.762927,-2.935270,0.602629,0.000000,0.000000
455.120000,1.762927,-2.935270,0.602629,0.000000,0.000000
455.220000,1.762927,-2.935270,0.602629,0.000000,0.000000
455.320000,1.762927,-2.935270,0.602629,0.000000,0.000000
455.420000,1.762927,-2.935270,0.602629,0.000000,0.000000
455.520000,1.762927,-2.935270,0.602629,0.000000,0.000000
455.620000,1.762927,-2.935270,0.602629,0.000000,0.000000
455.720000,1.762927,-2.935270,0.602629,0.000000,0.000000
455.820000,1.762927,-2.935270,0.602629,0.000000,0.000000
455.920000,1.762927,-2.935270,0.602629,0.000000,0.000000
456.020000,1.762927,-2.935270,0.602629,0.000000,0.000000
456.120000,1.762927,-2.935270,0.602629,0.000000,0.000000
456.220000,1.762927,-2.935270,0.602629,0.000000,0.000000
456.320000,1.762927,-2.935270,0.602629,0.000000,0.000000
456.420000,1.762927,-2.935270,0.602629,0.000000,0.000000
456.520000,1.762927,-2.935270,0.602629,0.000000,0.000000
456.620000,1.762927,-2.935270,0.602629,0.000000,0.000000
456.720000,1.762927,-2.935270,0.602629,0.000000,0.000000
456.820000,1.762927,-2.935270,0.602629,0.000000,0.000000
456.920000,1.762927,-2.935270,0.602629,0.000000,0.000000
457.020000,1.762927,-2.935270,0.602629,0.000000,0.000000
457.120000,1.762927,-2.935270,0.602629,0.000000,0.000000
457.220000,1.762927,-2.935270,0.602629,0.000000,0.000000
457.320000,1.762927,-2.935270,0.602629,0.000000,0.000000
457.420000,1.762927,-2.935270,0.602629,0.000000,0.000000
457.520000,1.762927,-2.935270,0.602629,0.000000,0.000000
457.620000,1.762927,-2.935270,0.602629,0.000000,0.000000
457.720000,1.762927,-2.935270,0.602629,0.000000,0.000000
457.820000,1.762927,-2.935270,0.602629,0.000000,0.000000
457.920000,1.762927,-2.935270,0.602629,0.000000,0.000000
458.020000,1.762927,-2.935270,0.602629,0.000000,0.000000
458.120000,1.762927,-2.935270,0.602629,0.000000,0.000000
458.220000,1.762927,-2.935270,0.602629,0.000000,0.000000
458.320000,1.762927,-2.935270,0.602629,0.000000,0.000000
458.420000,1.762927,-2.935270,0.602629,0.000000,0.000000
458.520000,1.762927,-2.935270,0.602629,0.000000,0.000000
458.620000,1.762927,-2.935270,0.602629,0.000000,0.000000
458.720000,1.762927,-2.935270,0.602629,0.000000,0.000000
458.820000,1.762927,-2.935270,0.602629,0.000000,0.000000
458.920000,1.762927,-2.935270,0.602629,0.000000,0.000000
459.020000,1.762927,-2.935270,0.602629,0.000000,0.000000
459.120000,1.762927,-2.935270,0.602629,0.000000,0.000000
459.220000,1.762927,-2.935270,0.602629,0.000000,0.000000
459.320000,1.762927,-2.935270,0.602629,0.000000,0.000000
459.420000,1.762927,-2.935270,0.602629,0.000000,0.000000
459.520000,1.762927,-2.935270,0.602629,0.000000,0.000000
459.620000,1.762927,-2.935270,0.602629,0.000000,0.000000
459.720000,1.762927,-2.935270,0.602629,0.000000,0.000000
459.820000,1.762927,-2.935270,0.602629,0.000000,0.000000
459.920000,1.762927,-2.935270,0.602629,0.000000,0.000000
460.020000,1.762927,-2.935270,0.602629,0.000000,0.000000
460.120000,1.762927,-2.935270,0.602629,0.000000,0.000000
460.220000,1.762927,-2.935270,0.602629,0.000000,0.000000
460.320000,1.762927,-2.935270,0.602629,0.000000,0.000000
460.420000,1.762927,-2.935270,0.602629,0.000000,0.000000
460.520000,1.762927,-2.935270,0.602629,0.000000,0.000000
460.620000,1.762927,-2.935270,0.602629,0.000000,0.000000
460.720000,1.762927,-2.935270,0.602629,0.000000,0.000000
460.820000,1.762927,-2.935270,0.602629,0.000000,0.000000
460.920000,1.762927,-2.935270,0.602629,0.000000,0.000000
461.020000,1.762927,-2.935270,0.602629,0.000000,0.000000
461.120000,1.762927,-2.935270,0.602629,0.000000,0.000000
461.220000,1.762927,-2.935270,0.602629,0.000000,0.000000
461.320000,1.762927,-2.935270,0.602629,0.000000,0.000000
461.420000,1.762927,-2.935270,0.602629,0.000000,0.000000
461.520000,1.762927,-2.935270,0.602629,0.000000,0.000000
461.620000,1.762927,-2.935270,0.602629,0.000000,0.000000
461.720000,1.762927,-2.935270,0.602629,0.000000,0.000000
461.820000,1.762927,-2.935270,0.602629,0.000000,0.000000
461.920000,1.762927,-2.935270,0.602629,0.000000,0.000000
462.020000,1.762927,-2.935270,0.602629,0.000000,0.000000
462.120000,1.762927,-2.935270,0.602629,0.000000,0.000000
462.220000,1.762927,-2.935270,0.602629,0.000000,0.000000
462.320000,1.762927,-2.935270,0.602629,0.000000,0.000000
462.420000,1.762927,-2.935270,0.602629,0.000000,0.000000
462.520000,1.762927,-2.935270,0.602629,0.000000,0.000000
462.620000,1.762927,-2.935270,0.602629,0.000000,0.000000
462.720000,1.762927,-2.935270,0.602629,0.000000,0.000000
462.820000,1.762927,-2.935270,0.602629,0.000000,0.000000
462.920000,1.762927,-2.935270,0.602629,0.000000,0.000000
463.020000,1.762927,-2.935270,0.602629,0.000000,0.000000
463.120000,1.762927,-2.935270,0.602629,0.000000,0.000000
463.220000,1.762927,-2.935270,0.602629,0.000000,0.000000
463.320000,1.762927,-2.935270,0.602629,0.000000,0.000000
463.420000,1.762927,-2.935270,0.602629,0.000000,0.000000
463.520000,1.762927,-2.935270,0.602629,0.000000,0.000000
463.620000,1.762927,-2.935270,0.602629,0.000000,0.000000
463.720000,1.762927,-2.935270,0.602629,0.000000,0.000000
463.820000,1.762927,-2.935270,0.602629,0.000000,0.000000
463.920000,1.762927,-2.935270,0.602629,0.000000,0.000000
464.020000,1.762927,-2.935270,0.602629,0.000000,0.000000
464.120000,1.762927,-2.935270,0.602629,0.000000,0.000000
464.220000,1.762927,-2.935270,0.602629,0.000000,0.000000
464.320000,1.762927,-2.935270,0.602629,0.000000,0.000000
464.420000,1.762927,-2.935270,0.602629,0.000000,0.000000
464.520000,1.762927,-2.935270,0.602629,0.000000,0.000000
464.620000,1.762927,-2.935270,0.602629,0.000000,0.000000
464.720000,1.762927,-2.935270,0.602629,0.000000,0.000000
464.820000,1.762927,-2.935270,0.602629,0.000000,0.000000
464.920000,1.762927,-2.935270,0.602629,0.000000,0.000000
465.020000,1.762927,-2.935270,0.602629,0.000000,0.000000
465.120000,1.762927,-2.935270,0.602629,0.000000,0.000000
465.220000,1.762927,-2.935270,0.602629,0.000000,0.000000
465.320000,1.762927,-2.935270,0.602629,0.000000,0.000000
465.420000,1.762927,-2.935270,0.602629,0.000000,0.000000
465.520000,1.762927,-2.935270,0.602629,0.000000,0.000000
465.620000,1.762927,-2.935270,0.602629,0.000000,0.000000
465.720000,1.762927,-2.935270,0.602629,0.000000,0.000000
465.820000,1.762927,-2.935270,0.602629,0.000000,0.000000
465.920000,1.762927,-2.935270,0.602629,0.000000,0.000000
466.020000,1.762927,-2.935270,0.602629,0.000000,0.000000
466.120000,1.762927,-2.935270,0.602629,0.000000,0.000000
466.220000,1.762927,-2.935270,0.602629,0.000000,0.000000
466.320000,1.762927,-2.935270,0.602629,0.000000,0.000000
466.420000,1.762927,-2.935270,0.602629,0.000000,0.000000
466.520000,1.762927,-2.935270,0.602629,0.000000,0.000000
466.620000,1.762927,-2.935270,0.602629,0.000000,0.000000
466.720000,1.762927,-2.935270,0.602629,0.000000,0.000000
466.820000,1.762927,-2.935270,0.602629,0.000000,0.000000
466.920000,1.762927,-2.935270,0.602629,0.000000,0.000000
467.020000,1.762927,-2.935270,0.602629,0.000000,0.000000
467.120000,1.762927,-2.935270,0.602629,0.000000,0.000000
467.220000,1.762927,-2.935270,0.602629,0.000000,0.000000
467.320000,1.762927,-2.935270,0.602629,0.000000,0.000000
467.420000,1.762927,-2.935270,0.602629,0.000000,0.000000
467.520000,1.762927,-2.935270,0.602629,0.000000,0.000000
467.620000,1.762927,-2.935270,0.602629,0.000000,0.000000
467.720000,1.762927,-2.935270,0.602629,0.000000,0.000000
467.820000,1.762927,-2.935270,0.602629,0.000000,0.000000
467.920000,1.762927,-2.935270,0.602629,0.000000,0.000000
468.020000,1.762927,-2.935270,0.602629,0.000000,0.000000
468.120000,1.762927,-2.935270,0.602629,0.000000,0.000000
468.220000,1.762927,-2.935270,0.602629,0.000000,0.000000
468.320000,1.762927,-2.935270,0.602629,0.000000,0.000000
468.420000,1.762927,-2.935270,0.602629,0.000000,0.000000
468.520000,1.762927,-2.935270,0.602629,0.000000,0.000000
468.620000,1.762927,-2.935270,0.602629,0.000000,0.000000
468.720000,1.762927,-2.935270,0.602629,0.000000,0.000000
468.820000,1.762927,-2.935270,0.602629,0.000000,0.000000
468.920000,1.762927,-2.935270,0.602629,0.000000,0.000000
469.020000,1.762927,-2.935270,0.602629,0.000000,0.000000
469.120000,1.762927,-2.935270,0.602629,0.000000,0.000000
469.220000,1.762927,-2.935270,0.602629,0.000000,0.000000
469.320000,1.762927,-2.935270,0.602629,0.000000,0.000000
469.420000,1.762927,-2.935270,0.602629,0.000000,0.000000
469.520000,1.762927,-2.935270,0.602629,0.000000,0.000000
469.620000,1.762927,-2.935270,0.602629,0.000000,0.000000
469.720000,1.762927,-2.935270,0.602629,0.000000,0.000000
469.820000,1.762927,-2.935270,0.602629,0.000000,0.000000
469.920000,1.762927,-2.935270,0.602629,0.000000,0.000000
470.020000,1.762927,-2.935270,0.602629,0.000000,0.000000
470.120000,1.762927,-2.935270,0.602629,0.000000,0.000000
470.220000,1.762927,-2.935270,0.602629,0.000000,0.000000
470.320000,1.762927,-2.935270,0.602629,0.000000,0.000000
470.420000,1.762927,-2.935270,0.602629,0.000000,0.000000
470.520000,1.762927,-2.935270,0.602629,0.000000,0.000000
470.620000,1.762927,-2.935270,0.602629,0.000000,0.000000
470.720000,1.762927,-2.935270,0.602629,0.000000,0.000000
470.820000,1.762927,-2.935270,0.602629,0.000000,0.000000
470.920000,1.762927,-2.935270,0.602629,0.000000,0.000000
471.020000,1.762927,-2.935270,0.602629,0.000000,0.000000
471.120000,1.762927,-2.935270,0.602629,0.000000,0.000000
471.220000,1.762927,-2.935270,0.602629,0.000000,0.000000
471.320000,1.762927,-2.935270,0.602629,0.000000,0.000000
471.420000,1.762927,-2.935270,0.602629,0.000000,0.000000
471.520000,1.762927,-2.935270,0.602629,0.000000,0.000000
471.620000,1.762927,-2.935270,0.602629,0.000000,0.000000
471.720000,1.762927,-2.935270,0.602629,0.000000,0.000000
471.820000,1.762927,-2.935270,0.602629,0.000000,0.000000
471.920000,1.762927,-2.935270,0.602629,0.000000,0.000000
472.020000,1.762927,-2.935270,0.602629,0.000000,0.000000
472.120000,1.762927,-2.935270,0.602629,0.000000,0.000000
472.220000,1.762927,-2.935270,0.602629,0.000000,0.000000
472.320000,1.762927,-2.935270,0.602629,0.000000,0.000000
472.420000,1.762927,-2.935270,0.602629,0.000000,0.000000
472.520000,1.762927,-2.935270,0.602629,0.000000,0.000000
472.620000,1.762927,-2.935270,0.602629,0.000000,0.000000
472.720000,1.762927,-2.935270,0.602629,0.000000,0.000000
472.820000,1.762927,-2.935270,0.602629,0.000000,0.000000
472.920000,1.762927,-2.935270,0.602629,0.000000,0.000000
473.020000,1.762927,-2.935270,0.602629,0.000000,0.000000
473.120000,1.762927,-2.935270,0.602629,0.000000,0.000000
473.220000,1.762927,-2.935270,0.602629,0.000000,0.000000
473.320000,1.762927,-2.935270,0.602629,0.000000,0.000000
473.420000,1.762927,-2.935270,0.602629,0.000000,0.000000
473.520000,1.762927,-2.935270,0.602629,0.000000,0.000000
473.620000,1.762927,-2.935270,0.602629,0.000000,0.000000
473.720000,1.762927,-2.935270,0.602629,0.000000,0.000000
473.820000,1.762927,-2.935270,0.602629,0.000000,0.000000
473.920000,1.762927,-2.935270,0.602629,0.000000,0.000000
474.020000,1.762927,-2.935270,0.602629,0.000000,0.000000
474.120000,1.762927,-2.935270,0.602629,0.000000,0.000000
474.220000,1.762927,-2.935270,0.602629,0.000000,0.000000
474.320000,1.762927,-2.935270,0.602629,0.000000,0.000000
474.420000,1.762927,-2.935270,0.602629,0.000000,0.000000
474.520000,1.762927,-2.935270,0.602629,0.000000,0.000000
474.620000,1.762927,-2.935270,0.602629,0.000000,0.000000
474.720000,1.762927,-2.935270,0.602629,0.000000,0.000000
474.820000,1.762927,-2.935270,0.602629,0.000000,0.000000
474.920000,1.762927,-2.935270,0.602629,0.000000,0.000000
475.020000,1.762927,-2.935270,0.602629,0.000000,0.000000
475.120000,1.762927,-2.935270,0.602629,0.000000,0.000000
475.220000,1.762927,-2.935270,0.602629,0.000000,0.000000
475.320000,1.762927,-2.935270,0.602629,0.000000,0.000000
475.420000,1.762927,-2.935270,0.602629,0.000000,0.000000
475.520000,1.762927,-2.935270,0.602629,0.000000,0.000000
475.620000,1.762927,-2.935270,0.602629,0.000000,0.000000
475.720000,1.762927,-2.935270,0.602629,0.000000,0.000000
475.820000,1.762927,-2.935270,0.602629,0.000000,0.000000
475.920000,1.762927,-2.935270,0.602629,0.000000,0.000000
476.020000,1.762927,-2.935270,0.602629,0.000000,0.000000
476.120000,1.762927,-2.935270,0.602629,0.000000,0.000000
476.220000,1.762927,-2.935270,0.602629,0.000000,0.000000
476.320000,1.762927,-2.935270,0.602629,0.000000,0.000000
476.420000,1.762927,-2.935270,0.602629,0.000000,0.000000
476.520000,1.762927,-2.935270,0.602629,0.000000,0.000000
476.620000,1.762927,-2.935270,0.602629,0.000000,0.000000
476.720000,1.762927,-2.935270,0.602629,0.000000,0.000000
476.820000,1.762927,-2.935270,0.602629,0.000000,0.000000
476.920000,1.762927,-2.935270,0.602629,0.000000,0.000000
477.020000,1.762927,-2.935270,0.602629,0.000000,0.000000
477.120000,1.762927,-2.935270,0.602629,0.000000,0.000000
477.220000,1.762927,-2.935270,0.602629,0.000000,0.000000
477.320000,1.762927,-2.935270,0.602629,0.000000,0.000000
477.420000,1.762927,-2.935270,0.602629,0.000000,0.000000
477.520000,1.762927,-2.935270,0.602629,0.000000,0.000000
477.620000,1.762927,-2.935270,0.602629,0.000000,0.000000
477.720000,1.762927,-2.935270,0.602629,0.000000,0.000000
477.820000,1.762927,-2.935270,0.602629,0.000000,0.000000
477.920000,1.762927,-2.935270,0.602629,0.000000,0.000000
478.020000,1.762927,-2.935270,0.602629,0.000000,0.000000
478.120000,1.762927,-2.935270,0.602629,0.000000,0.000000
478.220000,1.762927,-2.935270,0.602629,0.000000,0.000000
478.320000,1.762927,-2.935270,0.602629,0.000000,0.000000
478.420000,1.762927,-2.935270,0.602629,0.000000,0.000000
478.520000,1.762927,-2.935270,0.602629,0.000000,0.000000
478.620000,1.762927,-2.935270,0.602629,0.000000,0.000000
478.720000,1.762927,-2.935270,0.602629,0.000000,0.000000
478.820000,1.762927,-2.935270,0.602629,0.000000,0.000000
478.920000,1.762927,-2.935270,0.602629,0.000000,0.000000
479.020000,1.762927,-2.935270,0.602629,0.000000,0.000000
479.120000,1.762927,-2.935270,0.602629,0.000000,0.000000
479.220000,1.762927,-2.935270,0.602629,0.000000,0.000000
479.320000,1.762927,-2.935270,0.602629,0.000000,0.000000
479.420000,1.762927,-2.935270,0.602629,0.000000,0.000000
479.520000,1.762927,-2.935270,0.602629,0.000000,0.000000
479.620000,1.762927,-2.935270,0.602629,0.000000,0.000000
479.720000,1.762927,-2.935270,0.602629,0.000000,0.000000
479.820000,1.762927,-2.935270,0.602629,0.000000,0.000000
479.920000,1.762927,-2.935270,0.602629,0.000000,0.000000
480.020000,1.762927,-2.935270,0.602629,0.000000,0.000000
480.120000,1.762927,-2.935270,0.602629,0.000000,0.000000
480.220000,1.762927,-2.935270,0.602629,0.000000,0.000000
480.320000,1.762927,-2.935270,0.602629,0.000000,0.000000
480.420000,1.762927,-2.935270,0.602629,0.000000,0.000000
480.520000,1.762927,-2.935270,0.602629,0.000000,0.000000
480.620000,1.762927,-2.935270,0.602629,0.000000,0.000000
480.720000,1.762927,-2.935270,0.602629,0.000000,0.000000
480.820000,1.762927,-2.935270,0.602629,0.000000,0.000000
480.920000,1.762927,-2.935270,0.602629,0.000000,0.000000
481.020000,1.762927,-2.935270,0.602629,0.000000,0.000000
481.120000,1.762927,-2.935270,0.602629,0.000000,0.000000
481.220000,1.762927,-2.935270,0.602629,0.000000,0.000000
481.320000,1.762927,-2.935270,0.602629,0.000000,0.000000
481.420000,1.762927,-2.935270,0.602629,0.000000,0.000000
481.520000,1.762927,-2.935270,0.602629,0.000000,0.000000
481.620000,1.762927,-2.935270,0.602629,0.000000,0.000000
481.720000,1.762927,-2.935270,0.602629,0.000000,0.000000
481.820000,1.762927,-2.935270,0.602629,0.000000,0.000000
481.920000,1.762927,-2.935270,0.602629,0.000000,0.000000
482.020000,1.762927,-2.935270,0.602629,0.000000,0.000000
482.120000,1.762927,-2.935270,0.602629,0.000000,0.000000
482.220000,1.762927,-2.935270,0.602629,0.000000,0.000000
482.320000,1.762927,-2.935270,0.602629,0.000000,0.000000
482.420000,1.762927,-2.935270,0.602629,0.000000,0.000000
482.520000,1.762927,-2.935270,0.602629,0.000000,0.000000
482.620000,1.762927,-2.935270,0.602629,0.000000,0.000000
482.720000,1.762927,-2.935270,0.602629,0.000000,0.000000
482.820000,1.762927,-2.935270,0.602629,0.000000,0.000000
482.920000,1.762927,-2.935270,0.602629,0.000000,0.000000
483.020000,1.762927,-2.935270,0.602629,0.000000,0.000000
483.120000,1.762927,-2.935270,0.602629,0.000000,0.000000
483.220000,1.762927,-2.935270,0.602629,0.000000,0.000000
483.320000,1.762927,-2.935270,0.602629,0.000000,0.000000
483.420000,1.762927,-2.935270,0.602629,0.000000,0.000000
483.520000,1.762927,-2.935270,0.602629,0.000000,0.000000
483.620000,1.762927,-2.935270,0.602629,0.000000,0.000000
483.720000,1.762927,-2.935270,0.602629,0.000000,0.000000
483.820000,1.762927,-2.935270,0.602629,0.000000,0.000000
483.920000,1.762927,-2.935270,0.602629,0.000000,0.000000
484.020000,1.762927,-2.935270,0.602629,0.000000,0.000000
484.120000,1.762927,-2.935270,0.602629,0.000000,0.000000
484.220000,1.762927,-2.935270,0.602629,0.000000,0.000000
484.320000,1.762927,-2.935270,0.602629,0.000000,0.000000
484.420000,1.762927,-2.935270,0.602629,0.000000,0.000000
484.520000,1.762927,-2.935270,0.602629,0.000000,0.000000
484.620000,1.762927,-2.935270,0.602629,0.000000,0.000000
484.720000,1.762927,-2.935270,0.602629,0.000000,0.000000
484.820000,1.762927,-2.935270,0.602629,0.000000,0.000000
484.920000,1.762927,-2.935270,0.602629,0.000000,0.000000
485.020000,1.762927,-2.935270,0.602629,0.000000,0.000000
485.120000,1.762927,-2.935270,0.602629,0.000000,0.000000
485.220000,1.762927,-2.935270,0.602629,0.000000,0.000000
485.320000,1.762927,-2.935270,0.602629,0.000000,0.000000
485.420000,1.762927,-2.935270,0.602629,0.000000,0.000000
485.520000,1.762927,-2.935270,0.602629,0.000000,0.000000
485.620000,1.762927,-2.935270,0.602629,0.000000,0.000000
485.720000,1.762927,-2.935270,0.602629,0.000000,0.000000
485.820000,1.762927,-2.935270,0.602629,0.000000,0.000000
485.920000,1.762927,-2.935270,0.602629,0.000000,0.000000
486.020000,1.762927,-2.935270,0.602629,0.000000,0.000000
486.120000,1.762927,-2.935270,0.602629,0.000000,0.000000
486.220000,1.762927,-2.935270,0.602629,0.000000,0.000000
486.320000,1.762927,-2.935270,0.602629,0.000000,0.000000
486.420000,1.762927,-2.935270,0.602629,0.000000,0.000000
486.520000,1.762927,-2.935270,0.602629,0.000000,0.000000
486.620000,1.762927,-2.935270,0.602629,0.000000,0.000000
486.720000,1.762927,-2.935270,0.602629,0.000000,0.000000
486.820000,1.762927,-2.935270,0.602629,0.000000,0.000000
486.920000,1.762927,-2.935270,0.602629,0.000000,0.000000
487.020000,1.762927,-2.935270,0.602629,0.000000,0.000000
487.120000,1.762927,-2.935270,0.602629,0.000000,0.000000
487.220000,1.762927,-2.935270,0.602629,0.000000,0.000000
487.320000,1.762927,-2.935270,0.602629,0.000000,0.000000
487.420000,1.762927,-2.935270,0.602629,0.000000,0.000000
487.520000,1.762927,-2.935270,0.602629,0.000000,0.000000
487.620000,1.762927,-2.935270,0.602629,0.000000,0.000000
487.720000,1.762927,-2.935270,0.602629,0.000000,0.000000
487.820000,1.762927,-2.935270,0.602629,0.000000,0.000000
487.920000,1.762927,-2.935270,0.602629,0.000000,0.000000
488.020000,1.762927,-2.935270,0.602629,0.000000,0.000000
488.120000,1.762927,-2.935270,0.602629,0.000000,0.000000
488.220000,1.762927,-2.935270,0.602629,0.000000,0.000000
488.320000,1.762927,-2.935270,0.602629,0.000000,0.000000
488.420000,1.762927,-2.935270,0.602629,0.000000,0.000000
488.520000,1.762927,-2.935270,0.602629,0.000000,0.000000
488.620000,1.762927,-2.935270,0.602629,0.000000,0.000000
488.720000,1.762927,-2.935270,0.602629,0.000000,0.000000
488.820000,1.762927,-2.935270,0.602629,0.000000,0.000000
488.920000,1.762927,-2.935270,0.602629,0.000000,0.000000
489.020000,1.762927,-2.935270,0.602629,0.000000,0.000000
489.120000,1.762927,-2.935270,0.602629,0.000000,0.000000
489.220000,1.762927,-2.935270,0.602629,0.000000,0.000000
489.320000,1.762927,-2.935270,0.602629,0.000000,0.000000
489.420000,1.762927,-2.935270,0.602629,0.000000,0.000000
489.520000,1.762927,-2.935270,0.602629,0.000000,0.000000
489.620000,1.762927,-2.935270,0.602629,0.000000,0.000000
489.720000,1.762927,-2.935270,0.602629,0.000000,0.000000
489.820000,1.762927,-2.935270,0.602629,0.000000,0.000000
489.920000,1.762927,-2.935270,0.602629,0.000000,0.000000
490.020000,1.762927,-2.935270,0.602629,0.000000,0.000000
490.120000,1.762927,-2.935270,0.602629,0.000000,0.000000
490.220000,1.762927,-2.935270,0.602629,0.000000,0.000000
490.320000,1.762927,-2.935270,0.602629,0.000000,0.000000
490.420000,1.762927,-2.935270,0.602629,0.000000,0.000000
490.520000,1.762927,-2.935270,0.602629,0.000000,0.000000
490.620000,1.762927,-2.935270,0.602629,0.000000,0.000000
490.720000,1.762927,-2.935270,0.602629,0.000000,0.000000
490.820000,1.762927,-2.935270,0.602629,0.000000,0.000000
490.920000,1.762927,-2.935270,0.602629,0.000000,0.000000
491.020000,1.762927,-2.935270,0.602629,0.000000,0.000000
491.120000,1.762927,-2.935270,0.602629,0.000000,0.000000
491.220000,1.762927,-2.935270,0.602629,0.000000,0.000000
491.320000,1.762927,-2.935270,0.602629,0.000000,0.000000
491.420000,1.762927,-2.935270,0.602629,0.000000,0.000000
491.520000,1.762927,-2.935270,0.602629,0.000000,0.000000
491.620000,1.762927,-2.935270,0.602629,0.000000,0.000000
491.720000,1.762927,-2.935270,0.602629,0.000000,0.000000
491.820000,1.762927,-2.935270,0.602629,0.000000,0.000000
491.920000,1.762927,-2.935270,0.602629,0.000000,0.000000
492.020000,1.762927,-2.935270,0.602629,0.000000,0.000000
492.120000,1.762927,-2.935270,0.602629,0.000000,0.000000
492.220000,1.762927,-2.935270,0.602629,0.000000,0.000000
492.320000,1.762927,-2.935270,0.602629,0.000000,0.000000
492.420000,1.762927,-2.935270,0.602629,0.000000,0.000000
492.520000,1.762927,-2.935270,0.602629,0.000000,0.000000
492.620000,1.762927,-2.935270,0.602629,0.000000,0.000000
492.720000,1.762927,-2.935270,0.602629,0.000000,0.000000
492.820000,1.762927,-2.935270,0.602629,0.000000,0.000000
492.920000,1.762927,-2.935270,0.602629,0.000000,0.000000
493.020000,1.762927,-2.935270,0.602629,0.000000,0.000000
493.120000,1.762927,-2.935270,0.602629,0.000000,0.000000
493.220000,1.762927,-2.935270,0.602629,0.000000,0.000000
493.320000,1.762927,-2.935270,0.602629,0.000000,0.000000
493.420000,1.762927,-2.935270,0.602629,0.000000,0.000000
493.520000,1.762927,-2.935270,0.602629,0.000000,0.000000
493.620000,1.762927,-2.935270,0.602629,0.000000,0.000000
493.720000,1.762927,-2.935270,0.602629,0.000000,0.000000
493.820000,1.762927,-2.935270,0.602629,0.000000,0.000000
493.920000,1.762927,-2.935270,0.602629,0.000000,0.000000
494.020000,1.762927,-2.935270,0.602629,0.000000,0.000000
494.120000,1.762927,-2.935270,0.602629,0.000000,0.000000
494.220000,1.762927,-2.935270,0.602629,0.000000,0.000000
494.320000,1.762927,-2.935270,0.602629,0.000000,0.000000
494.420000,1.762927,-2.935270,0.602629,0.000000,0.000000
494.520000,1.762927,-2.935270,0.602629,0.000000,0.000000
494.620000,1.762927,-2.935270,0.602629,0.000000,0.000000
494.720000,1.762927,-2.935270,0.602629,0.000000,0.000000
494.820000,1.762927,-2.935270,0.602629,0.000000,0.000000
494.920000,1.762927,-2.935270,0.602629,0.000000,0.000000
495.020000,1.762927,-2.935270,0.602629,0.000000,0.000000
495.120000,1.762927,-2.935270,0.602629,0.000000,0.000000
495.220000,1.762927,-2.935270,0.602629,0.000000,0.000000
495.320000,1.762927,-2.935270,0.602629,0.000000,0.000000
495.420000,1.762927,-2.935270,0.602629,0.000000,0.000000
495.520000,1.762927,-2.935270,0.602629,0.000000,0.000000
495.620000,1.762927,-2.935270,0.602629,0.000000,0.000000
495.720000,1.762927,-2.935270,0.602629,0.000000,0.000000
495.820000,1.762927,-2.935270,0.602629,0.000000,0.000000
495.920000,1.762927,-2.935270,0.602629,0.000000,0.000000
496.020000,1.762927,-2.935270,0.602629,0.000000,0.000000
496.120000,1.762927,-2.935270,0.602629,0.000000,0.000000
496.220000,1.762927,-2.935270,0.602629,0.000000,0.000000
496.320000,1.762927,-2.935270,0.602629,0.000000,0.000000
496.420000,1.762927,-2.935270,0.602629,0.000000,0.000000
496.520000,1.762927,-2.935270,0.602629,0.000000,0.000000
496.620000,1.762927,-2.935270,0.602629,0.000000,0.000000
496.720000,1.762927,-2.935270,0.602629,0.000000,0.000000
496.820000,1.762927,-2.935270,0.602629,0.000000,0.000000
496.920000,1.762927,-2.935270,0.602629,0.000000,0.000000
497.020000,1.762927,-2.935270,0.602629,0.000000,0.000000
497.120000,1.762927,-2.935270,0.602629,0.000000,0.000000
497.220000,1.762927,-2.935270,0.602629,0.000000,0.000000
497.320000,1.762927,-2.935270,0.602629,0.000000,0.000000
497.420000,1.762927,-2.935270,0.602629,0.000000,0.000000
497.520000,1.762927,-2.935270,0.602629,0.000000,0.000000
497.620000,1.762927,-2.935270,0.602629,0.000000,0.000000
497.720000,1.762927,-2.935270,0.602629,0.000000,0.000000
497.820000,1.762927,-2.935270,0.602629,0.000000,0.000000
497.920000,1.762927,-2.935270,0.602629,0.000000,0.000000
498.020000,1.762927,-2.935270,0.602629,0.000000,0.000000
498.120000,1.762927,-2.935270,0.602629,0.000000,0.000000
498.220000,1.762927,-2.935270,0.602629,0.000000,0.000000
498.320000,1.762927,-2.935270,0.602629,0.000000,0.000000
498.420000,1.762927,-2.935270,0.602629,0.000000,0.000000
498.520000,1.762927,-2.935270,0.602629,0.000000,0.000000
498.620000,1.762927,-2.935270,0.602629,0.000000,0.000000
498.720000,1.762927,-2.935270,0.602629,0.000000,0.000000
498.820000,1.762927,-2.935270,0.602629,0.000000,0.000000
498.920000,1.762927,-2.935270,0.602629,0.000000,0.000000
499.020000,1.762927,-2.935270,0.602629,0.000000,0.000000
499.120000,1.762927,-2.935270,0.602629,0.000000,0.000000
499.220000,1.762927,-2.935270,0.602629,0.000000,0.000000
499.320000,1.762927,-2.935270,0.602629,0.000000,0.000000
499.420000,1.762927,-2.935270,0.602629,0.000000,0.000000
499.520000,1.762927,-2.935270,0.602629,0.000000,0.000000
499.620000,1.762927,-2.935270,0.602629,0.000000,0.000000
499.720000,1.762927,-2.935270,0.602629,0.000000,0.000000
499.820000,1.762927,-2.935270,0.602629,0.000000,0.000000
499.920000,1.762927,-2.935270,0.602629,0.000000,0.000000
500.020000,1.762927,-2.935270,0.602629,0.000000,0.000000
500.120000,1.762927,-2.935270,0.602629,0.000000,0.000000
500.220000,1.762927,-2.935270,0.602629,0.000000,0.000000
500.320000,1.762927,-2.935270,0.602629,0.000000,0.000000
500.420000,1.762927,-2.935270,0.602629,0.000000,0.000000
500.520000,1.762927,-2.935270,0.602629,0.000000,0.000000
500.620000,1.762927,-2.935270,0.602629,0.000000,0.000000
500.720000,1.762927,-2.935270,0.602629,0.000000,0.000000
500.820000,1.762927,-2.935270,0.602629,0.000000,0.000000
500.920000,1.762927,-2.935270,0.602629,0.000000,0.000000
501.020000,1.762927,-2.935270,0.602629,0.000000,0.000000
501.120000,1.762927,-2.935270,0.602629,0.000000,0.000000
501.220000,1.762927,-2.935270,0.602629,0.000000,0.000000
501.320000,1.762927,-2.935270,0.602629,0.000000,0.000000
501.420000,1.762927,-2.935270,0.602629,0.000000,0.000000
501.520000,1.762927,-2.935270,0.602629,0.000000,0.000000
501.620000,1.762927,-2.935270,0.602629,0.000000,0.000000
501.720000,1.762927,-2.935270,0.602629,0.000000,0.000000
501.820000,1.762927,-2.935270,0.602629,0.000000,0.000000
501.920000,1.762927,-2.935270,0.602629,0.000000,0.000000
502.020000,1.762927,-2.935270,0.602629,0.000000,0.000000
502.120000,1.762927,-2.935270,0.602629,0.000000,0.000000
502.220000,1.762927,-2.935270,0.602629,0.000000,0.000000
502.320000,1.762927,-2.935270,0.602629,0.000000,0.000000
502.420000,1.762927,-2.935270,0.602629,0.000000,0.000000
502.520000,1.762927,-2.935270,0.602629,0.000000,0.000000
502.620000,1.762927,-2.935270,0.602629,0.000000,0.000000
502.720000,1.762927,-2.935270,0.602629,0.000000,0.000000
502.820000,1.762927,-2.935270,0.602629,0.000000,0.000000
502.920000,1.762927,-2.935270,0.602629,0.000000,0.000000
503.020000,1.762927,-2.935270,0.602629,0.000000,0.000000
503.120000,1.762927,-2.935270,0.602629,0.000000,0.000000
503.220000,1.762927,-2.935270,0.602629,0.000000,0.000000
503.320000,1.762927,-2.935270,0.602629,0.000000,0.000000
503.420000,1.762927,-2.935270,0.602629,0.000000,0.000000
503.520000,1.762927,-2.935270,0.602629,0.000000,0.000000
503.620000,1.762927,-2.935270,0.602629,0.000000,0.000000
503.720000,1.762927,-2.935270,0.602629,0.000000,0.000000
503.820000,1.762927,-2.935270,0.602629,0.000000,0.000000
503.920000,1.762927,-2.935270,0.602629,0.000000,0.000000
504.020000,1.762927,-2.935270,0.602629,0.000000,0.000000
504.120000,1.762927,-2.935270,0.602629,0.000000,0.000000
504.220000,1.762927,-2.935270,0.602629,0.000000,0.000000
504.320000,1.762927,-2.935270,0.602629,0.000000,0.000000
504.420000,1.762927,-2.935270,0.602629,0.000000,0.000000
504.520000,1.762927,-2.935270,0.602629,0.000000,0.000000
504.620000,1.762927,-2.935270,0.602629,0.000000,0.000000
504.720000,1.762927,-2.935270,0.602629,0.000000,0.000000
504.820000,1.762927,-2.935270,0.602629,0.000000,0.000000
504.920000,1.762927,-2.935270,0.602629,0.000000,0.000000
505.020000,1.762927,-2.935270,0.602629,0.000000,0.000000
505.120000,1.762927,-2.935270,0.602629,0.000000,0.000000
505.220000,1.762927,-2.935270,0.602629,0.000000,0.000000
505.320000,1.762927,-2.935270,0.602629,0.000000,0.000000
505.420000,1.762927,-2.935270,0.602629,0.000000,0.000000
505.520000,1.762927,-2.935270,0.602629,0.000000,0.000000
505.620000,1.762927,-2.935270,0.602629,0.000000,0.000000
505.720000,1.762927,-2.935270,0.602629,0.000000,0.000000
505.820000,1.762927,-2.935270,0.602629,0.000000,0.000000
505.920000,1.762927,-2.935270,0.602629,0.000000,0.000000
506.020000,1.762927,-2.935270,0.602629,0.000000,0.000000
506.120000,1.762927,-2.935270,0.602629,0.000000,0.000000
506.220000,1.762927,-2.935270,0.602629,0.000000,0.000000
506.320000,1.762927,-2.935270,0.602629,0.000000,0.000000
506.420000,1.762927,-2.935270,0.602629,0.000000,0.000000
506.520000,1.762927,-2.935270,0.602629,0.000000,0.000000
506.620000,1.762927,-2.935270,0.602629,0.000000,0.000000
506.720000,1.762927,-2.935270,0.602629,0.000000,0.000000
506.820000,1.762927,-2.935270,0.602629,0.000000,0.000000
506.920000,1.762927,-2.935270,0.602629,0.000000,0.000000
507.020000,1.762927,-2.935270,0.602629,0.000000,0.000000
507.120000,1.762927,-2.935270,0.602629,0.000000,0.000000
507.220000,1.762927,-2.935270,0.602629,0.000000,0.000000
507.320000,1.762927,-2.935270,0.602629,0.000000,0.000000
507.420000,1.762927,-2.935270,0.602629,0.000000,0.000000
507.520000,1.762927,-2.935270,0.602629,0.000000,0.000000
507.620000,1.762927,-2.935270,0.602629,0.000000,0.000000
507.720000,1.762927,-2.935270,0.602629,0.000000,0.000000
507.820000,1.762927,-2.935270,0.602629,0.000000,0.000000
507.920000,1.762927,-2.935270,0.602629,0.000000,0.000000
508.020000,1.762927,-2.935270,0.602629,0.000000,0.000000
508.120000,1.762927,-2.935270,0.602629,0.000000,0.000000
508.220000,1.762927,-2.935270,0.602629,0.000000,0.000000
508.320000,1.762927,-2.935270,0.602629,0.000000,0.000000
508.420000,1.762927,-2.935270,0.602629,0.000000,0.000000
508.520000,1.762927,-2.935270,0.602629,0.000000,0.000000
508.620000,1.762927,-2.935270,0.602629,0.000000,0.000000
508.720000,1.762927,-2.935270,0.602629,0.000000,0.000000
508.820000,1.762927,-2.935270,0.602629,0.000000,0.000000
508.920000,1.762927,-2.935270,0.602629,0.000000,0.000000
509.020000,1.762927,-2.935270,0.602629,0.000000,0.000000
509.120000,1.762927,-2.935270,0.602629,0.000000,0.000000
509.220000,1.762927,-2.935270,0.602629,0.000000,0.000000
509.320000,1.762927,-2.935270,0.602629,0.000000,0.000000
509.420000,1.762927,-2.935270,0.602629,0.000000,0.000000
509.520000,1.762927,-2.935270,0.602629,0.000000,0.000000
509.620000,1.762927,-2.935270,0.602629,0.000000,0.000000
509.720000,1.762927,-2.935270,0.602629,0.000000,0.000000
509.820000,1.762927,-2.935270,0.602629,0.000000,0.000000
509.920000,1.762927,-2.935270,0.602629,0.000000,0.000000
510.020000,1.762927,-2.935270,0.602629,0.000000,0.000000
510.120000,1.762927,-2.935270,0.602629,0.000000,0.000000
510.220000,1.762927,-2.935270,0.602629,0.000000,0.000000
510.320000,1.762927,-2.935270,0.602629,0.000000,0.000000
510.420000,1.762927,-2.935270,0.602629,0.000000,0.000000
510.520000,1.762927,-2.935270,0.602629,0.000000,0.000000
510.620000,1.762927,-2.935270,0.602629,0.000000,0.000000
510.720000,1.762927,-2.935270,0.602629,0.000000,0.000000
510.820000,1.762927,-2.935270,0.602629,0.000000,0.000000
510.920000,1.762927,-2.935270,0.602629,0.000000,0.000000
511.020000,1.762927,-2.935270,0.602629,0.000000,0.000000
511.120000,1.762927,-2.935270,0.602629,0.000000,0.000000
511.220000,1.762927,-2.935270,0.602629,0.000000,0.000000
511.320000,1.762927,-2.935270,0.602629,0.000000,0.000000
511.420000,1.762927,-2.935270,0.602629,0.000000,0.000000
511.520000,1.762927,-2.935270,0.602629,0.000000,0.000000
511.620000,1.762927,-2.935270,0.602629,0.000000,0.000000
511.720000,1.762927,-2.935270,0.602629,0.000000,0.000000
511.820000,1.762927,-2.935270,0.602629,0.000000,0.000000
511.920000,1.762927,-2.935270,0.602629,0.000000,0.000000
512.020000,1.762927,-2.935270,0.602629,0.000000,0.000000
512.120000,1.762927,-2.935270,0.602629,0.000000,0.000000
512.220000,1.762927,-2.935270,0.602629,0.000000,0.000000
512.320000,1.762927,-2.935270,0.602629,0.000000,0.000000
512.420000,1.762927,-2.935270,0.602629,0.000000,0.000000
512.520000,1.762927,-2.935270,0.602629,0.000000,0.000000
512.620000,1.762927,-2.935270,0.602629,0.000000,0.000000
512.720000,1.762927,-2.935270,0.602629,0.000000,0.000000
512.820000,1.762927,-2.935270,0.602629,0.000000,0.000000
512.920000,1.762927,-2.935270,0.602629,0.000000,0.000000
513.020000,1.762927,-2.935270,0.602629,0.000000,0.000000
513.120000,1.762927,-2.935270,0.602629,0.000000,0.000000
513.220000,1.762927,-2.935270,0.602629,0.000000,0.000000
513.320000,1.762927,-2.935270,0.602629,0.000000,0.000000
513.420000,1.762927,-2.935270,0.602629,0.000000,0.000000
513.520000,1.762927,-2.935270,0.602629,0.000000,0.000000
513.620000,1.762927,-2.935270,0.602629,0.000000,0.000000
513.720000,1.762927,-2.935270,0.602629,0.000000,0.000000
513.820000,1.762927,-2.935270,0.602629,0.000000,0.000000
513.920000,1.762927,-2.935270,0.602629,0.000000,0.000000
514.020000,1.762927,-2.935270,0.602629,0.000000,0.000000
514.120000,1.762927,-2.935270,0.602629,0.000000,0.000000
514.220000,1.762927,-2.935270,0.602629,0.000000,0.000000
514.320000,1.762927,-2.935270,0.602629,0.000000,0.000000
514.420000,1.762927,-2.935270,0.602629,0.000000,0.000000
514.520000,1.762927,-2.935270,0.602629,0.000000,0.000000
514.620000,1.762927,-2.935270,0.602629,0.000000,0.000000
514.720000,1.762927,-2.935270,0.602629,0.000000,0.000000
514.820000,1.762927,-2.935270,0.602629,0.000000,0.000000
514.920000,1.762927,-2.935270,0.602629,0.000000,0.000000
515.020000,1.762927,-2.935270,0.602629,0.000000,0.000000
515.120000,1.762927,-2.935270,0.602629,0.000000,0.000000
515.220000,1.762927,-2.935270,0.602629,0.000000,0.000000
515.320000,1.762927,-2.935270,0.602629,0.000000,0.000000
515.420000,1.762927,-2.935270,0.602629,0.000000,0.000000
515.520000,1.762927,-2.935270,0.602629,0.000000,0.000000
515.620000,1.762927,-2.935270,0.602629,0.000000,0.000000
515.720000,1.762927,-2.935270,0.602629,0.000000,0.000000
515.820000,1.762927,-2.935270,0.602629,0.000000,0.000000
515.920000,1.762927,-2.935270,0.602629,0.000000,0.000000
516.020000,1.762927,-2.935270,0.602629,0.000000,0.000000
516.120000,1.762927,-2.935270,0.602629,0.000000,0.000000
516.220000,1.762927,-2.935270,0.602629,0.000000,0.000000
516.320000,1.762927,-2.935270,0.602629,0.000000,0.000000
516.420000,1.762927,-2.935270,0.602629,0.000000,0.000000
516.520000,1.762927,-2.935270,0.602629,0.000000,0.000000
516.620000,1.762927,-2.935270,0.602629,0.000000,0.000000
516.720000,1.762927,-2.935270,0.602629,0.000000,0.000000
516.820000,1.762927,-2.935270,0.602629,0.000000,0.000000
516.920000,1.762927,-2.935270,0.602629,0.000000,0.000000
517.020000,1.762927,-2.935270,0.602629,0.000000,0.000000
517.120000,1.762927,-2.935270,0.602629,0.000000,0.000000
517.220000,1.762927,-2.935270,0.602629,0.000000,0.000000
517.320000,1.762927,-2.935270,0.602629,0.000000,0.000000
517.420000,1.762927,-2.935270,0.602629,0.000000,0.000000
517.520000,1.762927,-2.935270,0.602629,0.000000,0.000000
517.620000,1.762927,-2.935270,0.602629,0.000000,0.000000
517.720000,1.762927,-2.935270,0.602629,0.000000,0.000000
517.820000,1.762927,-2.935270,0.602629,0.000000,0.000000
517.920000,1.762927,-2.935270,0.602629,0.000000,0.000000
518.020000,1.762927,-2.935270,0.602629,0.000000,0.000000
518.120000,1.762927,-2.935270,0.602629,0.000000,0.000000
518.220000,1.762927,-2.935270,0.602629,0.000000,0.000000
518.320000,1.762927,-2.935270,0.602629,0.000000,0.000000
518.420000,1.762927,-2.935270,0.602629,0.000000,0.000000
518.520000,1.762927,-2.935270,0.602629,0.000000,0.000000
518.620000,1.762927,-2.935270,0.602629,0.000000,0.000000
518.720000,1.762927,-2.935270,0.602629,0.000000,0.000000
518.820000,1.762927,-2.935270,0.602629,0.000000,0.000000
518.920000,1.762927,-2.935270,0.602629,0.000000,0.000000
519.020000,1.762927,-2.935270,0.602629,0.000000,0.000000
519.120000,1.762927,-2.935270,0.602629,0.000000,0.000000
519.220000,1.762927,-2.935270,0.602629,0.000000,0.000000
519.320000,1.762927,-2.935270,0.602629,0.000000,0.000000
519.420000,1.762927,-2.935270,0.602629,0.000000,0.000000
519.520000,1.762927,-2.935270,0.602629,0.000000,0.000000
519.620000,1.762927,-2.935270,0.602629,0.000000,0.000000
519.720000,1.762927,-2.935270,0.602629,0.000000,0.000000
519.820000,1.762927,-2.935270,0.602629,0.000000,0.000000
519.920000,1.762927,-2.935270,0.602629,0.000000,0.000000
520.020000,1.762927,-2.935270,0.602629,0.000000,0.000000
520.120000,1.762927,-2.935270,0.602629,0.000000,0.000000
520.220000,1.762927,-2.935270,0.602629,0.000000,0.000000
520.320000,1.762927,-2.935270,0.602629,0.000000,0.000000
520.420000,1.762927,-2.935270,0.602629,0.000000,0.000000
520.520000,1.762927,-2.935270,0.602629,0.000000,0.000000
520.620000,1.762927,-2.935270,0.602629,0.000000,0.000000
520.720000,1.762927,-2.935270,0.602629,0.000000,0.000000
520.820000,1.762927,-2.935270,0.602629,0.000000,0.000000
520.920000,1.762927,-2.935270,0.602629,0.000000,0.000000
521.020000,1.762927,-2.935270,0.602629,0.000000,0.000000
521.120000,1.762927,-2.935270,0.602629,0.000000,0.000000
521.220000,1.762927,-2.935270,0.602629,0.000000,0.000000
521.320000,1.762927,-2.935270,0.602629,0.000000,0.000000
521.420000,1.762927,-2.935270,0.602629,0.000000,0.000000
521.520000,1.762927,-2.935270,0.602629,0.000000,0.000000
521.620000,1.762927,-2.935270,0.602629,0.000000,0.000000
521.720000,1.762927,-2.935270,0.602629,0.000000,0.000000
521.820000,1.762927,-2.935270,0.602629,0.000000,0.000000
521.920000,1.762927,-2.935270,0.602629,0.000000,0.000000
522.020000,1.762927,-2.935270,0.602629,0.000000,0.000000
522.120000,1.762927,-2.935270,0.602629,0.000000,0.000000
522.220000,1.762927,-2.935270,0.602629,0.000000,0.000000
522.320000,1.762927,-2.935270,0.602629,0.000000,0.000000
522.420000,1.762927,-2.935270,0.602629,0.000000,0.000000
522.520000,1.762927,-2.935270,0.602629,0.000000,0.000000
522.620000,1.762927,-2.935270,0.602629,0.000000,0.000000
522.720000,1.762927,-2.935270,0.602629,0.000000,0.000000
522.820000,1.762927,-2.935270,0.602629,0.000000,0.000000
522.920000,1.762927,-2.935270,0.602629,0.000000,0.000000
523.020000,1.762927,-2.935270,0.602629,0.000000,0.000000
523.120000,1.762927,-2.935270,0.602629,0.000000,0.000000
523.220000,1.762927,-2.935270,0.602629,0.000000,0.000000
523.320000,1.762927,-2.935270,0.602629,0.000000,0.000000
523.420000,1.762927,-2.935270,0.602629,0.000000,0.000000
523.520000,1.762927,-2.935270,0.602629,0.000000,0.000000
523.620000,1.762927,-2.935270,0.602629,0.000000,0.000000
523.720000,1.762927,-2.935270,0.602629,0.000000,0.000000
523.820000,1.762927,-2.935270,0.602629,0.000000,0.000000
523.920000,1.762927,-2.935270,0.602629,0.000000,0.000000
524.020000,1.762927,-2.935270,0.602629,0.000000,0.000000
524.120000,1.762927,-2.935270,0.602629,0.000000,0.000000
524.220000,1.762927,-2.935270,0.602629,0.000000,0.000000
524.320000,1.762927,-2.935270,0.602629,0.000000,0.000000
524.420000,1.762927,-2.935270,0.602629,0.000000,0.000000
524.520000,1.762927,-2.935270,0.602629,0.000000,0.000000
524.620000,1.762927,-2.935270,0.602629,0.000000,0.000000
524.720000,1.762927,-2.935270,0.602629,0.000000,0.000000
524.820000,1.762927,-2.935270,0.602629,0.000000,0.000000
524.920000,1.762927,-2.935270,0.602629,0.000000,0.000000
525.020000,1.762927,-2.935270,0.602629,0.000000,0.000000
525.120000,1.762927,-2.935270,0.602629,0.000000,0.000000
525.220000,1.762927,-2.935270,0.602629,0.000000,0.000000
525.320000,1.762927,-2.935270,0.602629,0.000000,0.000000
525.420000,1.762927,-2.935270,0.602629,0.000000,0.000000
525.520000,1.762927,-2.935270,0.602629,0.000000,0.000000
525.620000,1.762927,-2.935270,0.602629,0.000000,0.000000
525.720000,1.762927,-2.935270,0.602629,0.000000,0.000000
525.820000,1.762927,-2.935270,0.602629,0.000000,0.000000
525.920000,1.762927,-2.935270,0.602629,0.000000,0.000000
526.020000,1.762927,-2.935270,0.602629,0.000000,0.000000
526.120000,1.762927,-2.935270,0.602629,0.000000,0.000000
526.220000,1.762927,-2.935270,0.602629,0.000000,0.000000
526.320000,1.762927,-2.935270,0.602629,0.000000,0.000000
526.420000,1.762927,-2.935270,0.602629,0.000000,0.000000
526.520000,1.762927,-2.935270,0.602629,0.000000,0.000000
526.620000,1.762927,-2.935270,0.602629,0.000000,0.000000
526.720000,1.762927,-2.935270,0.602629,0.000000,0.000000
526.820000,1.762927,-2.935270,0.602629,0.000000,0.000000
526.920000,1.762927,-2.935270,0.602629,0.000000,0.000000
527.020000,1.762927,-2.935270,0.602629,0.000000,0.000000
527.120000,1.762927,-2.935270,0.602629,0.000000,0.000000
527.220000,1.762927,-2.935270,0.602629,0.000000,0.000000
527.320000,1.762927,-2.935270,0.602629,0.000000,0.000000
527.420000,1.762927,-2.935270,0.602629,0.000000,0.000000
527.520000,1.762927,-2.935270,0.602629,0.000000,0.000000
527.620000,1.762927,-2.935270,0.602629,0.000000,0.000000
527.720000,1.762927,-2.935270,0.602629,0.000000,0.000000
527.820000,1.762927,-2.935270,0.602629,0.000000,0.000000
527.920000,1.762927,-2.935270,0.602629,0.000000,0.000000
528.020000,1.762927,-2.935270,0.602629,0.000000,0.000000
528.120000,1.762927,-2.935270,0.602629,0.000000,0.000000
528.220000,1.762927,-2.935270,0.602629,0.000000,0.000000
528.320000,1.762927,-2.935270,0.602629,0.000000,0.000000
528.420000,1.762927,-2.935270,0.602629,0.000000,0.000000
528.520000,1.762927,-2.935270,0.602629,0.000000,0.000000
528.620000,1.762927,-2.935270,0.602629,0.000000,0.000000
528.720000,1.762927,-2.935270,0.602629,0.000000,0.000000
528.820000,1.762927,-2.935270,0.602629,0.000000,0.000000
528.920000,1.762927,-2.935270,0.602629,0.000000,0.000000
529.020000,1.762927,-2.935270,0.602629,0.000000,0.000000
529.120000,1.762927,-2.935270,0.602629,0.000000,0.000000
529.220000,1.762927,-2.935270,0.602629,0.000000,0.000000
529.320000,1.762927,-2.935270,0.602629,0.000000,0.000000
529.420000,1.762927,-2.935270,0.602629,0.000000,0.000000
529.520000,1.762927,-2.935270,0.602629,0.000000,0.000000
529.620000,1.762927,-2.935270,0.602629,0.000000,0.000000
529.720000,1.762927,-2.935270,0.602629,0.000000,0.000000
529.820000,1.762927,-2.935270,0.602629,0.000000,0.000000
529.920000,1.762927,-2.935270,0.602629,0.000000,0.000000
530.020000,1.762927,-2.935270,0.602629,0.000000,0.000000
530.120000,1.762927,-2.935270,0.602629,0.000000,0.000000
530.220000,1.762927,-2.935270,0.602629,0.000000,0.000000
530.320000,1.762927,-2.935270,0.602629,0.000000,0.000000
530.420000,1.762927,-2.935270,0.602629,0.000000,0.000000
530.520000,1.762927,-2.935270,0.602629,0.000000,0.000000
530.620000,1.762927,-2.935270,0.602629,0.000000,0.000000
530.720000,1.762927,-2.935270,0.602629,0.000000,0.000000
530.820000,1.762927,-2.935270,0.602629,0.000000,0.000000
530.920000,1.762927,-2.935270,0.602629,0.000000,0.000000
531.020000,1.762927,-2.935270,0.602629,0.000000,0.000000
531.120000,1.762927,-2.935270,0.602629,0.000000,0.000000
531.220000,1.762927,-2.935270,0.602629,0.000000,0.000000
531.320000,1.762927,-2.935270,0.602629,0.000000,0.000000
531.420000,1.762927,-2.935270,0.602629,0.000000,0.000000
531.520000,1.762927,-2.935270,0.602629,0.000000,0.000000
531.620000,1.762927,-2.935270,0.602629,0.000000,0.000000
531.720000,1.762927,-2.935270,0.602629,0.000000,0.000000
531.820000,1.762927,-2.935270,0.602629,0.000000,0.000000
531.920000,1.762927,-2.935270,0.602629,0.000000,0.000000
532.020000,1.762927,-2.935270,0.602629,0.000000,0.000000
532.120000,1.762927,-2.935270,0.602629,0.000000,0.000000
532.220000,1.762927,-2.935270,0.602629,0.000000,0.000000
532.320000,1.762927,-2.935270,0.602629,0.000000,0.000000
532.420000,1.762927,-2.935270,0.602629,0.000000,0.000000
532.520000,1.762927,-2.935270,0.602629,0.000000,0.000000
532.620000,1.762927,-2.935270,0.602629,0.000000,0.000000
532.720000,1.762927,-2.935270,0.602629,0.000000,0.000000
532.820000,1.762927,-2.935270,0.602629,0.000000,0.000000
532.920000,1.762927,-2.935270,0.602629,0.000000,0.000000
533.020000,1.762927,-2.935270,0.602629,0.000000,0.000000
533.120000,1.762927,-2.935270,0.602629,0.000000,0.000000
533.220000,1.762927,-2.935270,0.602629,0.000000,0.000000
533.320000,1.762927,-2.935270,0.602629,0.000000,0.000000
533.420000,1.762927,-2.935270,0.602629,0.000000,0.000000
533.520000,1.762927,-2.935270,0.602629,0.000000,0.000000
533.620000,1.762927,-2.935270,0.602629,0.000000,0.000000
533.720000,1.762927,-2.935270,0.602629,0.000000,0.000000
533.820000,1.762927,-2.935270,0.602629,0.000000,0.000000
533.920000,1.762927,-2.935270,0.602629,0.000000,0.000000
534.020000,1.762927,-2.935270,0.602629,0.000000,0.000000
534.120000,1.762927,-2.935270,0.602629,0.000000,0.000000
534.220000,1.762927,-2.935270,0.602629,0.000000,0.000000
534.320000,1.762927,-2.935270,0.602629,0.000000,0.000000
534.420000,1.762927,-2.935270,0.602629,0.000000,0.000000
534.520000,1.762927,-2.935270,0.602629,0.000000,0.000000
534.620000,1.762927,-2.935270,0.602629,0.000000,0.000000
534.720000,1.762927,-2.935270,0.602629,0.000000,0.000000
534.820000,1.762927,-2.935270,0.602629,0.000000,0.000000
534.920000,1.762927,-2.935270,0.602629,0.000000,0.000000
535.020000,1.762927,-2.935270,0.602629,0.000000,0.000000
535.120000,1.762927,-2.935270,0.602629,0.000000,0.000000
535.220000,1.762927,-2.935270,0.602629,0.000000,0.000000
535.320000,1.762927,-2.935270,0.602629,0.000000,0.000000
535.420000,1.762927,-2.935270,0.602629,0.000000,0.000000
535.520000,1.762927,-2.935270,0.602629,0.000000,0.000000
535.620000,1.762927,-2.935270,0.602629,0.000000,0.000000
535.720000,1.762927,-2.935270,0.602629,0.000000,0.000000
535.820000,1.762927,-2.935270,0.602629,0.000000,0.000000
535.920000,1.762927,-2.935270,0.602629,0.000000,0.000000
536.020000,1.762927,-2.935270,0.602629,0.000000,0.000000
536.120000,1.762927,-2.935270,0.602629,0.000000,0.000000
536.220000,1.762927,-2.935270,0.602629,0.000000,0.000000
536.320000,1.762927,-2.935270,0.602629,0.000000,0.000000
536.420000,1.762927,-2.935270,0.602629,0.000000,0.000000
536.520000,1.762927,-2.935270,0.602629,0.000000,0.000000
536.620000,1.762927,-2.935270,0.602629,0.000000,0.000000
536.720000,1.762927,-2.935270,0.602629,0.000000,0.000000
536.820000,1.762927,-2.935270,0.602629,0.000000,0.000000
536.920000,1.762927,-2.935270,0.602629,0.000000,0.000000
537.020000,1.762927,-2.935270,0.602629,0.000000,0.000000
537.120000,1.762927,-2.935270,0.602629,0.000000,0.000000
537.220000,1.762927,-2.935270,0.602629,0.000000,0.000000
537.320000,1.762927,-2.935270,0.602629,0.000000,0.000000
537.420000,1.762927,-2.935270,0.602629,0.000000,0.000000
537.520000,1.762927,-2.935270,0.602629,0.000000,0.000000
537.620000,1.762927,-2.935270,0.602629,0.000000,0.000000
537.720000,1.762927,-2.935270,0.602629,0.000000,0.000000
537.820000,1.762927,-2.935270,0.602629,0.000000,0.000000
537.920000,1.762927,-2.935270,0.602629,0.000000,0.000000
538.020000,1.762927,-2.935270,0.602629,0.000000,0.000000
538.120000,1.762927,-2.935270,0.602629,0.000000,0.000000
538.220000,1.762927,-2.935270,0.602629,0.000000,0.000000
538.320000,1.762927,-2.935270,0.602629,0.000000,0.000000
538.420000,1.762927,-2.935270,0.602629,0.000000,0.000000
538.520000,1.762927,-2.935270,0.602629,0.000000,0.000000
538.620000,1.762927,-2.935270,0.602629,0.000000,0.000000
538.720000,1.762927,-2.935270,0.602629,0.000000,0.000000
538.820000,1.762927,-2.935270,0.602629,0.000000,0.000000
538.920000,1.762927,-2.935270,0.602629,0.000000,0.000000
539.020000,1.762927,-2.935270,0.602629,0.000000,0.000000
539.120000,1.762927,-2.935270,0.602629,0.000000,0.000000
539.220000,1.762927,-2.935270,0.602629,0.000000,0.000000
539.320000,1.762927,-2.935270,0.602629,0.000000,0.000000
539.420000,1.762927,-2.935270,0.602629,0.000000,0.000000
539.520000,1.762927,-2.935270,0.602629,0.000000,0.000000
539.620000,1.762927,-2.935270,0.602629,0.000000,0.000000
539.720000,1.762927,-2.935270,0.602629,0.000000,0.000000
539.820000,1.762927,-2.935270,0.602629,0.000000,0.000000
539.920000,1.762927,-2.935270,0.602629,0.000000,0.000000
540.020000,1.762927,-2.935270,0.602629,0.000000,0.000000
540.120000,1.762927,-2.935270,0.602629,0.000000,0.000000
540.220000,1.762927,-2.935270,0.602629,0.000000,0.000000
540.320000,1.762927,-2.935270,0.602629,0.000000,0.000000
540.420000,1.762927,-2.935270,0.602629,0.000000,0.000000
540.520000,1.762927,-2.935270,0.602629,0.000000,0.000000
540.620000,1.762927,-2.935270,0.602629,0.000000,0.000000
540.720000,1.762927,-2.935270,0.602629,0.000000,0.000000
540.820000,1.762927,-2.935270,0.602629,0.000000,0.000000
540.920000,1.762927,-2.935270,0.602629,0.000000,0.000000
541.020000,1.762927,-2.935270,0.602629,0.000000,0.000000
541.120000,1.762927,-2.935270,0.602629,0.000000,0.000000
541.220000,1.762927,-2.935270,0.602629,0.000000,0.000000
541.320000,1.762927,-2.935270,0.602629,0.000000,0.000000
541.420000,1.762927,-2.935270,0.602629,0.000000,0.000000
541.520000,1.762927,-2.935270,0.602629,0.000000,0.000000
541.620000,1.762927,-2.935270,0.602629,0.000000,0.000000
541.720000,1.762927,-2.935270,0.602629,0.000000,0.000000
541.820000,1.762927,-2.935270,0.602629,0.000000,0.000000
541.920000,1.762927,-2.935270,0.602629,0.000000,0.000000
542.020000,1.762927,-2.935270,0.602629,0.000000,0.000000
542.120000,1.762927,-2.935270,0.602629,0.000000,0.000000
542.220000,1.762927,-2.935270,0.602629,0.000000,0.000000
542.320000,1.762927,-2.935270,0.602629,0.000000,0.000000
542.420000,1.762927,-2.935270,0.602629,0.000000,0.000000
542.520000,1.762927,-2.935270,0.602629,0.000000,0.000000
542.620000,1.762927,-2.935270,0.602629,0.000000,0.000000
542.720000,1.762927,-2.935270,0.602629,0.000000,0.000000
542.820000,1.762927,-2.935270,0.602629,0.000000,0.000000
542.920000,1.762927,-2.935270,0.602629,0.000000,0.000000
543.020000,1.762927,-2.935270,0.602629,0.000000,0.000000
543.120000,1.762927,-2.935270,0.602629,0.000000,0.000000
543.220000,1.762927,-2.935270,0.602629,0.000000,0.000000
543.320000,1.762927,-2.935270,0.602629,0.000000,0.000000
543.420000,1.762927,-2.935270,0.602629,0.000000,0.000000
543.520000,1.762927,-2.935270,0.602629,0.000000,0.000000
543.620000,1.762927,-2.935270,0.602629,0.000000,0.000000
543.720000,1.762927,-2.935270,0.602629,0.000000,0.000000
543.820000,1.762927,-2.935270,0.602629,0.000000,0.000000
543.920000,1.762927,-2.935270,0.602629,0.000000,0.000000
544.020000,1.762927,-2.935270,0.602629,0.000000,0.000000
544.120000,1.762927,-2.935270,0.602629,0.000000,0.000000
544.220000,1.762927,-2.935270,0.602629,0.000000,0.000000
544.320000,1.762927,-2.935270,0.602629,0.000000,0.000000
544.420000,1.762927,-2.935270,0.602629,0.000000,0.000000
544.520000,1.762927,-2.935270,0.602629,0.000000,0.000000
544.620000,1.762927,-2.935270,0.602629,0.000000,0.000000
544.720000,1.762927,-2.935270,0.602629,0.000000,0.000000
544.820000,1.762927,-2.935270,0.602629,0.000000,0.000000
544.920000,1.762927,-2.935270,0.602629,0.000000,0.000000
545.020000,1.762927,-2.935270,0.602629,0.000000,0.000000
545.120000,1.762927,-2.935270,0.602629,0.000000,0.000000
545.220000,1.762927,-2.935270,0.602629,0.000000,0.000000
545.320000,1.762927,-2.935270,0.602629,0.000000,0.000000
545.420000,1.762927,-2.935270,0.602629,0.000000,0.000000
545.520000,1.762927,-2.935270,0.602629,0.000000,0.000000
545.620000,1.762927,-2.935270,0.602629,0.000000,0.000000
545.720000,1.762927,-2.935270,0.602629,0.000000,0.000000
545.820000,1.762927,-2.935270,0.602629,0.000000,0.000000
545.920000,1.762927,-2.935270,0.602629,0.000000,0.000000
546.020000,1.762927,-2.935270,0.602629,0.000000,0.000000
546.120000,1.762927,-2.935270,0.602629,0.000000,0.000000
546.220000,1.762927,-2.935270,0.602629,0.000000,0.000000
546.320000,1.762927,-2.935270,0.602629,0.000000,0.000000
546.420000,1.762927,-2.935270,0.602629,0.000000,0.000000
546.520000,1.762927,-2.935270,0.602629,0.000000,0.000000
546.620000,1.762927,-2.935270,0.602629,0.000000,0.000000
546.720000,1.762927,-2.935270,0.602629,0.000000,0.000000
546.820000,1.762927,-2.935270,0.602629,0.000000,0.000000
546.920000,1.762927,-2.935270,0.602629,0.000000,0.000000
547.020000,1.762927,-2.935270,0.602629,0.000000,0.000000
547.120000,1.762927,-2.935270,0.602629,0.000000,0.000000
547.220000,1.762927,-2.935270,0.602629,0.000000,0.000000
547.320000,1.762927,-2.935270,0.602629,0.000000,0.000000
547.420000,1.762927,-2.935270,0.602629,0.000000,0.000000
547.520000,1.762927,-2.935270,0.602629,0.000000,0.000000
547.620000,1.762927,-2.935270,0.602629,0.000000,0.000000
547.720000,1.762927,-2.935270,0.602629,0.000000,0.000000
547.820000,1.762927,-2.935270,0.602629,0.000000,0.000000
547.920000,1.762927,-2.935270,0.602629,0.000000,0.000000
548.020000,1.762927,-2.935270,0.602629,0.000000,0.000000
548.120000,1.762927,-2.935270,0.602629,0.000000,0.000000
548.220000,1.762927,-2.935270,0.602629,0.000000,0.000000
548.320000,1.762927,-2.935270,0.602629,0.000000,0.000000
548.420000,1.762927,-2.935270,0.602629,0.000000,0.000000
548.520000,1.762927,-2.935270,0.602629,0.000000,0.000000
548.620000,1.762927,-2.935270,0.602629,0.000000,0.000000
548.720000,1.762927,-2.935270,0.602629,0.000000,0.000000
548.820000,1.762927,-2.935270,0.602629,0.000000,0.000000
548.920000,1.762927,-2.935270,0.602629,0.000000,0.000000
549.020000,1.762927,-2.935270,0.602629,0.000000,0.000000
549.120000,1.762927,-2.935270,0.602629,0.000000,0.000000
549.220000,1.762927,-2.935270,0.602629,0.000000,0.000000
549.320000,1.762927,-2.935270,0.602629,0.000000,0.000000
549.420000,1.762927,-2.935270,0.602629,0.000000,0.000000
549.520000,1.762927,-2.935270,0.602629,0.000000,0.000000
549.620000,1.762927,-2.935270,0.602629,0.000000,0.000000
549.720000,1.762927,-2.935270,0.602629,0.000000,0.000000
549.820000,1.762927,-2.935270,0.602629,0.000000,0.000000
549.920000,1.762927,-2.935270,0.602629,0.000000,0.000000
550.020000,1.762927,-2.935270,0.602629,0.000000,0.000000
550.120000,1.762927,-2.935270,0.602629,0.000000,0.000000
550.220000,1.762927,-2.935270,0.602629,0.000000,0.000000
550.320000,1.762927,-2.935270,0.602629,0.000000,0.000000
550.420000,1.762927,-2.935270,0.602629,0.000000,0.000000
550.520000,1.762927,-2.935270,0.602629,0.000000,0.000000
550.620000,1.762927,-2.935270,0.602629,0.000000,0.000000
550.720000,1.762927,-2.935270,0.602629,0.000000,0.000000
550.820000,1.762927,-2.935270,0.602629,0.000000,0.000000
550.920000,1.762927,-2.935270,0.602629,0.000000,0.000000
551.020000,1.762927,-2.935270,0.602629,0.000000,0.000000
551.120000,1.762927,-2.935270,0.602629,0.000000,0.000000
551.220000,1.762927,-2.935270,0.602629,0.000000,0.000000
551.320000,1.762927,-2.935270,0.602629,0.000000,0.000000
551.420000,1.762927,-2.935270,0.602629,0.000000,0.000000
551.520000,1.762927,-2.935270,0.602629,0.000000,0.000000
551.620000,1.762927,-2.935270,0.602629,0.000000,0.000000
551.720000,1.762927,-2.935270,0.602629,0.000000,0.000000
551.820000,1.762927,-2.935270,0.602629,0.000000,0.000000
551.920000,1.762927,-2.935270,0.602629,0.000000,0.000000
552.020000,1.762927,-2.935270,0.602629,0.000000,0.000000
552.120000,1.762927,-2.935270,0.602629,0.000000,0.000000
552.220000,1.762927,-2.935270,0.602629,0.000000,0.000000
552.320000,1.762927,-2.935270,0.602629,0.000000,0.000000
552.420000,1.762927,-2.935270,0.602629,0.000000,0.000000
552.520000,1.762927,-2.935270,0.602629,0.000000,0.000000
552.620000,1.762927,-2.935270,0.602629,0.000000,0.000000
552.720000,1.762927,-2.935270,0.602629,0.000000,0.000000
552.820000,1.762927,-2.935270,0.602629,0.000000,0.000000
552.920000,1.762927,-2.935270,0.602629,0.000000,0.000000
553.020000,1.762927,-2.935270,0.602629,0.000000,0.000000
553.120000,1.762927,-2.935270,0.602629,0.000000,0.000000
553.220000,1.762927,-2.935270,0.602629,0.000000,0.000000
553.320000,1.762927,-2.935270,0.602629,0.000000,0.000000
553.420000,1.762927,-2.935270,0.602629,0.000000,0.000000
553.520000,1.762927,-2.935270,0.602629,0.000000,0.000000
553.620000,1.762927,-2.935270,0.602629,0.000000,0.000000
553.720000,1.762927,-2.935270,0.602629,0.000000,0.000000
553.820000,1.762927,-2.935270,0.602629,0.000000,0.000000
553.920000,1.762927,-2.935270,0.602629,0.000000,0.000000
554.020000,1.762927,-2.935270,0.602629,0.000000,0.000000
554.120000,1.762927,-2.935270,0.602629,0.000000,0.000000
554.220000,1.762927,-2.935270,0.602629,0.000000,0.000000
554.320000,1.762927,-2.935270,0.602629,0.000000,0.000000
554.420000,1.762927,-2.935270,0.602629,0.000000,0.000000
554.520000,1.762927,-2.935270,0.602629,0.000000,0.000000
554.620000,1.762927,-2.935270,0.602629,0.000000,0.000000
554.720000,1.762927,-2.935270,0.602629,0.000000,0.000000
554.820000,1.762927,-2.935270,0.602629,0.000000,0.000000
554.920000,1.762927,-2.935270,0.602629,0.000000,0.000000
555.020000,1.762927,-2.935270,0.602629,0.000000,0.000000
555.120000,1.762927,-2.935270,0.602629,0.000000,0.000000
555.220000,1.762927,-2.935270,0.602629,0.000000,0.000000
555.320000,1.762927,-2.935270,0.602629,0.000000,0.000000
555.420000,1.762927,-2.935270,0.602629,0.000000,0.000000
555.520000,1.762927,-2.935270,0.602629,0.000000,0.000000
555.620000,1.762927,-2.935270,0.602629,0.000000,0.000000
555.720000,1.762927,-2.935270,0.602629,0.000000,0.000000
555.820000,1.762927,-2.935270,0.602629,0.000000,0.000000
555.920000,1.762927,-2.935270,0.602629,0.000000,0.000000
556.020000,1.762927,-2.935270,0.602629,0.000000,0.000000
556.120000,1.762927,-2.935270,0.602629,0.000000,0.000000
556.220000,1.762927,-2.935270,0.602629,0.000000,0.000000
556.320000,1.762927,-2.935270,0.602629,0.000000,0.000000
556.420000,1.762927,-2.935270,0.602629,0.000000,0.000000
556.520000,1.762927,-2.935270,0.602629,0.000000,0.000000
556.620000,1.762927,-2.935270,0.602629,0.000000,0.000000
556.720000,1.762927,-2.935270,0.602629,0.000000,0.000000
556.820000,1.762927,-2.935270,0.602629,0.000000,0.000000
556.920000,1.762927,-2.935270,0.602629,0.000000,0.000000
557.020000,1.762927,-2.935270,0.602629,0.000000,0.000000
557.120000,1.762927,-2.935270,0.602629,0.000000,0.000000
557.220000,1.762927,-2.935270,0.602629,0.000000,0.000000
557.320000,1.762927,-2.935270,0.602629,0.000000,0.000000
557.420000,1.762927,-2.935270,0.602629,0.000000,0.000000
557.520000,1.762927,-2.935270,0.602629,0.000000,0.000000
557.620000,1.762927,-2.935270,0.602629,0.000000,0.000000
557.720000,1.762927,-2.935270,0.602629,0.000000,0.000000
557.820000,1.762927,-2.935270,0.602629,0.000000,0.000000
557.920000,1.762927,-2.935270,0.602629,0.000000,0.000000
558.020000,1.762927,-2.935270,0.602629,0.000000,0.000000
558.120000,1.762927,-2.935270,0.602629,0.000000,0.000000
558.220000,1.762927,-2.935270,0.602629,0.000000,0.000000
558.320000,1.762927,-2.935270,0.602629,0.000000,0.000000
558.420000,1.762927,-2.935270,0.602629,0.000000,0.000000
558.520000,1.762927,-2.935270,0.602629,0.000000,0.000000
558.620000,1.762927,-2.935270,0.602629,0.000000,0.000000
558.720000,1.762927,-2.935270,0.602629,0.000000,0.000000
558.820000,1.762927,-2.935270,0.602629,0.000000,0.000000
558.920000,1.762927,-2.935270,0.602629,0.000000,0.000000
559.020000,1.762927,-2.935270,0.602629,0.000000,0.000000
559.120000,1.762927,-2.935270,0.602629,0.000000,0.000000
559.220000,1.762927,-2.935270,0.602629,0.000000,0.000000
559.320000,1.762927,-2.935270,0.602629,0.000000,0.000000
559.420000,1.762927,-2.935270,0.602629,0.000000,0.000000
559.520000,1.762927,-2.935270,0.602629,0.000000,0.000000
559.620000,1.762927,-2.935270,0.602629,0.000000,0.000000
559.720000,1.762927,-2.935270,0.602629,0.000000,0.000000
559.820000,1.762927,-2.935270,0.602629,0.000000,0.000000
559.920000,1.762927,-2.935270,0.602629,0.000000,0.000000
560.020000,1.762927,-2.935270,0.602629,0.000000,0.000000
560.120000,1.762927,-2.935270,0.602629,0.000000,0.000000
560.220000,1.762927,-2.935270,0.602629,0.000000,0.000000
560.320000,1.762927,-2.935270,0.602629,0.000000,0.000000
560.420000,1.762927,-2.935270,0.602629,0.000000,0.000000
560.520000,1.762927,-2.935270,0.602629,0.000000,0.000000
560.620000,1.762927,-2.935270,0.602629,0.000000,0.000000
560.720000,1.762927,-2.935270,0.602629,0.000000,0.000000
560.820000,1.762927,-2.935270,0.602629,0.000000,0.000000
560.920000,1.762927,-2.935270,0.602629,0.000000,0.000000
561.020000,1.762927,-2.935270,0.602629,0.000000,0.000000
561.120000,1.762927,-2.935270,0.602629,0.000000,0.000000
561.220000,1.762927,-2.935270,0.602629,0.000000,0.000000
561.320000,1.762927,-2.935270,0.602629,0.000000,0.000000
561.420000,1.762927,-2.935270,0.602629,0.000000,0.000000
561.520000,1.762927,-2.935270,0.602629,0.000000,0.000000
561.620000,1.762927,-2.935270,0.602629,0.000000,0.000000
561.720000,1.762927,-2.935270,0.602629,0.000000,0.000000
561.820000,1.762927,-2.935270,0.602629,0.000000,0.000000
561.920000,1.762927,-2.935270,0.602629,0.000000,0.000000
562.020000,1.762927,-2.935270,0.602629,0.000000,0.000000
562.120000,1.762927,-2.935270,0.602629,0.000000,0.000000
562.220000,1.762927,-2.935270,0.602629,0.000000,0.000000
562.320000,1.762927,-2.935270,0.602629,0.000000,0.000000
562.420000,1.762927,-2.935270,0.602629,0.000000,0.000000
562.520000,1.762927,-2.935270,0.602629,0.000000,0.000000
562.620000,1.762927,-2.935270,0.602629,0.000000,0.000000
562.720000,1.762927,-2.935270,0.602629,0.000000,0.000000
562.820000,1.762927,-2.935270,0.602629,0.000000,0.000000
562.920000,1.762927,-2.935270,0.602629,0.000000,0.000000
563.020000,1.762927,-2.935270,0.602629,0.000000,0.000000
563.120000,1.762927,-2.935270,0.602629,0.000000,0.000000
563.220000,1.762927,-2.935270,0.602629,0.000000,0.000000
563.320000,1.762927,-2.935270,0.602629,0.000000,0.000000
563.420000,1.762927,-2.935270,0.602629,0.000000,0.000000
563.520000,1.762927,-2.935270,0.602629,0.000000,0.000000
563.620000,1.762927,-2.935270,0.602629,0.000000,0.000000
563.720000,1.762927,-2.935270,0.602629,0.000000,0.000000
563.820000,1.762927,-2.935270,0.602629,0.000000,0.000000
563.920000,1.762927,-2.935270,0.602629,0.000000,0.000000
564.020000,1.762927,-2.935270,0.602629,0.000000,0.000000
564.120000,1.762927,-2.935270,0.602629,0.000000,0.000000
564.220000,1.762927,-2.935270,0.602629,0.000000,0.000000
564.320000,1.762927,-2.935270,0.602629,0.000000,0.000000
564.420000,1.762927,-2.935270,0.602629,0.000000,0.000000
564.520000,1.762927,-2.935270,0.602629,0.000000,0.000000
564.620000,1.762927,-2.935270,0.602629,0.000000,0.000000
564.720000,1.762927,-2.935270,0.602629,0.000000,0.000000
564.820000,1.762927,-2.935270,0.602629,0.000000,0.000000
564.920000,1.762927,-2.935270,0.602629,0.000000,0.000000
565.020000,1.762927,-2.935270,0.602629,0.000000,0.000000
565.120000,1.762927,-2.935270,0.602629,0.000000,0.000000
565.220000,1.762927,-2.935270,0.602629,0.000000,0.000000
565.320000,1.762927,-2.935270,0.602629,0.000000,0.000000
565.420000,1.762927,-2.935270,0.602629,0.000000,0.000000
565.520000,1.762927,-2.935270,0.602629,0.000000,0.000000
565.620000,1.762927,-2.935270,0.602629,0.000000,0.000000
565.720000,1.762927,-2.935270,0.602629,0.000000,0.000000
565.820000,1.762927,-2.935270,0.602629,0.000000,0.000000
565.920000,1.762927,-2.935270,0.602629,0.000000,0.000000
566.020000,1.762927,-2.935270,0.602629,0.000000,0.000000
566.120000,1.762927,-2.935270,0.602629,0.000000,0.000000
566.220000,1.762927,-2.935270,0.602629,0.000000,0.000000
566.320000,1.762927,-2.935270,0.602629,0.000000,0.000000
566.420000,1.762927,-2.935270,0.602629,0.000000,0.000000
566.520000,1.762927,-2.935270,0.602629,0.000000,0.000000
566.620000,1.762927,-2.935270,0.602629,0.000000,0.000000
566.720000,1.762927,-2.935270,0.602629,0.000000,0.000000
566.820000,1.762927,-2.935270,0.602629,0.000000,0.000000
566.920000,1.762927,-2.935270,0.602629,0.000000,0.000000
567.020000,1.762927,-2.935270,0.602629,0.000000,0.000000
567.120000,1.762927,-2.935270,0.602629,0.000000,0.000000
567.220000,1.762927,-2.935270,0.602629,0.000000,0.000000
567.320000,1.762927,-2.935270,0.602629,0.000000,0.000000
567.420000,1.762927,-2.935270,0.602629,0.000000,0.000000
567.520000,1.762927,-2.935270,0.602629,0.000000,0.000000
567.620000,1.762927,-2.935270,0.602629,0.000000,0.000000
567.720000,1.762927,-2.935270,0.602629,0.000000,0.000000
567.820000,1.762927,-2.935270,0.602629,0.000000,0.000000
567.920000,1.762927,-2.935270,0.602629,0.000000,0.000000
568.020000,1.762927,-2.935270,0.602629,0.000000,0.000000
568.120000,1.762927,-2.935270,0.602629,0.000000,0.000000
568.220000,1.762927,-2.935270,0.602629,0.000000,0.000000
568.320000,1.762927,-2.935270,0.602629,0.000000,0.000000
568.420000,1.762927,-2.935270,0.602629,0.000000,0.000000
568.520000,1.762927,-2.935270,0.602629,0.000000,0.000000
568.620000,1.762927,-2.935270,0.602629,0.000000,0.000000
568.720000,1.762927,-2.935270,0.602629,0.000000,0.000000
568.820000,1.762927,-2.935270,0.602629,0.000000,0.000000
568.920000,1.762927,-2.935270,0.602629,0.000000,0.000000
569.020000,1.762927,-2.935270,0.602629,0.000000,0.000000
569.120000,1.762927,-2.935270,0.602629,0.000000,0.000000
569.220000,1.762927,-2.935270,0.602629,0.000000,0.000000
569.320000,1.762927,-2.935270,0.602629,0.000000,0.000000
569.420000,1.762927,-2.935270,0.602629,0.000000,0.000000
569.520000,1.762927,-2.935270,0.602629,0.000000,0.000000
569.620000,1.762927,-2.935270,0.602629,0.000000,0.000000
569.720000,1.762927,-2.935270,0.602629,0.000000,0.000000
569.820000,1.762927,-2.935270,0.602629,0.000000,0.000000
569.920000,1.762927,-2.935270,0.602629,0.000000,0.000000
570.020000,1.762927,-2.935270,0.602629,0.000000,0.000000
570.120000,1.762927,-2.935270,0.602629,0.000000,0.000000
570.220000,1.762927,-2.935270,0.602629,0.000000,0.000000
570.320000,1.762927,-2.935270,0.602629,0.000000,0.000000
570.420000,1.762927,-2.935270,0.602629,0.000000,0.000000
570.520000,1.762927,-2.935270,0.602629,0.000000,0.000000
570.620000,1.762927,-2.935270,0.602629,0.000000,0.000000
570.720000,1.762927,-2.935270,0.602629,0.000000,0.000000
570.820000,1.762927,-2.935270,0.602629,0.000000,0.000000
570.920000,1.762927,-2.935270,0.602629,0.000000,0.000000
571.020000,1.762927,-2.935270,0.602629,0.000000,0.000000
571.120000,1.762927,-2.935270,0.602629,0.000000,0.000000
571.220000,1.762927,-2.935270,0.602629,0.000000,0.000000
571.320000,1.762927,-2.935270,0.602629,0.000000,0.000000
571.420000,1.762927,-2.935270,0.602629,0.000000,0.000000
571.520000,1.762927,-2.935270,0.602629,0.000000,0.000000
571.620000,1.762927,-2.935270,0.602629,0.000000,0.000000
571.720000,1.762927,-2.935270,0.602629,0.000000,0.000000
571.820000,1.762927,-2.935270,0.602629,0.000000,0.000000
571.920000,1.762927,-2.935270,0.602629,0.000000,0.000000
572.020000,1.762927,-2.935270,0.602629,0.000000,0.000000
572.120000,1.762927,-2.935270,0.602629,0.000000,0.000000
572.220000,1.762927,-2.935270,0.602629,0.000000,0.000000
572.320000,1.762927,-2.935270,0.602629,0.000000,0.000000
572.420000,1.762927,-2.935270,0.602629,0.000000,0.000000
572.520000,1.762927,-2.935270,0.602629,0.000000,0.000000
572.620000,1.762927,-2.935270,0.602629,0.000000,0.000000
572.720000,1.762927,-2.935270,0.602629,0.000000,0.000000
572.820000,1.762927,-2.935270,0.602629,0.000000,0.000000
572.920000,1.762927,-2.935270,0.602629,0.000000,0.000000
573.020000,1.762927,-2.935270,0.602629,0.000000,0.000000
573.120000,1.762927,-2.935270,0.602629,0.000000,0.000000
573.220000,1.762927,-2.935270,0.602629,0.000000,0.000000
573.320000,1.762927,-2.935270,0.602629,0.000000,0.000000
573.420000,1.762927,-2.935270,0.602629,0.000000,0.000000
573.520000,1.762927,-2.935270,0.602629,0.000000,0.000000
573.620000,1.762927,-2.935270,0.602629,0.000000,0.000000
573.720000,1.762927,-2.935270,0.602629,0.000000,0.000000
573.820000,1.762927,-2.935270,0.602629,0.000000,0.000000
573.920000,1.762927,-2.935270,0.602629,0.000000,0.000000
574.020000,1.762927,-2.935270,0.602629,0.000000,0.000000
574.120000,1.762927,-2.935270,0.602629,0.000000,0.000000
574.220000,1.762927,-2.935270,0.602629,0.000000,0.000000
574.320000,1.762927,-2.935270,0.602629,0.000000,0.000000
574.420000,1.762927,-2.935270,0.602629,0.000000,0.000000
574.520000,1.762927,-2.935270,0.602629,0.000000,0.000000
574.620000,1.762927,-2.935270,0.602629,0.000000,0.000000
574.720000,1.762927,-2.935270,0.602629,0.000000,0.000000
574.820000,1.762927,-2.935270,0.602629,0.000000,0.000000
574.920000,1.762927,-2.935270,0.602629,0.000000,0.000000
575.020000,1.762927,-2.935270,0.602629,0.000000,0.000000
575.120000,1.762927,-2.935270,0.602629,0.000000,0.000000
575.220000,1.762927,-2.935270,0.602629,0.000000,0.000000
575.320000,1.762927,-2.935270,0.602629,0.000000,0.000000
575.420000,1.762927,-2.935270,0.602629,0.000000,0.000000
575.520000,1.762927,-2.935270,0.602629,0.000000,0.000000
575.620000,1.762927,-2.935270,0.602629,0.000000,0.000000
575.720000,1.762927,-2.935270,0.602629,0.000000,0.000000
575.820000,1.762927,-2.935270,0.602629,0.000000,0.000000
575.920000,1.762927,-2.935270,0.602629,0.000000,0.000000
576.020000,1.762927,-2.935270,0.602629,0.000000,0.000000
576.120000,1.762927,-2.935270,0.602629,0.000000,0.000000
576.220000,1.762927,-2.935270,0.602629,0.000000,0.000000
576.320000,1.762927,-2.935270,0.602629,0.000000,0.000000
576.420000,1.762927,-2.935270,0.602629,0.000000,0.000000
576.520000,1.762927,-2.935270,0.602629,0.000000,0.000000
576.620000,1.762927,-2.935270,0.602629,0.000000,0.000000
576.720000,1.780640,-2.923083,0.602629,0.500000,0.000000
576.820000,1.821832,-2.894743,0.602629,0.500000,-0.000000
576.920000,1.863024,-2.866402,0.602629,0.500000,-0.000000
577.020000,1.904217,-2.838062,0.602629,0.500000,-0.000000
577.120000,1.945409,-2.809721,0.602629,0.500000,-0.000000
577.220000,1.986602,-2.781381,0.602629,0.500000,-0.000000
577.320000,2.027794,-2.753040,0.602629,0.500000,-0.000000
577.420000,2.068986,-2.724700,0.602629,0.500000,-0.000000
577.520000,2.110179,-2.696359,0.602629,0.500000,-0.000000
577.620000,2.151371,-2.668018,0.602629,0.500000,-0.000000
577.720000,2.192564,-2.639678,0.602629,0.500000,-0.000000
577.820000,2.233756,-2.611337,0.602629,0.500000,-0.000000
577.920000,2.274949,-2.582997,0.602629,0.500000,-0.000000
578.020000,2.316141,-2.554656,0.602629,0.500000,-0.000000
578.120000,2.357333,-2.526316,0.602629,0.500000,-0.000000
578.220000,2.398526,-2.497975,0.602629,0.500000,-0.000000
578.320000,2.439718,-2.469635,0.602629,0.500000,-0.000000
578.420000,2.480911,-2.441294,0.602629,0.500000,-0.000000
578.520000,2.522103,-2.412954,0.602629,0.500000,-0.000000
578.620000,2.563295,-2.384613,0.602629,0.500000,-0.000000
578.720000,2.604488,-2.356273,0.602629,0.500000,-0.000000
578.820000,2.645680,-2.327932,0.602629,0.500000,-0.000000
578.920000,2.686873,-2.299592,0.602629,0.500000,-0.000000
579.020000,2.728065,-2.271251,0.602629,0.500000,-0.000000
579.120000,2.769257,-2.242910,0.602629,0.500000,-0.000000
579.220000,2.810450,-2.214570,0.602629,0.500000,-0.000000
579.320000,2.851642,-2.186229,0.602629,0.500000,-0.000000
579.420000,2.892835,-2.157889,0.602629,0.500000,-0.000000
579.520000,2.934027,-2.129548,0.602629,0.500000,-0.000000
579.620000,2.975219,-2.101208,0.602629,0.500000,-0.000000
579.720000,3.016412,-2.072867,0.602629,0.500000,-0.000000
579.820000,3.057604,-2.044527,0.602629,0.500000,-0.000000
579.920000,3.098797,-2.016186,0.602629,0.500000,-0.000000
580.020000,3.139989,-1.987846,0.602629,0.500000,-0.000000
580.120000,3.181181,-1.959505,0.602629,0.500000,-0.000000
580.220000,3.222374,-1.931165,0.602629,0.500000,-0.000000
580.320000,3.263566,-1.902824,0.602629,0.500000,-0.000000
580.420000,3.304759,-1.874484,0.602629,0.500000,-0.000000
580.520000,3.345951,-1.846143,0.602629,0.500000,-0.000000
580.620000,3.387143,-1.817802,0.602629,0.500000,-0.000000
580.720000,3.428336,-1.789462,0.602629,0.500000,-0.000000
580.820000,3.455523,-1.770757,0.602629,0.000000,-0.000000
580.920000,3.455523,-1.770757,0.602629,0.000000,0.000000
581.020000,3.455523,-1.770757,0.602629,0.000000,0.000000
581.120000,3.455523,-1.770757,0.602629,0.000000,0.000000
581.220000,3.455523,-1.770757,0.602629,0.000000,0.000000
581.320000,3.455523,-1.770757,0.602629,0.000000,0.000000
581.420000,3.455523,-1.770757,0.602629,0.000000,0.000000
581.520000,3.455523,-1.770757,0.602629,0.000000,0.000000
581.620000,3.455523,-1.770757,0.602629,0.000000,0.000000
581.720000,3.455523,-1.770757,0.602629,0.000000,0.000000
581.820000,3.455523,-1.770757,0.602629,0.000000,0.000000
581.920000,3.455523,-1.770757,0.602629,0.000000,0.000000
582.020000,3.455523,-1.770757,0.602629,0.000000,0.000000
582.120000,3.455523,-1.770757,0.602629,0.000000,0.000000
582.220000,3.455523,-1.770757,0.602629,0.000000,0.000000
582.320000,3.455523,-1.770757,0.602629,0.000000,0.000000
582.420000,3.455523,-1.770757,0.646629,0.000000,1.000000
582.520000,3.455523,-1.770757,0.746629,0.000000,1.000000
582.620000,3.455523,-1.770757,0.846629,0.000000,1.000000
582.720000,3.455523,-1.770757,0.946629,0.000000,1.000000
582.820000,3.455523,-1.770757,1.046629,0.000000,1.000000
582.920000,3.455523,-1.770757,1.146629,0.000000,1.000000
583.020000,3.455523,-1.770757,1.246629,0.000000,1.000000
583.120000,3.455523,-1.770757,1.346629,0.000000,1.000000
583.220000,3.455523,-1.770757,1.446629,0.000000,1.000000
583.320000,3.455523,-1.770757,1.546629,0.000000,1.000000
583.420000,3.455523,-1.770757,1.646629,0.000000,1.000000
583.520000,3.455523,-1.770757,1.746629,0.000000,1.000000
583.620000,3.455523,-1.770757,1.846629,0.000000,1.000000
583.720000,3.455523,-1.770757,1.946629,-0.000000,1.000000
583.820000,3.455523,-1.770757,2.046629,0.000000,1.000000
583.920000,3.455523,-1.770757,2.146629,0.000000,1.000000
584.020000,3.455523,-1.770757,2.246629,0.000000,1.000000
584.120000,3.455523,-1.770757,2.346629,0.000000,1.000000
584.220000,3.455523,-1.770757,2.446629,0.000000,1.000000
584.320000,3.455523,-1.770757,2.546629,0.000000,1.000000
584.420000,3.455523,-1.770757,2.646629,0.000000,1.000000
584.520000,3.455523,-1.770757,2.746629,0.000000,1.000000
584.620000,3.455523,-1.770757,2.846629,-0.000000,1.000000
584.720000,3.455523,-1.770757,2.946629,0.000000,1.000000
584.820000,3.455523,-1.770757,3.046629,0.000000,1.000000
584.920000,3.455523,-1.770757,-3.136556,0.000000,1.000000
585.020000,3.455523,-1.770757,-3.036556,0.000000,1.000000
585.120000,3.455523,-1.770757,-2.936556,0.000000,1.000000
585.220000,3.455523,-1.770757,-2.836556,0.000000,1.000000
585.320000,3.455523,-1.770757,-2.736556,0.000000,1.000000
585.420000,3.455523,-1.770757,-2.636556,0.000000,1.000000
585.520000,3.455523,-1.770757,-2.544556,-0.000000,0.200000
585.620000,3.455523,-1.770757,-2.544556,0.000000,0.000000
585.720000,3.455523,-1.770757,-2.544556,0.000000,0.000000
585.820000,3.455523,-1.770757,-2.544556,0.000000,0.000000
585.920000,3.455523,-1.770757,-2.544556,0.000000,0.000000
586.020000,3.455523,-1.770757,-2.544556,0.000000,0.000000
586.120000,3.455523,-1.770757,-2.544556,0.000000,0.000000
586.220000,3.455523,-1.770757,-2.544556,0.000000,0.000000
586.320000,3.455523,-1.770757,-2.544556,0.000000,0.000000
586.420000,3.455523,-1.770757,-2.544556,0.000000,0.000000
586.520000,3.455523,-1.770757,-2.544556,0.000000,0.000000
586.620000,3.455523,-1.770757,-2.544556,0.000000,0.000000
586.720000,3.455523,-1.770757,-2.544556,0.000000,0.000000
586.820000,3.455523,-1.770757,-2.544556,0.000000,0.000000
586.920000,3.455523,-1.770757,-2.544556,0.000000,0.000000
587.020000,3.455523,-1.770757,-2.544556,0.000000,0.000000
587.120000,3.455523,-1.770757,-2.544556,0.000000,0.000000
587.220000,3.455523,-1.770757,-2.544556,0.000000,0.000000
587.320000,3.455523,-1.770757,-2.574556,-0.000000,-1.000000
587.420000,3.455523,-1.770757,-2.674556,0.000000,-1.000000
587.520000,3.455523,-1.770757,-2.774556,0.000000,-1.000000
587.620000,3.455523,-1.770757,-2.874556,0.000000,-1.000000
587.720000,3.455523,-1.770757,-2.974556,0.000000,-1.000000
587.820000,3.455523,-1.770757,-3.074556,0.000000,-1.000000
587.920000,3.455523,-1.770757,3.108629,0.000000,-1.000000
588.020000,3.455523,-1.770757,3.008629,0.000000,-1.000000
588.120000,3.455523,-1.770757,2.908629,0.000000,-1.000000
588.220000,3.455523,-1.770757,2.808629,0.000000,-1.000000
588.320000,3.455523,-1.770757,2.708629,0.000000,-1.000000
588.420000,3.455523,-1.770757,2.608629,0.000000,-1.000000
588.520000,3.455523,-1.770757,2.508629,-0.000000,-1.000000
588.620000,3.455523,-1.770757,2.408629,0.000000,-1.000000
588.720000,3.455523,-1.770757,2.308629,0.000000,-1.000000
588.820000,3.455523,-1.770757,2.208629,0.000000,-1.000000
588.920000,3.455523,-1.770757,2.108629,0.000000,-1.000000
589.020000,3.455523,-1.770757,2.008629,0.000000,-1.000000
589.120000,3.455523,-1.770757,1.908629,0.000000,-1.000000
589.220000,3.455523,-1.770757,1.808629,0.000000,-1.000000
589.320000,3.455523,-1.770757,1.708629,0.000000,-1.000000
589.420000,3.455523,-1.770757,1.608629,0.000000,-1.000000
589.520000,3.455523,-1.770757,1.508629,0.000000,-1.000000
589.620000,3.455523,-1.770757,1.408629,0.000000,-1.000000
589.720000,3.455523,-1.770757,1.308629,0.000000,-1.000000
589.820000,3.455523,-1.770757,1.208629,0.000000,-1.000000
589.920000,3.455523,-1.770757,1.108629,0.000000,-1.000000
590.020000,3.455523,-1.770757,1.008629,0.000000,-1.000000
590.120000,3.455523,-1.770757,0.908629,0.000000,-1.000000
590.220000,3.455523,-1.770757,0.808629,0.000000,-1.000000
590.320000,3.455523,-1.770757,0.708629,0.000000,-1.000000
590.420000,3.455523,-1.770757,0.608629,0.000000,-1.000000
590.520000,3.455523,-1.770757,0.508629,0.000000,-1.000000
590.620000,3.455523,-1.770757,0.408629,0.000000,-1.000000
590.720000,3.455523,-1.770757,0.308629,0.000000,-1.000000
590.820000,3.455523,-1.770757,0.208629,0.000000,-1.000000
590.920000,3.455523,-1.770757,0.108629,0.000000,-1.000000
591.020000,3.455523,-1.770757,0.008629,-0.000000,-1.000000
591.120000,3.455523,-1.770757,-0.091371,0.000000,-1.000000
591.220000,3.455523,-1.770757,-0.191371,0.000000,-1.000000
591.320000,3.455523,-1.770757,-0.291371,0.000000,-1.000000
591.420000,3.455523,-1.770757,-0.391371,0.000000,-1.000000
591.520000,3.455523,-1.770757,-0.491371,0.000000,-1.000000
591.620000,3.455523,-1.770757,-0.591371,0.000000,-1.000000
591.720000,3.455523,-1.770757,-0.595371,0.000000,0.000000
591.820000,3.455523,-1.770757,-0.595371,0.000000,0.000000
591.920000,3.455523,-1.770757,-0.595371,0.000000,0.000000
592.020000,3.455523,-1.770757,-0.595371,0.000000,0.000000
592.120000,3.455523,-1.770757,-0.595371,0.000000,0.000000
592.220000,3.455523,-1.770757,-0.595371,0.000000,0.000000
592.320000,3.455523,-1.770757,-0.595371,0.000000,0.000000
592.420000,3.455523,-1.770757,-0.595371,0.000000,0.000000
592.520000,3.455523,-1.770757,-0.595371,0.000000,0.000000
592.620000,3.455523,-1.770757,-0.595371,0.000000,0.000000
592.720000,3.455523,-1.770757,-0.595371,0.000000,0.000000
592.820000,3.455523,-1.770757,-0.595371,0.000000,0.000000
592.920000,3.455523,-1.770757,-0.595371,0.000000,0.000000
593.020000,3.455523,-1.770757,-0.595371,0.000000,0.000000
593.120000,3.455523,-1.770757,-0.595371,0.000000,0.000000
593.220000,3.455523,-1.770757,-0.595371,0.000000,0.000000
593.320000,3.455523,-1.770757,-0.595371,0.000000,0.000000
593.420000,3.455523,-1.770757,-0.595371,0.000000,0.000000
593.520000,3.455523,-1.770757,-0.595371,0.000000,0.000000
593.620000,3.455523,-1.770757,-0.595371,0.000000,0.000000
593.720000,3.455523,-1.770757,-0.595371,0.000000,0.000000
593.820000,3.455523,-1.770757,-0.595371,0.000000,0.000000
593.920000,3.455523,-1.770757,-0.595371,0.000000,0.000000
594.020000,3.455523,-1.770757,-0.595371,0.000000,0.000000
594.120000,3.455523,-1.770757,-0.595371,0.000000,0.000000
594.220000,3.455523,-1.770757,-0.595371,0.000000,0.000000
594.320000,3.455523,-1.770757,-0.595371,0.000000,0.000000
594.420000,3.455523,-1.770757,-0.595371,0.000000,0.000000
594.520000,3.455523,-1.770757,-0.595371,0.000000,0.000000
594.620000,3.455523,-1.770757,-0.595371,0.000000,0.000000
594.720000,3.455523,-1.770757,-0.595371,0.000000,0.000000
594.820000,3.455523,-1.770757,-0.595371,0.000000,0.000000
594.920000,3.455523,-1.770757,-0.595371,0.000000,0.000000
595.020000,3.455523,-1.770757,-0.595371,0.000000,0.000000
595.120000,3.455523,-1.770757,-0.595371,0.000000,0.000000
595.220000,3.455523,-1.770757,-0.595371,0.000000,0.000000
595.320000,3.455523,-1.770757,-0.595371,0.000000,0.000000
595.420000,3.455523,-1.770757,-0.595371,0.000000,0.000000
595.520000,3.455523,-1.770757,-0.595371,0.000000,0.000000
595.620000,3.455523,-1.770757,-0.595371,0.000000,0.000000
595.720000,3.455523,-1.770757,-0.595371,0.000000,0.000000
595.820000,3.455523,-1.770757,-0.595371,0.000000,0.000000
595.920000,3.455523,-1.770757,-0.595371,0.000000,0.000000
596.020000,3.455523,-1.770757,-0.595371,0.000000,0.000000
596.120000,3.455523,-1.770757,-0.595371,0.000000,0.000000
596.220000,3.455523,-1.770757,-0.595371,0.000000,0.000000
596.320000,3.455523,-1.770757,-0.595371,0.000000,0.000000
596.420000,3.455523,-1.770757,-0.595371,0.000000,0.000000
596.520000,3.455523,-1.770757,-0.595371,0.000000,0.000000
596.620000,3.455523,-1.770757,-0.595371,0.000000,0.000000
596.720000,3.455523,-1.770757,-0.595371,0.000000,0.000000
596.820000,3.455523,-1.770757,-0.595371,0.000000,0.000000
596.920000,3.455523,-1.770757,-0.595371,0.000000,0.000000
597.020000,3.455523,-1.770757,-0.595371,0.000000,0.000000
597.120000,3.455523,-1.770757,-0.595371,0.000000,0.000000
597.220000,3.455523,-1.770757,-0.595371,0.000000,0.000000
597.320000,3.455523,-1.770757,-0.595371,0.000000,0.000000
597.420000,3.455523,-1.770757,-0.595371,0.000000,0.000000
597.520000,3.455523,-1.770757,-0.595371,0.000000,0.000000
597.620000,3.455523,-1.770757,-0.595371,0.000000,0.000000
597.720000,3.455523,-1.770757,-0.595371,0.000000,0.000000
597.820000,3.455523,-1.770757,-0.595371,0.000000,0.000000
597.920000,3.455523,-1.770757,-0.595371,0.000000,0.000000
598.020000,3.455523,-1.770757,-0.595371,0.000000,0.000000
598.120000,3.455523,-1.770757,-0.595371,0.000000,0.000000
598.220000,3.455523,-1.770757,-0.595371,0.000000,0.000000
598.320000,3.455523,-1.770757,-0.595371,0.000000,0.000000
598.420000,3.455523,-1.770757,-0.595371,0.000000,0.000000
598.520000,3.455523,-1.770757,-0.595371,0.000000,0.000000
598.620000,3.455523,-1.770757,-0.595371,0.000000,0.000000
598.720000,3.455523,-1.770757,-0.595371,0.000000,0.000000
598.820000,3.455523,-1.770757,-0.595371,0.000000,0.000000
598.920000,3.455523,-1.770757,-0.595371,0.000000,0.000000
599.020000,3.455523,-1.770757,-0.595371,0.000000,0.000000
599.120000,3.455523,-1.770757,-0.595371,0.000000,0.000000
599.220000,3.455523,-1.770757,-0.595371,0.000000,0.000000
599.320000,3.455523,-1.770757,-0.595371,0.000000,0.000000
599.420000,3.455523,-1.770757,-0.595371,0.000000,0.000000
599.520000,3.455523,-1.770757,-0.595371,0.000000,0.000000
599.620000,3.455523,-1.770757,-0.595371,0.000000,0.000000
599.720000,3.455523,-1.770757,-0.595371,0.000000,0.000000
599.820000,3.455523,-1.770757,-0.595371,0.000000,0.000000
599.920000,3.455523,-1.770757,-0.595371,0.000000,0.000000
600.020000,3.455523,-1.770757,-0.595371,0.000000,0.000000
600.120000,3.455523,-1.770757,-0.595371,0.000000,0.000000
600.220000,3.455523,-1.770757,-0.595371,0.000000,0.000000
600.320000,3.455523,-1.770757,-0.595371,0.000000,0.000000
600.420000,3.455523,-1.770757,-0.595371,0.000000,0.000000
600.520000,3.455523,-1.770757,-0.595371,0.000000,0.000000
600.620000,3.455523,-1.770757,-0.595371,0.000000,0.000000
600.720000,3.455523,-1.770757,-0.595371,0.000000,0.000000
600.820000,3.455523,-1.770757,-0.595371,0.000000,0.000000
600.920000,3.455523,-1.770757,-0.595371,0.000000,0.000000
601.020000,3.455523,-1.770757,-0.595371,0.000000,0.000000
601.120000,3.455523,-1.770757,-0.607371,0.000000,-1.000000
601.220000,3.455523,-1.770757,-0.707371,0.000000,-1.000000
601.320000,3.455523,-1.770757,-0.807371,0.000000,-1.000000
601.420000,3.455523,-1.770757,-0.907371,0.000000,-1.000000
601.520000,3.455523,-1.770757,-1.007371,0.000000,-1.000000
601.620000,3.455523,-1.770757,-1.107371,0.000000,-1.000000
601.720000,3.455523,-1.770757,-1.207371,-0.000000,-1.000000
601.820000,3.455523,-1.770757,-1.307371,0.000000,-1.000000
601.920000,3.455523,-1.770757,-1.407371,0.000000,-1.000000
602.020000,3.455523,-1.770757,-1.507371,0.000000,-1.000000
602.120000,3.455523,-1.770757,-1.607371,0.000000,-1.000000
602.220000,3.455523,-1.770757,-1.707371,0.000000,-1.000000
602.320000,3.455523,-1.770757,-1.807371,0.000000,-1.000000
602.420000,3.455523,-1.770757,-1.907371,0.000000,-1.000000
602.520000,3.455523,-1.770757,-2.007371,0.000000,-1.000000
602.620000,3.455523,-1.770757,-2.107371,-0.000000,-1.000000
602.720000,3.455523,-1.770757,-2.207371,0.000000,-1.000000
602.820000,3.455523,-1.770757,-2.307371,0.000000,-1.000000
602.920000,3.455523,-1.770757,-2.407371,0.000000,-1.000000
603.020000,3.455523,-1.770757,-2.507371,0.000000,-1.000000
603.120000,3.455523,-1.770757,-2.461371,0.000000,1.000000
603.220000,3.455523,-1.770757,-2.361371,0.000000,1.000000
603.320000,3.455523,-1.770757,-2.261371,0.000000,1.000000
603.420000,3.455523,-1.770757,-2.161371,0.000000,1.000000
603.520000,3.455523,-1.770757,-2.061371,0.000000,1.000000
603.620000,3.455523,-1.770757,-1.961371,0.000000,1.000000
603.720000,3.455523,-1.770757,-1.861371,0.000000,1.000000
603.820000,3.455523,-1.770757,-1.761371,0.000000,1.000000
603.920000,3.455523,-1.770757,-1.661371,0.000000,1.000000
604.020000,3.455523,-1.770757,-1.561371,0.000000,1.000000
604.120000,3.455523,-1.770757,-1.461371,0.000000,1.000000
604.220000,3.455523,-1.770757,-1.361371,0.000000,1.000000
604.320000,3.455523,-1.770757,-1.261371,0.000000,1.000000
604.420000,3.455523,-1.770757,-1.161371,0.000000,1.000000
604.520000,3.455523,-1.770757,-1.061371,0.000000,1.000000
604.620000,3.455523,-1.770757,-0.961371,0.000000,1.000000
604.720000,3.455523,-1.770757,-0.861371,0.000000,1.000000
604.820000,3.455523,-1.770757,-0.761371,0.000000,1.000000
604.920000,3.455523,-1.770757,-0.661371,0.000000,1.000000
605.020000,3.455523,-1.770757,-0.561371,0.000000,1.000000
605.120000,3.455523,-1.770757,-0.461371,0.000000,1.000000
605.220000,3.455523,-1.770757,-0.361371,0.000000,1.000000
605.320000,3.455523,-1.770757,-0.261371,0.000000,1.000000
605.420000,3.455523,-1.770757,-0.161371,-0.000000,1.000000
605.520000,3.455523,-1.770757,-0.061371,0.000000,1.000000
605.620000,3.455523,-1.770757,0.038629,0.000000,1.000000
605.720000,3.455523,-1.770757,0.138629,0.000000,1.000000
605.820000,3.455523,-1.770757,0.238629,0.000000,1.000000
605.920000,3.455523,-1.770757,0.338629,0.000000,1.000000
606.020000,3.455523,-1.770757,0.438629,0.000000,1.000000
606.120000,3.455523,-1.770757,0.538629,0.000000,1.000000
606.220000,3.455523,-1.770757,0.638629,0.000000,1.000000
606.320000,3.455523,-1.770757,0.738629,0.000000,1.000000
606.420000,3.455523,-1.770757,0.790629,0.000000,0.000000
606.520000,3.455523,-1.770757,0.790629,0.000000,0.000000
606.620000,3.455523,-1.770757,0.790629,0.000000,0.000000
606.720000,3.455523,-1.770757,0.790629,0.000000,0.000000
606.820000,3.455523,-1.770757,0.790629,0.000000,0.000000
606.920000,3.455523,-1.770757,0.790629,0.000000,0.000000
607.020000,3.455523,-1.770757,0.790629,0.000000,0.000000
607.120000,3.455523,-1.770757,0.790629,0.000000,0.000000
607.220000,3.455523,-1.770757,0.790629,0.000000,0.000000
607.320000,3.455523,-1.770757,0.790629,0.000000,0.000000
607.420000,3.455523,-1.770757,0.790629,0.000000,0.000000
607.520000,3.455523,-1.770757,0.790629,0.000000,0.000000
607.620000,3.455523,-1.770757,0.790629,0.000000,0.000000
607.720000,3.455523,-1.770757,0.790629,0.000000,0.000000
607.820000,3.455523,-1.770757,0.790629,0.000000,0.000000
607.920000,3.455523,-1.770757,0.790629,0.000000,0.000000
608.020000,3.455523,-1.770757,0.790629,0.000000,0.000000
608.120000,3.455523,-1.770757,0.790629,0.000000,0.000000
608.220000,3.455523,-1.770757,0.790629,0.000000,0.000000
608.320000,3.455523,-1.770757,0.790629,0.000000,0.000000
608.420000,3.455523,-1.770757,0.790629,0.000000,0.000000
608.520000,3.455523,-1.770757,0.790629,0.000000,0.000000
608.620000,3.455523,-1.770757,0.790629,0.000000,0.000000
608.720000,3.455523,-1.770757,0.790629,0.000000,0.000000
608.820000,3.455523,-1.770757,0.790629,0.000000,0.000000
608.920000,3.455523,-1.770757,0.790629,0.000000,0.000000
609.020000,3.455523,-1.770757,0.790629,0.000000,0.000000
609.120000,3.455523,-1.770757,0.790629,0.000000,0.000000
609.220000,3.455523,-1.770757,0.790629,0.000000,0.000000
609.320000,3.455523,-1.770757,0.790629,0.000000,0.000000
609.420000,3.455523,-1.770757,0.790629,0.000000,0.000000
609.520000,3.455523,-1.770757,0.790629,0.000000,0.000000
609.620000,3.455523,-1.770757,0.790629,0.000000,0.000000
609.720000,3.455523,-1.770757,0.790629,0.000000,0.000000
609.820000,3.455523,-1.770757,0.790629,0.000000,0.000000
609.920000,3.455523,-1.770757,0.790629,0.000000,0.000000
610.020000,3.455523,-1.770757,0.790629,0.000000,0.000000
610.120000,3.455523,-1.770757,0.790629,0.000000,0.000000
610.220000,3.455523,-1.770757,0.790629,0.000000,0.000000
610.320000,3.480876,-1.743139,0.865629,0.500000,1.000000
610.420000,3.511328,-1.703508,0.965629,0.500000,1.000000
610.520000,3.537672,-1.661035,1.065629,0.500000,1.000000
610.620000,3.559643,-1.616144,1.165629,0.500000,1.000000
610.720000,3.577023,-1.569284,1.265629,0.500000,1.000000
610.820000,3.589638,-1.520923,1.365629,0.500000,1.000000
610.920000,3.597362,-1.471545,1.465629,0.500000,1.000000
611.020000,3.600118,-1.421642,1.565629,0.500000,1.000000
611.120000,3.597878,-1.371713,1.665629,0.500000,1.000000
611.220000,3.590665,-1.322257,1.765629,0.500000,1.000000
611.320000,3.578550,-1.273768,1.865629,0.500000,1.000000
611.420000,3.561655,-1.226731,1.965629,0.500000,1.000000
611.520000,3.540149,-1.181616,2.065629,0.500000,1.000000
611.620000,3.514246,-1.138873,2.165629,0.500000,1.000000
611.720000,3.484205,-1.098930,2.265629,0.500000,1.000000
611.820000,3.450327,-1.062185,2.365629,0.500000,1.000000
611.920000,3.412949,-1.029006,2.465629,0.500000,1.000000
612.020000,3.372446,-0.999724,2.565629,0.500000,1.000000
612.120000,3.329222,-0.974632,2.665629,0.500000,1.000000
612.220000,3.283709,-0.953981,2.765629,0.500000,1.000000
612.320000,3.236362,-0.937977,2.865629,0.500000,1.000000
612.420000,3.187653,-0.926779,2.965629,0.500000,1.000000
612.520000,3.138070,-0.920500,3.065629,0.500000,1.000000
612.620000,3.088108,-0.919203,-3.117556,0.500000,1.000000
612.720000,3.038265,-0.922900,-3.017556,0.500000,1.000000
612.820000,2.988984,-0.931272,-2.965556,0.500000,-1.000000
612.920000,2.939401,-0.937554,-3.065556,0.500000,-1.000000
613.020000,2.889439,-0.938855,3.117629,0.500000,-1.000000
613.120000,2.839596,-0.935162,3.017629,0.500000,-1.000000
613.220000,2.790372,-0.926511,2.917629,0.500000,-1.000000
613.320000,2.742256,-0.912989,2.817629,0.500000,-1.000000
613.420000,2.695731,-0.894732,2.717629,0.500000,-1.000000
613.520000,2.651262,-0.871920,2.617629,0.500000,-1.000000
613.620000,2.609291,-0.844784,2.517629,0.500000,-1.000000
613.720000,2.570240,-0.813592,2.417629,0.500000,-1.000000
613.820000,2.534497,-0.778658,2.317629,0.500000,-1.000000
613.920000,2.502421,-0.740330,2.217629,0.500000,-1.000000
614.020000,2.474332,-0.698991,2.117629,0.500000,-1.000000
614.120000,2.450509,-0.655055,2.017629,0.500000,-1.000000
614.220000,2.431192,-0.608959,1.917629,0.500000,-1.000000
614.320000,2.416574,-0.561166,1.817629,0.500000,-1.000000
614.420000,2.406800,-0.512152,1.717629,0.500000,-1.000000
614.520000,2.401968,-0.462407,1.617629,0.500000,-1.000000
614.620000,2.402126,-0.412428,1.517629,0.500000,-1.000000
614.720000,2.407273,-0.362714,1.417629,0.500000,-1.000000
614.820000,2.417357,-0.313763,1.317629,0.500000,-1.000000
614.920000,2.432278,-0.266063,1.217629,0.500000,-1.000000
615.020000,2.451887,-0.220091,1.117629,0.500000,-1.000000
615.120000,2.475987,-0.176307,1.017629,0.500000,-1.000000
615.220000,2.502469,-0.133905,1.051629,0.500000,1.000000
615.320000,2.525066,-0.089327,1.151629,0.500000,1.000000
615.420000,2.543836,-0.042988,1.195629,0.500000,-0.000000
615.520000,2.562157,0.003534,1.195629,0.500000,-0.000000
615.620000,2.580478,0.050056,1.195629,0.500000,-0.000000
615.720000,2.598800,0.096579,1.195629,0.500000,-0.000000
615.820000,2.617121,0.143101,1.195629,0.500000,-0.000000
615.920000,2.635442,0.189623,1.195629,0.500000,-0.000000
616.020000,2.653764,0.236146,1.195629,0.500000,-0.000000
616.120000,2.672085,0.282668,1.195629,0.500000,-0.000000
616.220000,2.690407,0.329190,1.195629,0.500000,-0.000000
616.320000,2.708728,0.375713,1.195629,0.500000,-0.000000
616.420000,2.727049,0.422235,1.195629,0.500000,-0.000000
616.520000,2.745371,0.468757,1.195629,0.500000,-0.000000
616.620000,2.763692,0.515279,1.195629,0.500000,-0.000000
616.720000,2.782014,0.561802,1.195629,0.500000,-0.000000
616.820000,2.800335,0.608324,1.195629,0.500000,-0.000000
616.920000,2.818656,0.654846,1.195629,0.500000,-0.000000
617.020000,2.836978,0.701369,1.195629,0.500000,-0.000000
617.120000,2.855299,0.747891,1.195629,0.500000,-0.000000
617.220000,2.873621,0.794413,1.195629,0.500000,-0.000000
617.320000,2.891942,0.840936,1.195629,0.500000,-0.000000
617.420000,2.910263,0.887458,1.195629,0.500000,-0.000000
617.520000,2.928585,0.933980,1.195629,0.500000,-0.000000
617.620000,2.946906,0.980503,1.195629,0.500000,-0.000000
617.720000,2.965228,1.027025,1.195629,0.500000,-0.000000
617.820000,2.983549,1.073547,1.195629,0.500000,0.000000
617.920000,3.001870,1.120070,1.195629,0.500000,-0.000000
618.020000,3.020192,1.166592,1.195629,0.500000,0.000000
618.120000,3.038513,1.213114,1.195629,0.500000,0.000000
618.220000,3.056835,1.259637,1.195629,0.500000,0.000000
618.320000,3.075156,1.306159,1.195629,0.500000,-0.000000
618.420000,3.076255,1.308950,1.195629,0.000000,0.000000
618.520000,3.076255,1.308950,1.195629,0.000000,0.000000
618.620000,3.076255,1.308950,1.195629,0.000000,0.000000
618.720000,3.076255,1.308950,1.195629,0.000000,0.000000
618.820000,3.076255,1.308950,1.195629,0.000000,0.000000
618.920000,3.076255,1.308950,1.195629,0.000000,0.000000
619.020000,3.076255,1.308950,1.195629,0.000000,0.000000
619.120000,3.076255,1.308950,1.195629,0.000000,0.000000
619.220000,3.076255,1.308950,1.195629,0.000000,0.000000
619.320000,3.076255,1.308950,1.290629,0.000000,1.000000
619.420000,3.076255,1.308950,1.390629,0.000000,1.000000
619.520000,3.076255,1.308950,1.490629,0.000000,1.000000
619.620000,3.076255,1.308950,1.590629,0.000000,1.000000
619.720000,3.076255,1.308950,1.690629,0.000000,1.000000
619.820000,3.076255,1.308950,1.790629,0.000000,1.000000
619.920000,3.076255,1.308950,1.890629,0.000000,1.000000
620.020000,3.076255,1.308950,1.990629,0.000000,1.000000
620.120000,3.076255,1.308950,2.090629,0.000000,1.000000
620.220000,3.076255,1.308950,2.190629,0.000000,1.000000
620.320000,3.076255,1.308950,2.290629,0.000000,1.000000
620.420000,3.076255,1.308950,2.390629,0.000000,1.000000
620.520000,3.076255,1.308950,2.490629,0.000000,1.000000
620.620000,3.076255,1.308950,2.590629,0.000000,1.000000
620.720000,3.076255,1.308950,2.618629,0.000000,-1.000000
620.820000,3.076255,1.308950,2.518629,-0.000000,-1.000000
620.920000,3.076255,1.308950,2.418629,0.000000,-1.000000
621.020000,3.076255,1.308950,2.318629,0.000000,-1.000000
621.120000,3.076255,1.308950,2.218629,0.000000,-1.000000
621.220000,3.076255,1.308950,2.118629,0.000000,-1.000000
621.320000,3.076255,1.308950,2.018629,0.000000,-1.000000
621.420000,3.076255,1.308950,1.918629,0.000000,-1.000000
621.520000,3.076255,1.308950,1.818629,0.000000,-1.000000
621.620000,3.076255,1.308950,1.718629,0.000000,-1.000000
621.720000,3.076255,1.308950,1.618629,0.000000,-1.000000
621.820000,3.076255,1.308950,1.518629,0.000000,-1.000000
621.920000,3.078721,1.327284,1.418629,0.500000,-1.000000
622.020000,3.088756,1.376246,1.318629,0.500000,-1.000000
622.120000,3.103629,1.423960,1.218629,0.500000,-1.000000
622.220000,3.123192,1.469952,1.118629,0.500000,-1.000000
622.320000,3.147248,1.513761,1.018629,0.500000,-1.000000
622.420000,3.175558,1.554949,0.918629,0.500000,-1.000000
622.520000,3.207838,1.593105,0.818629,0.500000,-1.000000
622.620000,3.243669,1.627956,0.752629,0.500000,1.000000
622.720000,3.278396,1.663900,0.852629,0.500000,1.000000
622.820000,3.309360,1.703131,0.952629,0.500000,1.000000
622.920000,3.336253,1.745258,1.052629,0.500000,1.000000
623.020000,3.358807,1.789860,1.152629,0.500000,1.000000
623.120000,3.376794,1.836490,1.252629,0.500000,1.000000
623.220000,3.390037,1.884682,1.352629,0.500000,1.000000
623.320000,3.398402,1.933957,1.452629,0.500000,1.000000
623.420000,3.401807,1.983820,1.552629,0.500000,1.000000
623.520000,3.400216,2.033773,1.652629,0.500000,1.000000
623.620000,3.401547,2.026879,1.695629,-0.500000,0.000000
623.720000,3.407772,1.977268,1.695629,-0.500000,0.000000
623.820000,3.413998,1.927657,1.695629,-0.500000,0.000000
623.920000,3.420223,1.878046,1.695629,-0.500000,0.000000
624.020000,3.426449,1.828435,1.695629,-0.500000,0.000000
624.120000,3.432674,1.778824,1.695629,-0.500000,0.000000
624.220000,3.438900,1.729213,1.695629,-0.500000,0.000000
624.320000,3.445125,1.679602,1.695629,-0.500000,0.000000
624.420000,3.451350,1.629992,1.695629,-0.500000,0.000000
624.520000,3.457576,1.580381,1.695629,-0.500000,0.000000
624.620000,3.463801,1.530770,1.695629,-0.500000,0.000000
624.720000,3.470027,1.481159,1.695629,-0.500000,0.000000
624.820000,3.476252,1.431548,1.695629,-0.500000,0.000000
624.920000,3.482478,1.381937,1.695629,-0.500000,-0.000000
625.020000,3.488703,1.332326,1.695629,-0.500000,0.000000
625.120000,3.494929,1.282715,1.695629,-0.500000,0.000000
625.220000,3.501154,1.233104,1.695629,-0.500000,0.000000
625.320000,3.507380,1.183493,1.695629,-0.500000,0.000000
625.420000,3.513605,1.133882,1.695629,-0.500000,-0.000000
625.520000,3.519830,1.084271,1.695629,-0.500000,-0.000000
625.620000,3.526056,1.034660,1.695629,-0.500000,0.000000
625.720000,3.532281,0.985050,1.695629,-0.500000,0.000000
625.820000,3.538507,0.935439,1.695629,-0.500000,0.000000
625.920000,3.544732,0.885828,1.695629,-0.500000,0.000000
626.020000,3.550958,0.836217,1.695629,-0.500000,0.000000
626.120000,3.557183,0.786606,1.695629,-0.500000,0.000000
626.220000,3.563409,0.736995,1.695629,-0.500000,0.000000
626.320000,3.569634,0.687384,1.695629,-0.500000,0.000000
626.420000,3.575860,0.637773,1.695629,-0.500000,0.000000
626.520000,3.582085,0.588162,1.695629,-0.500000,0.000000
626.620000,3.588310,0.538551,1.695629,-0.500000,0.000000
626.720000,3.594536,0.488940,1.695629,-0.500000,0.000000
626.820000,3.600761,0.439329,1.695629,-0.500000,0.000000
626.920000,3.606844,0.389702,1.671629,-0.500000,-1.000000
627.020000,3.609383,0.339787,1.571629,-0.500000,-1.000000
627.120000,3.606927,0.289868,1.471629,-0.500000,-1.000000
627.220000,3.599499,0.240444,1.371629,-0.500000,-1.000000
627.320000,3.587175,0.192008,1.271629,-0.500000,-1.000000
627.420000,3.570076,0.145045,1.171629,-0.500000,-1.000000
627.520000,3.548374,0.100023,1.071629,-0.500000,-1.000000
627.620000,3.522286,0.057393,0.971629,-0.500000,-1.000000
627.720000,3.492073,0.017580,0.871629,-0.500000,-1.000000
627.820000,3.458036,-0.019017,0.771629,-0.500000,-1.000000
627.920000,3.420515,-0.052034,0.671629,-0.500000,-1.000000
628.020000,3.379885,-0.081140,0.571629,-0.500000,-1.000000
628.120000,3.336553,-0.106044,0.471629,-0.500000,-1.000000
628.220000,3.290951,-0.126498,0.371629,-0.500000,-1.000000
628.320000,3.243534,-0.142297,0.271629,-0.500000,-1.000000
628.420000,3.194778,-0.153283,0.171629,-0.500000,-1.000000
628.520000,3.145168,-0.159347,0.071629,-0.500000,-1.000000
628.620000,3.095200,-0.160428,-0.028371,-0.500000,-1.000000
628.720000,3.045374,-0.156515,-0.128371,-0.500000,-1.000000
628.820000,2.996188,-0.147648,-0.228371,-0.500000,-1.000000
628.920000,2.948133,-0.133914,-0.328371,-0.500000,-1.000000
629.020000,2.901689,-0.115451,-0.428371,-0.500000,-1.000000
629.120000,2.857320,-0.092444,-0.528371,-0.500000,-1.000000
629.220000,2.815470,-0.065123,-0.628371,-0.500000,-1.000000
629.320000,2.776556,-0.033759,-0.728371,-0.500000,-1.000000
629.420000,2.740968,0.001332,-0.828371,-0.500000,-1.000000
629.520000,2.709061,0.039801,-0.928371,-0.500000,-1.000000
629.620000,2.681154,0.081263,-1.028371,-0.500000,-1.000000
629.720000,2.657526,0.125304,-1.128371,-0.500000,-1.000000
629.820000,2.638412,0.171484,-1.228371,-0.500000,-1.000000
629.920000,2.624004,0.219341,-1.328371,-0.500000,-1.000000
630.020000,2.614446,0.268398,-1.428371,-0.500000,-1.000000
630.120000,2.609833,0.318164,-1.528371,-0.500000,-1.000000
630.220000,2.610212,0.368142,-1.628371,-0.500000,-1.000000
630.320000,2.615578,0.417832,-1.728371,-0.500000,-1.000000
630.420000,2.625878,0.466738,-1.828371,-0.500000,-1.000000
630.520000,2.641009,0.514372,-1.928371,-0.500000,-1.000000
630.620000,2.660820,0.560257,-2.028371,-0.500000,-1.000000
630.720000,2.685113,0.603935,-2.128371,-0.500000,-1.000000
630.820000,2.713645,0.644970,-2.228371,-0.500000,-1.000000
630.920000,2.746131,0.682951,-2.328371,-0.500000,-1.000000
631.020000,2.782247,0.717499,-2.428371,-0.500000,-1.000000
631.120000,2.821631,0.748270,-2.528371,-0.500000,-1.000000
631.220000,2.863890,0.774954,-2.628371,-0.500000,-1.000000
631.320000,2.884626,0.786007,-2.675371,-0.000000,-0.000000
631.420000,2.884626,0.786007,-2.675371,0.000000,0.000000
631.520000,2.884626,0.786007,-2.675371,0.000000,0.000000
631.620000,2.884626,0.786007,-2.675371,0.000000,0.000000
631.720000,2.884626,0.786007,-2.675371,0.000000,0.000000
631.820000,2.884626,0.786007,-2.675371,0.000000,0.000000
631.920000,2.884626,0.786007,-2.675371,0.000000,0.000000
632.020000,2.884626,0.786007,-2.675371,0.000000,0.000000
632.120000,2.884626,0.786007,-2.675371,0.000000,0.000000
632.220000,2.884626,0.786007,-2.675371,0.000000,0.000000
632.320000,2.884626,0.786007,-2.675371,0.000000,0.000000
632.420000,2.884626,0.786007,-2.675371,0.000000,0.000000
632.520000,2.884626,0.786007,-2.675371,0.000000,0.000000
632.620000,2.884626,0.786007,-2.675371,0.000000,0.000000
632.720000,2.884626,0.786007,-2.675371,0.000000,0.000000
632.820000,2.884626,0.786007,-2.675371,0.000000,0.000000
632.920000,2.884626,0.786007,-2.675371,0.000000,0.000000
633.020000,2.884626,0.786007,-2.675371,0.000000,0.000000
633.120000,2.884626,0.786007,-2.675371,0.000000,0.000000
633.220000,2.884626,0.786007,-2.675371,0.000000,0.000000
633.320000,2.884626,0.786007,-2.675371,0.000000,0.000000
633.420000,2.884626,0.786007,-2.675371,0.000000,0.000000
633.520000,2.884626,0.786007,-2.675371,0.000000,0.000000
633.620000,2.884626,0.786007,-2.675371,0.000000,0.000000
633.720000,2.884626,0.786007,-2.675371,0.000000,0.000000
633.820000,2.884626,0.786007,-2.675371,0.000000,0.000000
633.920000,2.884626,0.786007,-2.675371,0.000000,0.000000
634.020000,2.884626,0.786007,-2.675371,0.000000,0.000000
634.120000,2.884626,0.786007,-2.675371,0.000000,0.000000
634.220000,2.884626,0.786007,-2.675371,0.000000,0.000000
634.320000,2.884626,0.786007,-2.675371,0.000000,0.000000
634.420000,2.884626,0.786007,-2.675371,0.000000,0.000000
634.520000,2.884626,0.786007,-2.675371,0.000000,0.000000
634.620000,2.884626,0.786007,-2.675371,0.000000,0.000000
634.720000,2.884626,0.786007,-2.675371,0.000000,0.000000
634.820000,2.884626,0.786007,-2.675371,0.000000,0.000000
634.920000,2.884626,0.786007,-2.675371,0.000000,0.000000
635.020000,2.884626,0.786007,-2.675371,0.000000,0.000000
635.120000,2.884626,0.786007,-2.675371,0.000000,0.000000
635.220000,2.884626,0.786007,-2.675371,0.000000,0.000000
635.320000,2.884626,0.786007,-2.675371,0.000000,0.000000
635.420000,2.884626,0.786007,-2.675371,0.000000,0.000000
635.520000,2.884626,0.786007,-2.675371,0.000000,0.000000
635.620000,2.884626,0.786007,-2.675371,0.000000,0.000000
635.720000,2.884626,0.786007,-2.675371,0.000000,0.000000
635.820000,2.884626,0.786007,-2.675371,0.000000,0.000000
635.920000,2.884626,0.786007,-2.675371,0.000000,0.000000
636.020000,2.884626,0.786007,-2.675371,0.000000,0.000000
636.120000,2.884626,0.786007,-2.675371,0.000000,0.000000
636.220000,2.884626,0.786007,-2.675371,0.000000,0.000000
636.320000,2.884626,0.786007,-2.675371,0.000000,0.000000
636.420000,2.884626,0.786007,-2.675371,0.000000,0.000000
636.520000,2.884626,0.786007,-2.675371,0.000000,0.000000
636.620000,2.884626,0.786007,-2.675371,0.000000,0.000000
636.720000,2.884626,0.786007,-2.675371,0.000000,0.000000
636.820000,2.884626,0.786007,-2.675371,0.000000,0.000000
636.920000,2.884626,0.786007,-2.675371,0.000000,0.000000
637.020000,2.884626,0.786007,-2.675371,0.000000,0.000000
637.120000,2.884626,0.786007,-2.675371,0.000000,0.000000
637.220000,2.884626,0.786007,-2.675371,0.000000,0.000000
637.320000,2.884626,0.786007,-2.675371,0.000000,0.000000
637.420000,2.884626,0.786007,-2.675371,0.000000,0.000000
637.520000,2.884626,0.786007,-2.675371,0.000000,0.000000
637.620000,2.884626,0.786007,-2.675371,0.000000,0.000000
637.720000,2.884626,0.786007,-2.675371,0.000000,0.000000
637.820000,2.884626,0.786007,-2.675371,0.000000,0.000000
637.920000,2.884626,0.786007,-2.675371,0.000000,0.000000
638.020000,2.884626,0.786007,-2.675371,0.000000,0.000000
638.120000,2.884626,0.786007,-2.675371,0.000000,0.000000
638.220000,2.884626,0.786007,-2.675371,0.000000,0.000000
638.320000,2.884626,0.786007,-2.675371,0.000000,0.000000
638.420000,2.884626,0.786007,-2.675371,0.000000,0.000000
638.520000,2.884626,0.786007,-2.675371,0.000000,0.000000
638.620000,2.884626,0.786007,-2.675371,0.000000,0.000000
638.720000,2.884626,0.786007,-2.675371,0.000000,0.000000
638.820000,2.884626,0.786007,-2.675371,0.000000,0.000000
638.920000,2.884626,0.786007,-2.675371,0.000000,0.000000
639.020000,2.884626,0.786007,-2.675371,0.000000,0.000000
639.120000,2.884626,0.786007,-2.675371,0.000000,0.000000
639.220000,2.884626,0.786007,-2.675371,0.000000,0.000000
639.320000,2.884626,0.786007,-2.675371,0.000000,0.000000
639.420000,2.884626,0.786007,-2.675371,0.000000,0.000000
639.520000,2.884626,0.786007,-2.675371,0.000000,0.000000
639.620000,2.884626,0.786007,-2.675371,0.000000,0.000000
639.720000,2.884626,0.786007,-2.675371,0.000000,0.000000
639.820000,2.884626,0.786007,-2.675371,0.000000,0.000000
639.920000,2.884626,0.786007,-2.675371,0.000000,0.000000
640.020000,2.884626,0.786007,-2.675371,0.000000,0.000000
640.120000,2.884626,0.786007,-2.675371,0.000000,0.000000
640.220000,2.884626,0.786007,-2.675371,0.000000,0.000000
640.320000,2.884626,0.786007,-2.675371,0.000000,0.000000
640.420000,2.884626,0.786007,-2.675371,0.000000,0.000000
640.520000,2.884626,0.786007,-2.675371,0.000000,0.000000
640.620000,2.884626,0.786007,-2.675371,0.000000,0.000000
640.720000,2.884626,0.786007,-2.675371,0.000000,0.000000
640.820000,2.884626,0.786007,-2.675371,0.000000,0.000000
640.920000,2.884626,0.786007,-2.675371,0.000000,0.000000
641.020000,2.884626,0.786007,-2.675371,0.000000,0.000000
641.120000,2.884626,0.786007,-2.675371,0.000000,0.000000
641.220000,2.884626,0.786007,-2.675371,0.000000,0.000000
641.320000,2.884626,0.786007,-2.675371,0.000000,0.000000
641.420000,2.884626,0.786007,-2.675371,0.000000,0.000000
641.520000,2.884626,0.786007,-2.675371,0.000000,0.000000
641.620000,2.884626,0.786007,-2.675371,0.000000,0.000000
641.720000,2.884626,0.786007,-2.675371,0.000000,0.000000
641.820000,2.884626,0.786007,-2.675371,0.000000,0.000000
641.920000,2.884626,0.786007,-2.675371,0.000000,0.000000
642.020000,2.884626,0.786007,-2.675371,0.000000,0.000000
642.120000,2.884626,0.786007,-2.675371,0.000000,0.000000
642.220000,2.884626,0.786007,-2.675371,0.000000,0.000000
642.320000,2.884626,0.786007,-2.675371,0.000000,0.000000
642.420000,2.884626,0.786007,-2.675371,0.000000,0.000000
642.520000,2.884626,0.786007,-2.675371,0.000000,0.000000
642.620000,2.884626,0.786007,-2.675371,0.000000,0.000000
642.720000,2.884626,0.786007,-2.675371,0.000000,0.000000
642.820000,2.884626,0.786007,-2.675371,0.000000,0.000000
642.920000,2.884626,0.786007,-2.675371,0.000000,0.000000
643.020000,2.884626,0.786007,-2.675371,0.000000,0.000000
643.120000,2.884626,0.786007,-2.675371,0.000000,0.000000
643.220000,2.884626,0.786007,-2.675371,0.000000,0.000000
643.320000,2.884626,0.786007,-2.675371,0.000000,0.000000
643.420000,2.884626,0.786007,-2.675371,0.000000,0.000000
643.520000,2.884626,0.786007,-2.675371,0.000000,0.000000
643.620000,2.884626,0.786007,-2.675371,0.000000,0.000000
643.720000,2.884626,0.786007,-2.675371,0.000000,0.000000
643.820000,2.884626,0.786007,-2.675371,0.000000,0.000000
643.920000,2.884626,0.786007,-2.675371,0.000000,0.000000
644.020000,2.884626,0.786007,-2.675371,0.000000,0.000000
644.120000,2.884626,0.786007,-2.675371,0.000000,0.000000
644.220000,2.884626,0.786007,-2.675371,0.000000,0.000000
644.320000,2.884626,0.786007,-2.675371,0.000000,0.000000
644.420000,2.884626,0.786007,-2.675371,0.000000,0.000000
644.520000,2.884626,0.786007,-2.675371,0.000000,0.000000
644.620000,2.884626,0.786007,-2.675371,0.000000,0.000000
644.720000,2.884626,0.786007,-2.675371,0.000000,0.000000
644.820000,2.884626,0.786007,-2.675371,0.000000,0.000000
644.920000,2.884626,0.786007,-2.675371,0.000000,0.000000
645.020000,2.884626,0.786007,-2.675371,0.000000,0.000000
645.120000,2.884626,0.786007,-2.675371,0.000000,0.000000
645.220000,2.884626,0.786007,-2.675371,0.000000,0.000000
645.320000,2.884626,0.786007,-2.675371,0.000000,0.000000
645.420000,2.884626,0.786007,-2.675371,0.000000,0.000000
645.520000,2.884626,0.786007,-2.675371,0.000000,0.000000
645.620000,2.884626,0.786007,-2.675371,0.000000,0.000000
645.720000,2.884626,0.786007,-2.675371,0.000000,0.000000
645.820000,2.884626,0.786007,-2.675371,0.000000,0.000000
645.920000,2.884626,0.786007,-2.675371,0.000000,0.000000
646.020000,2.884626,0.786007,-2.675371,0.000000,0.000000
646.120000,2.884626,0.786007,-2.675371,0.000000,0.000000
646.220000,2.884626,0.786007,-2.675371,0.000000,0.000000
646.320000,2.884626,0.786007,-2.675371,0.000000,0.000000
646.420000,2.884626,0.786007,-2.675371,0.000000,0.000000
646.520000,2.884626,0.786007,-2.675371,0.000000,0.000000
646.620000,2.884626,0.786007,-2.675371,0.000000,0.000000
646.720000,2.884626,0.786007,-2.675371,0.000000,0.000000
646.820000,2.884626,0.786007,-2.675371,0.000000,0.000000
646.920000,2.884626,0.786007,-2.675371,0.000000,0.000000
647.020000,2.884626,0.786007,-2.675371,0.000000,0.000000
647.120000,2.884626,0.786007,-2.675371,0.000000,0.000000
647.220000,2.884626,0.786007,-2.675371,0.000000,0.000000
647.320000,2.884626,0.786007,-2.675371,0.000000,0.000000
647.420000,2.884626,0.786007,-2.675371,0.000000,0.000000
647.520000,2.884626,0.786007,-2.675371,0.000000,0.000000
647.620000,2.884626,0.786007,-2.675371,0.000000,0.000000
647.720000,2.884626,0.786007,-2.675371,0.000000,0.000000
647.820000,2.884626,0.786007,-2.675371,0.000000,0.000000
647.920000,2.884626,0.786007,-2.675371,0.000000,0.000000
648.020000,2.884626,0.786007,-2.675371,0.000000,0.000000
648.120000,2.884626,0.786007,-2.675371,0.000000,0.000000
648.220000,2.884626,0.786007,-2.675371,0.000000,0.000000
648.320000,2.884626,0.786007,-2.675371,0.000000,0.000000
648.420000,2.884626,0.786007,-2.675371,0.000000,0.000000
648.520000,2.884626,0.786007,-2.675371,0.000000,0.000000
648.620000,2.884626,0.786007,-2.675371,0.000000,0.000000
648.720000,2.884626,0.786007,-2.675371,0.000000,0.000000
648.820000,2.884626,0.786007,-2.675371,0.000000,0.000000
648.920000,2.884626,0.786007,-2.675371,0.000000,0.000000
649.020000,2.884626,0.786007,-2.675371,0.000000,0.000000
649.120000,2.884626,0.786007,-2.675371,0.000000,0.000000
649.220000,2.884626,0.786007,-2.675371,0.000000,0.000000
649.320000,2.884626,0.786007,-2.675371,0.000000,0.000000
649.420000,2.884626,0.786007,-2.675371,0.000000,0.000000
649.520000,2.884626,0.786007,-2.675371,0.000000,0.000000
649.620000,2.884626,0.786007,-2.675371,0.000000,0.000000
649.720000,2.884626,0.786007,-2.675371,0.000000,0.000000
649.820000,2.884626,0.786007,-2.675371,0.000000,0.000000
649.920000,2.884626,0.786007,-2.675371,0.000000,0.000000
650.020000,2.884626,0.786007,-2.675371,0.000000,0.000000
650.120000,2.884626,0.786007,-2.675371,0.000000,0.000000
650.220000,2.884626,0.786007,-2.675371,0.000000,0.000000
650.320000,2.884626,0.786007,-2.675371,0.000000,0.000000
650.420000,2.884626,0.786007,-2.675371,0.000000,0.000000
650.520000,2.884626,0.786007,-2.675371,0.000000,0.000000
650.620000,2.884626,0.786007,-2.675371,0.000000,0.000000
650.720000,2.884626,0.786007,-2.675371,0.000000,0.000000
650.820000,2.884626,0.786007,-2.675371,0.000000,0.000000
650.920000,2.884626,0.786007,-2.675371,0.000000,0.000000
651.020000,2.884626,0.786007,-2.675371,0.000000,0.000000
651.120000,2.884626,0.786007,-2.675371,0.000000,0.000000
651.220000,2.884626,0.786007,-2.675371,0.000000,0.000000
651.320000,2.884626,0.786007,-2.675371,0.000000,0.000000
651.420000,2.884626,0.786007,-2.675371,0.000000,0.000000
651.520000,2.884626,0.786007,-2.675371,0.000000,0.000000
651.620000,2.884626,0.786007,-2.675371,0.000000,0.000000
651.720000,2.884626,0.786007,-2.675371,0.000000,0.000000
651.820000,2.884626,0.786007,-2.675371,0.000000,0.000000
651.920000,2.884626,0.786007,-2.675371,0.000000,0.000000
652.020000,2.884626,0.786007,-2.675371,0.000000,0.000000
652.120000,2.884626,0.786007,-2.675371,0.000000,0.000000
652.220000,2.884626,0.786007,-2.675371,0.000000,0.000000
652.320000,2.884626,0.786007,-2.675371,0.000000,0.000000
652.420000,2.884626,0.786007,-2.675371,0.000000,0.000000
652.520000,2.884626,0.786007,-2.675371,0.000000,0.000000
652.620000,2.884626,0.786007,-2.675371,0.000000,0.000000
652.720000,2.884626,0.786007,-2.675371,0.000000,0.000000
652.820000,2.884626,0.786007,-2.675371,0.000000,0.000000
652.920000,2.884626,0.786007,-2.675371,0.000000,0.000000
653.020000,2.884626,0.786007,-2.675371,0.000000,0.000000
653.120000,2.884626,0.786007,-2.675371,0.000000,0.000000
653.220000,2.884626,0.786007,-2.675371,0.000000,0.000000
653.320000,2.884626,0.786007,-2.675371,0.000000,0.000000
653.420000,2.884626,0.786007,-2.675371,0.000000,0.000000
653.520000,2.884626,0.786007,-2.675371,0.000000,0.000000
653.620000,2.884626,0.786007,-2.675371,0.000000,0.000000
653.720000,2.884626,0.786007,-2.675371,0.000000,0.000000
653.820000,2.884626,0.786007,-2.675371,0.000000,0.000000
653.920000,2.884626,0.786007,-2.675371,0.000000,0.000000
654.020000,2.884626,0.786007,-2.675371,0.000000,0.000000
654.120000,2.884626,0.786007,-2.675371,0.000000,0.000000
654.220000,2.884626,0.786007,-2.675371,0.000000,0.000000
654.320000,2.884626,0.786007,-2.675371,0.000000,0.000000
654.420000,2.884626,0.786007,-2.675371,0.000000,0.000000
654.520000,2.884626,0.786007,-2.675371,0.000000,0.000000
654.620000,2.884626,0.786007,-2.675371,0.000000,0.000000
654.720000,2.884626,0.786007,-2.675371,0.000000,0.000000
654.820000,2.884626,0.786007,-2.675371,0.000000,0.000000
654.920000,2.884626,0.786007,-2.675371,0.000000,0.000000
655.020000,2.884626,0.786007,-2.675371,0.000000,0.000000
655.120000,2.884626,0.786007,-2.675371,0.000000,0.000000
655.220000,2.884626,0.786007,-2.675371,0.000000,0.000000
655.320000,2.884626,0.786007,-2.675371,0.000000,0.000000
655.420000,2.884626,0.786007,-2.675371,0.000000,0.000000
655.520000,2.884626,0.786007,-2.675371,0.000000,0.000000
655.620000,2.884626,0.786007,-2.675371,0.000000,0.000000
655.720000,2.884626,0.786007,-2.675371,0.000000,0.000000
655.820000,2.884626,0.786007,-2.675371,0.000000,0.000000
655.920000,2.884626,0.786007,-2.675371,0.000000,0.000000
656.020000,2.884626,0.786007,-2.675371,0.000000,0.000000
656.120000,2.884626,0.786007,-2.675371,0.000000,0.000000
656.220000,2.884626,0.786007,-2.675371,0.000000,0.000000
656.320000,2.884626,0.786007,-2.675371,0.000000,0.000000
656.420000,2.884626,0.786007,-2.675371,0.000000,0.000000
656.520000,2.884626,0.786007,-2.675371,0.000000,0.000000
656.620000,2.884626,0.786007,-2.675371,0.000000,0.000000
656.720000,2.884626,0.786007,-2.675371,0.000000,0.000000
656.820000,2.884626,0.786007,-2.675371,0.000000,0.000000
656.920000,2.884626,0.786007,-2.675371,0.000000,0.000000
657.020000,2.884626,0.786007,-2.675371,0.000000,0.000000
657.120000,2.884626,0.786007,-2.675371,0.000000,0.000000
657.220000,2.884626,0.786007,-2.675371,0.000000,0.000000
657.320000,2.884626,0.786007,-2.675371,0.000000,0.000000
657.420000,2.884626,0.786007,-2.675371,0.000000,0.000000
657.520000,2.884626,0.786007,-2.675371,0.000000,0.000000
657.620000,2.884626,0.786007,-2.675371,0.000000,0.000000
657.720000,2.884626,0.786007,-2.675371,0.000000,0.000000
657.820000,2.884626,0.786007,-2.675371,0.000000,0.000000
657.920000,2.884626,0.786007,-2.675371,0.000000,0.000000
658.020000,2.884626,0.786007,-2.675371,0.000000,0.000000
658.120000,2.884626,0.786007,-2.675371,0.000000,0.000000
658.220000,2.884626,0.786007,-2.675371,0.000000,0.000000
658.320000,2.884626,0.786007,-2.675371,0.000000,0.000000
658.420000,2.884626,0.786007,-2.675371,0.000000,0.000000
658.520000,2.884626,0.786007,-2.675371,0.000000,0.000000
658.620000,2.884626,0.786007,-2.675371,0.000000,0.000000
658.720000,2.884626,0.786007,-2.675371,0.000000,0.000000
658.820000,2.884626,0.786007,-2.675371,0.000000,0.000000
658.920000,2.884626,0.786007,-2.675371,0.000000,0.000000
659.020000,2.884626,0.786007,-2.675371,0.000000,0.000000
659.120000,2.884626,0.786007,-2.675371,0.000000,0.000000
659.220000,2.884626,0.786007,-2.675371,0.000000,0.000000
659.320000,2.884626,0.786007,-2.675371,0.000000,0.000000
659.420000,2.884626,0.786007,-2.675371,0.000000,0.000000
659.520000,2.884626,0.786007,-2.675371,0.000000,0.000000
659.620000,2.884626,0.786007,-2.675371,0.000000,0.000000
659.720000,2.884626,0.786007,-2.675371,0.000000,0.000000
659.820000,2.884626,0.786007,-2.675371,0.000000,0.000000
659.920000,2.884626,0.786007,-2.675371,0.000000,0.000000
660.020000,2.884626,0.786007,-2.675371,0.000000,0.000000
660.120000,2.884626,0.786007,-2.675371,0.000000,0.000000
660.220000,2.884626,0.786007,-2.675371,0.000000,0.000000
660.320000,2.884626,0.786007,-2.675371,0.000000,0.000000
660.420000,2.884626,0.786007,-2.675371,0.000000,0.000000
660.520000,2.884626,0.786007,-2.675371,0.000000,0.000000
660.620000,2.884626,0.786007,-2.675371,0.000000,0.000000
660.720000,2.884626,0.786007,-2.675371,0.000000,0.000000
660.820000,2.884626,0.786007,-2.675371,0.000000,0.000000
660.920000,2.884626,0.786007,-2.675371,0.000000,0.000000
661.020000,2.884626,0.786007,-2.675371,0.000000,0.000000
661.120000,2.884626,0.786007,-2.675371,0.000000,0.000000
661.220000,2.884626,0.786007,-2.675371,0.000000,0.000000
661.320000,2.884626,0.786007,-2.675371,0.000000,0.000000
661.420000,2.884626,0.786007,-2.675371,0.000000,0.000000
661.520000,2.884626,0.786007,-2.675371,0.000000,0.000000
661.620000,2.884626,0.786007,-2.675371,0.000000,0.000000
661.720000,2.884626,0.786007,-2.675371,0.000000,0.000000
661.820000,2.884626,0.786007,-2.675371,0.000000,0.000000
661.920000,2.884626,0.786007,-2.675371,0.000000,0.000000
662.020000,2.884626,0.786007,-2.675371,0.000000,0.000000
662.120000,2.884626,0.786007,-2.675371,0.000000,0.000000
662.220000,2.884626,0.786007,-2.675371,0.000000,0.000000
662.320000,2.884626,0.786007,-2.675371,0.000000,0.000000
662.420000,2.884626,0.786007,-2.675371,0.000000,0.000000
662.520000,2.884626,0.786007,-2.675371,0.000000,0.000000
662.620000,2.884626,0.786007,-2.675371,0.000000,0.000000
662.720000,2.884626,0.786007,-2.675371,0.000000,0.000000
662.820000,2.884626,0.786007,-2.675371,0.000000,0.000000
662.920000,2.884626,0.786007,-2.675371,0.000000,0.000000
663.020000,2.884626,0.786007,-2.675371,0.000000,0.000000
663.120000,2.884626,0.786007,-2.675371,0.000000,0.000000
663.220000,2.884626,0.786007,-2.675371,0.000000,0.000000
663.320000,2.884626,0.786007,-2.675371,0.000000,0.000000
663.420000,2.884626,0.786007,-2.675371,0.000000,0.000000
663.520000,2.884626,0.786007,-2.675371,0.000000,0.000000
663.620000,2.884626,0.786007,-2.675371,0.000000,0.000000
663.720000,2.884626,0.786007,-2.675371,0.000000,0.000000
663.820000,2.884626,0.786007,-2.675371,0.000000,0.000000
663.920000,2.884626,0.786007,-2.675371,0.000000,0.000000
664.020000,2.884626,0.786007,-2.675371,0.000000,0.000000
664.120000,2.884626,0.786007,-2.675371,0.000000,0.000000
664.220000,2.884626,0.786007,-2.675371,0.000000,0.000000
664.320000,2.884626,0.786007,-2.675371,0.000000,0.000000
664.420000,2.884626,0.786007,-2.675371,0.000000,0.000000
664.520000,2.884626,0.786007,-2.675371,0.000000,0.000000
664.620000,2.884626,0.786007,-2.675371,0.000000,0.000000
664.720000,2.884626,0.786007,-2.675371,0.000000,0.000000
664.820000,2.884626,0.786007,-2.675371,0.000000,0.000000
664.920000,2.884626,0.786007,-2.675371,0.000000,0.000000
665.020000,2.884626,0.786007,-2.675371,0.000000,0.000000
665.120000,2.884626,0.786007,-2.675371,0.000000,0.000000
665.220000,2.884626,0.786007,-2.675371,0.000000,0.000000
665.320000,2.884626,0.786007,-2.675371,0.000000,0.000000
665.420000,2.884626,0.786007,-2.675371,0.000000,0.000000
665.520000,2.884626,0.786007,-2.675371,0.000000,0.000000
665.620000,2.884626,0.786007,-2.675371,0.000000,0.000000
665.720000,2.884626,0.786007,-2.675371,0.000000,0.000000
665.820000,2.884626,0.786007,-2.675371,0.000000,0.000000
665.920000,2.884626,0.786007,-2.675371,0.000000,0.000000
666.020000,2.884626,0.786007,-2.675371,0.000000,0.000000
666.120000,2.884626,0.786007,-2.675371,0.000000,0.000000
666.220000,2.884626,0.786007,-2.675371,0.000000,0.000000
666.320000,2.884626,0.786007,-2.675371,0.000000,0.000000
666.420000,2.884626,0.786007,-2.675371,0.000000,0.000000
666.520000,2.884626,0.786007,-2.675371,0.000000,0.000000
666.620000,2.884626,0.786007,-2.675371,0.000000,0.000000
666.720000,2.884626,0.786007,-2.675371,0.000000,0.000000
666.820000,2.884626,0.786007,-2.675371,0.000000,0.000000
666.920000,2.884626,0.786007,-2.675371,0.000000,0.000000
667.020000,2.884626,0.786007,-2.675371,0.000000,0.000000
667.120000,2.884626,0.786007,-2.675371,0.000000,0.000000
667.220000,2.884626,0.786007,-2.675371,0.000000,0.000000
667.320000,2.884626,0.786007,-2.675371,0.000000,0.000000
667.420000,2.884626,0.786007,-2.675371,0.000000,0.000000
667.520000,2.884626,0.786007,-2.675371,0.000000,0.000000
667.620000,2.884626,0.786007,-2.675371,0.000000,0.000000
667.720000,2.884626,0.786007,-2.675371,0.000000,0.000000
667.820000,2.884626,0.786007,-2.675371,0.000000,0.000000
667.920000,2.884626,0.786007,-2.675371,0.000000,0.000000
668.020000,2.884626,0.786007,-2.675371,0.000000,0.000000
668.120000,2.884626,0.786007,-2.675371,0.000000,0.000000
668.220000,2.884626,0.786007,-2.675371,0.000000,0.000000
668.320000,2.884626,0.786007,-2.675371,0.000000,0.000000
668.420000,2.884626,0.786007,-2.675371,0.000000,0.000000
668.520000,2.884626,0.786007,-2.675371,0.000000,0.000000
668.620000,2.884626,0.786007,-2.675371,0.000000,0.000000
668.720000,2.884626,0.786007,-2.675371,0.000000,0.000000
668.820000,2.884626,0.786007,-2.675371,0.000000,0.000000
668.920000,2.884626,0.786007,-2.675371,0.000000,0.000000
669.020000,2.884626,0.786007,-2.675371,0.000000,0.000000
669.120000,2.884626,0.786007,-2.675371,0.000000,0.000000
669.220000,2.884626,0.786007,-2.675371,0.000000,0.000000
669.320000,2.884626,0.786007,-2.675371,0.000000,0.000000
669.420000,2.884626,0.786007,-2.675371,0.000000,0.000000
669.520000,2.884626,0.786007,-2.675371,0.000000,0.000000
669.620000,2.884626,0.786007,-2.675371,0.000000,0.000000
669.720000,2.884626,0.786007,-2.675371,0.000000,0.000000
669.820000,2.884626,0.786007,-2.675371,0.000000,0.000000
669.920000,2.884626,0.786007,-2.675371,0.000000,0.000000
670.020000,2.884626,0.786007,-2.675371,0.000000,0.000000
670.120000,2.884626,0.786007,-2.675371,0.000000,0.000000
670.220000,2.884626,0.786007,-2.675371,0.000000,0.000000
670.320000,2.884626,0.786007,-2.675371,0.000000,0.000000
670.420000,2.884626,0.786007,-2.675371,0.000000,0.000000
670.520000,2.884626,0.786007,-2.675371,0.000000,0.000000
670.620000,2.884626,0.786007,-2.675371,0.000000,0.000000
670.720000,2.884626,0.786007,-2.675371,0.000000,0.000000
670.820000,2.884626,0.786007,-2.675371,0.000000,0.000000
670.920000,2.884626,0.786007,-2.675371,0.000000,0.000000
671.020000,2.884626,0.786007,-2.675371,0.000000,0.000000
671.120000,2.884626,0.786007,-2.675371,0.000000,0.000000
671.220000,2.884626,0.786007,-2.675371,0.000000,0.000000
671.320000,2.884626,0.786007,-2.675371,0.000000,0.000000
671.420000,2.884626,0.786007,-2.675371,0.000000,0.000000
671.520000,2.884626,0.786007,-2.675371,0.000000,0.000000
671.620000,2.884626,0.786007,-2.675371,0.000000,0.000000
671.720000,2.884626,0.786007,-2.675371,0.000000,0.000000
671.820000,2.884626,0.786007,-2.675371,0.000000,0.000000
671.920000,2.884626,0.786007,-2.675371,0.000000,0.000000
672.020000,2.884626,0.786007,-2.675371,0.000000,0.000000
672.120000,2.884626,0.786007,-2.675371,0.000000,0.000000
672.220000,2.884626,0.786007,-2.675371,0.000000,0.000000
672.320000,2.884626,0.786007,-2.675371,0.000000,0.000000
672.420000,2.884626,0.786007,-2.675371,0.000000,0.000000
672.520000,2.884626,0.786007,-2.675371,0.000000,0.000000
672.620000,2.884626,0.786007,-2.675371,0.000000,0.000000
672.720000,2.884626,0.786007,-2.675371,0.000000,0.000000
672.820000,2.884626,0.786007,-2.675371,0.000000,0.000000
672.920000,2.884626,0.786007,-2.675371,0.000000,0.000000
673.020000,2.884626,0.786007,-2.675371,0.000000,0.000000
673.120000,2.884626,0.786007,-2.675371,0.000000,0.000000
673.220000,2.884626,0.786007,-2.675371,0.000000,0.000000
673.320000,2.884626,0.786007,-2.675371,0.000000,0.000000
673.420000,2.884626,0.786007,-2.675371,0.000000,0.000000
673.520000,2.884626,0.786007,-2.675371,0.000000,0.000000
673.620000,2.884626,0.786007,-2.675371,0.000000,0.000000
673.720000,2.884626,0.786007,-2.675371,0.000000,0.000000
673.820000,2.884626,0.786007,-2.675371,0.000000,0.000000
673.920000,2.884626,0.786007,-2.675371,0.000000,0.000000
674.020000,2.884626,0.786007,-2.675371,0.000000,0.000000
674.120000,2.884626,0.786007,-2.675371,0.000000,0.000000
674.220000,2.884626,0.786007,-2.675371,0.000000,0.000000
674.320000,2.884626,0.786007,-2.675371,0.000000,0.000000
674.420000,2.884626,0.786007,-2.675371,0.000000,0.000000
674.520000,2.884626,0.786007,-2.675371,0.000000,0.000000
674.620000,2.884626,0.786007,-2.675371,0.000000,0.000000
674.720000,2.884626,0.786007,-2.675371,0.000000,0.000000
674.820000,2.884626,0.786007,-2.675371,0.000000,0.000000
674.920000,2.884626,0.786007,-2.675371,0.000000,0.000000
675.020000,2.884626,0.786007,-2.675371,0.000000,0.000000
675.120000,2.884626,0.786007,-2.675371,0.000000,0.000000
675.220000,2.884626,0.786007,-2.675371,0.000000,0.000000
675.320000,2.884626,0.786007,-2.675371,0.000000,0.000000
675.420000,2.884626,0.786007,-2.675371,0.000000,0.000000
675.520000,2.884626,0.786007,-2.675371,0.000000,0.000000
675.620000,2.884626,0.786007,-2.675371,0.000000,0.000000
675.720000,2.884626,0.786007,-2.675371,0.000000,0.000000
675.820000,2.884626,0.786007,-2.675371,0.000000,0.000000
675.920000,2.884626,0.786007,-2.675371,0.000000,0.000000
676.020000,2.884626,0.786007,-2.675371,0.000000,0.000000
676.120000,2.884626,0.786007,-2.675371,0.000000,0.000000
676.220000,2.884626,0.786007,-2.675371,0.000000,0.000000
676.320000,2.884626,0.786007,-2.675371,0.000000,0.000000
676.420000,2.884626,0.786007,-2.675371,0.000000,0.000000
676.520000,2.884626,0.786007,-2.675371,0.000000,0.000000
676.620000,2.884626,0.786007,-2.675371,0.000000,0.000000
676.720000,2.884626,0.786007,-2.675371,0.000000,0.000000
676.820000,2.884626,0.786007,-2.675371,0.000000,0.000000
676.920000,2.884626,0.786007,-2.675371,0.000000,0.000000
677.020000,2.884626,0.786007,-2.675371,0.000000,0.000000
677.120000,2.884626,0.786007,-2.675371,0.000000,0.000000
677.220000,2.884626,0.786007,-2.675371,0.000000,0.000000
677.320000,2.884626,0.786007,-2.675371,0.000000,0.000000
677.420000,2.884626,0.786007,-2.675371,0.000000,0.000000
677.520000,2.884626,0.786007,-2.675371,0.000000,0.000000
677.620000,2.884626,0.786007,-2.675371,0.000000,0.000000
677.720000,2.884626,0.786007,-2.675371,0.000000,0.000000
677.820000,2.884626,0.786007,-2.675371,0.000000,0.000000
677.920000,2.884626,0.786007,-2.675371,0.000000,0.000000
678.020000,2.884626,0.786007,-2.675371,0.000000,0.000000
678.120000,2.884626,0.786007,-2.675371,0.000000,0.000000
678.220000,2.884626,0.786007,-2.675371,0.000000,0.000000
678.320000,2.884626,0.786007,-2.675371,0.000000,0.000000
678.420000,2.884626,0.786007,-2.675371,0.000000,0.000000
678.520000,2.884626,0.786007,-2.675371,0.000000,0.000000
678.620000,2.884626,0.786007,-2.675371,0.000000,0.000000
678.720000,2.884626,0.786007,-2.675371,0.000000,0.000000
678.820000,2.884626,0.786007,-2.675371,0.000000,0.000000
678.920000,2.884626,0.786007,-2.675371,0.000000,0.000000
679.020000,2.884626,0.786007,-2.675371,0.000000,0.000000
679.120000,2.884626,0.786007,-2.675371,0.000000,0.000000
679.220000,2.884626,0.786007,-2.675371,0.000000,0.000000
679.320000,2.884626,0.786007,-2.675371,0.000000,0.000000
679.420000,2.884626,0.786007,-2.675371,0.000000,0.000000
679.520000,2.884626,0.786007,-2.675371,0.000000,0.000000
679.620000,2.884626,0.786007,-2.675371,0.000000,0.000000
679.720000,2.884626,0.786007,-2.675371,0.000000,0.000000
679.820000,2.884626,0.786007,-2.675371,0.000000,0.000000
679.920000,2.884626,0.786007,-2.675371,0.000000,0.000000
680.020000,2.884626,0.786007,-2.675371,0.000000,0.000000
680.120000,2.884626,0.786007,-2.675371,0.000000,0.000000
680.220000,2.884626,0.786007,-2.675371,0.000000,0.000000
680.320000,2.884626,0.786007,-2.675371,0.000000,0.000000
680.420000,2.884626,0.786007,-2.675371,0.000000,0.000000
680.520000,2.884626,0.786007,-2.675371,0.000000,0.000000
680.620000,2.884626,0.786007,-2.675371,0.000000,0.000000
680.720000,2.884626,0.786007,-2.675371,0.000000,0.000000
680.820000,2.884626,0.786007,-2.675371,0.000000,0.000000
680.920000,2.884626,0.786007,-2.675371,0.000000,0.000000
681.020000,2.884626,0.786007,-2.675371,0.000000,0.000000
681.120000,2.884626,0.786007,-2.675371,0.000000,0.000000
681.220000,2.884626,0.786007,-2.675371,0.000000,0.000000
681.320000,2.884626,0.786007,-2.675371,0.000000,0.000000
681.420000,2.884626,0.786007,-2.675371,0.000000,0.000000
681.520000,2.884626,0.786007,-2.675371,0.000000,0.000000
681.620000,2.884626,0.786007,-2.675371,0.000000,0.000000
681.720000,2.884626,0.786007,-2.675371,0.000000,0.000000
681.820000,2.884626,0.786007,-2.675371,0.000000,0.000000
681.920000,2.884626,0.786007,-2.675371,0.000000,0.000000
682.020000,2.884626,0.786007,-2.675371,0.000000,0.000000
682.120000,2.884626,0.786007,-2.675371,0.000000,0.000000
682.220000,2.884626,0.786007,-2.675371,0.000000,0.000000
682.320000,2.884626,0.786007,-2.675371,0.000000,0.000000
682.420000,2.884626,0.786007,-2.675371,0.000000,0.000000
682.520000,2.884626,0.786007,-2.675371,0.000000,0.000000
682.620000,2.884626,0.786007,-2.675371,0.000000,0.000000
682.720000,2.884626,0.786007,-2.675371,0.000000,0.000000
682.820000,2.884626,0.786007,-2.675371,0.000000,0.000000
682.920000,2.884626,0.786007,-2.675371,0.000000,0.000000
683.020000,2.884626,0.786007,-2.675371,0.000000,0.000000
683.120000,2.884626,0.786007,-2.675371,0.000000,0.000000
683.220000,2.884626,0.786007,-2.675371,0.000000,0.000000
683.320000,2.884626,0.786007,-2.675371,0.000000,0.000000
683.420000,2.884626,0.786007,-2.675371,0.000000,0.000000
683.520000,2.884626,0.786007,-2.675371,0.000000,0.000000
683.620000,2.884626,0.786007,-2.675371,0.000000,0.000000
683.720000,2.884626,0.786007,-2.675371,0.000000,0.000000
683.820000,2.884626,0.786007,-2.675371,0.000000,0.000000
683.920000,2.884626,0.786007,-2.675371,0.000000,0.000000
684.020000,2.884626,0.786007,-2.675371,0.000000,0.000000
684.120000,2.884626,0.786007,-2.675371,0.000000,0.000000
684.220000,2.884626,0.786007,-2.675371,0.000000,0.000000
684.320000,2.884626,0.786007,-2.675371,0.000000,0.000000
684.420000,2.884626,0.786007,-2.675371,0.000000,0.000000
684.520000,2.884626,0.786007,-2.675371,0.000000,0.000000
684.620000,2.884626,0.786007,-2.675371,0.000000,0.000000
684.720000,2.884626,0.786007,-2.675371,0.000000,0.000000
684.820000,2.884626,0.786007,-2.675371,0.000000,0.000000
684.920000,2.884626,0.786007,-2.675371,0.000000,0.000000
685.020000,2.884626,0.786007,-2.675371,0.000000,0.000000
685.120000,2.884626,0.786007,-2.675371,0.000000,0.000000
685.220000,2.884626,0.786007,-2.675371,0.000000,0.000000
685.320000,2.884626,0.786007,-2.675371,0.000000,0.000000
685.420000,2.884626,0.786007,-2.675371,0.000000,0.000000
685.520000,2.884626,0.786007,-2.675371,0.000000,0.000000
685.620000,2.884626,0.786007,-2.675371,0.000000,0.000000
685.720000,2.884626,0.786007,-2.675371,0.000000,0.000000
685.820000,2.884626,0.786007,-2.675371,0.000000,0.000000
685.920000,2.884626,0.786007,-2.675371,0.000000,0.000000
686.020000,2.884626,0.786007,-2.675371,0.000000,0.000000
686.120000,2.884626,0.786007,-2.675371,0.000000,0.000000
686.220000,2.884626,0.786007,-2.675371,0.000000,0.000000
686.320000,2.884626,0.786007,-2.675371,0.000000,0.000000
686.420000,2.884626,0.786007,-2.675371,0.000000,0.000000
686.520000,2.884626,0.786007,-2.675371,0.000000,0.000000
686.620000,2.884626,0.786007,-2.675371,0.000000,0.000000
686.720000,2.884626,0.786007,-2.675371,0.000000,0.000000
686.820000,2.884626,0.786007,-2.675371,0.000000,0.000000
686.920000,2.884626,0.786007,-2.675371,0.000000,0.000000
687.020000,2.884626,0.786007,-2.675371,0.000000,0.000000
687.120000,2.884626,0.786007,-2.675371,0.000000,0.000000
687.220000,2.884626,0.786007,-2.675371,0.000000,0.000000
687.320000,2.884626,0.786007,-2.675371,0.000000,0.000000
687.420000,2.884626,0.786007,-2.675371,0.000000,0.000000
687.520000,2.884626,0.786007,-2.675371,0.000000,0.000000
687.620000,2.884626,0.786007,-2.675371,0.000000,0.000000
687.720000,2.884626,0.786007,-2.675371,0.000000,0.000000
687.820000,2.884626,0.786007,-2.675371,0.000000,0.000000
687.920000,2.884626,0.786007,-2.675371,0.000000,0.000000
688.020000,2.884626,0.786007,-2.675371,0.000000,0.000000
688.120000,2.884626,0.786007,-2.675371,0.000000,0.000000
688.220000,2.884626,0.786007,-2.675371,0.000000,0.000000
688.320000,2.884626,0.786007,-2.675371,0.000000,0.000000
688.420000,2.884626,0.786007,-2.675371,0.000000,0.000000
688.520000,2.884626,0.786007,-2.675371,0.000000,0.000000
688.620000,2.884626,0.786007,-2.675371,0.000000,0.000000
688.720000,2.884626,0.786007,-2.675371,0.000000,0.000000
688.820000,2.884626,0.786007,-2.675371,0.000000,0.000000
688.920000,2.884626,0.786007,-2.675371,0.000000,0.000000
689.020000,2.884626,0.786007,-2.675371,0.000000,0.000000
689.120000,2.884626,0.786007,-2.675371,0.000000,0.000000
689.220000,2.884626,0.786007,-2.675371,0.000000,0.000000
689.320000,2.884626,0.786007,-2.675371,0.000000,0.000000
689.420000,2.884626,0.786007,-2.675371,0.000000,0.000000
689.520000,2.884626,0.786007,-2.675371,0.000000,0.000000
689.620000,2.884626,0.786007,-2.675371,0.000000,0.000000
689.720000,2.884626,0.786007,-2.675371,0.000000,0.000000
689.820000,2.884626,0.786007,-2.675371,0.000000,0.000000
689.920000,2.884626,0.786007,-2.675371,0.000000,0.000000
690.020000,2.884626,0.786007,-2.675371,0.000000,0.000000
690.120000,2.884626,0.786007,-2.675371,0.000000,0.000000
690.220000,2.884626,0.786007,-2.675371,0.000000,0.000000
690.320000,2.884626,0.786007,-2.675371,0.000000,0.000000
690.420000,2.884626,0.786007,-2.675371,0.000000,0.000000
690.520000,2.884626,0.786007,-2.675371,0.000000,0.000000
690.620000,2.884626,0.786007,-2.675371,0.000000,0.000000
690.720000,2.884626,0.786007,-2.675371,0.000000,0.000000
690.820000,2.884626,0.786007,-2.675371,0.000000,0.000000
690.920000,2.884626,0.786007,-2.675371,0.000000,0.000000
691.020000,2.884626,0.786007,-2.675371,0.000000,0.000000
691.120000,2.884626,0.786007,-2.675371,0.000000,0.000000
691.220000,2.884626,0.786007,-2.675371,0.000000,0.000000
691.320000,2.884626,0.786007,-2.675371,0.000000,0.000000
691.420000,2.884626,0.786007,-2.675371,0.000000,0.000000
691.520000,2.884626,0.786007,-2.675371,0.000000,0.000000
691.620000,2.884626,0.786007,-2.675371,0.000000,0.000000
691.720000,2.884626,0.786007,-2.675371,0.000000,0.000000
691.820000,2.884626,0.786007,-2.675371,0.000000,0.000000
691.920000,2.884626,0.786007,-2.675371,0.000000,0.000000
692.020000,2.884626,0.786007,-2.675371,0.000000,0.000000
692.120000,2.884626,0.786007,-2.675371,0.000000,0.000000
692.220000,2.884626,0.786007,-2.675371,0.000000,0.000000
692.320000,2.884626,0.786007,-2.675371,0.000000,0.000000
692.420000,2.884626,0.786007,-2.675371,0.000000,0.000000
692.520000,2.884626,0.786007,-2.675371,0.000000,0.000000
692.620000,2.884626,0.786007,-2.675371,0.000000,0.000000
692.720000,2.884626,0.786007,-2.675371,0.000000,0.000000
692.820000,2.884626,0.786007,-2.675371,0.000000,0.000000
692.920000,2.884626,0.786007,-2.675371,0.000000,0.000000
693.020000,2.884626,0.786007,-2.675371,0.000000,0.000000
693.120000,2.884626,0.786007,-2.675371,0.000000,0.000000
693.220000,2.884626,0.786007,-2.675371,0.000000,0.000000
693.320000,2.884626,0.786007,-2.675371,0.000000,0.000000
693.420000,2.884626,0.786007,-2.675371,0.000000,0.000000
693.520000,2.884626,0.786007,-2.675371,0.000000,0.000000
693.620000,2.884626,0.786007,-2.675371,0.000000,0.000000
693.720000,2.884626,0.786007,-2.675371,0.000000,0.000000
693.820000,2.884626,0.786007,-2.675371,0.000000,0.000000
693.920000,2.884626,0.786007,-2.675371,0.000000,0.000000
694.020000,2.884626,0.786007,-2.675371,0.000000,0.000000
694.120000,2.884626,0.786007,-2.675371,0.000000,0.000000
694.220000,2.884626,0.786007,-2.675371,0.000000,0.000000
694.320000,2.884626,0.786007,-2.675371,0.000000,0.000000
694.420000,2.884626,0.786007,-2.675371,0.000000,0.000000
694.520000,2.884626,0.786007,-2.675371,0.000000,0.000000
694.620000,2.884626,0.786007,-2.675371,0.000000,0.000000
694.720000,2.884626,0.786007,-2.675371,0.000000,0.000000
694.820000,2.884626,0.786007,-2.675371,0.000000,0.000000
694.920000,2.884626,0.786007,-2.675371,0.000000,0.000000
695.020000,2.884626,0.786007,-2.675371,0.000000,0.000000
695.120000,2.884626,0.786007,-2.675371,0.000000,0.000000
695.220000,2.884626,0.786007,-2.675371,0.000000,0.000000
695.320000,2.884626,0.786007,-2.675371,0.000000,0.000000
695.420000,2.884626,0.786007,-2.675371,0.000000,0.000000
695.520000,2.884626,0.786007,-2.675371,0.000000,0.000000
695.620000,2.884626,0.786007,-2.675371,0.000000,0.000000
695.720000,2.884626,0.786007,-2.675371,0.000000,0.000000
695.820000,2.884626,0.786007,-2.675371,0.000000,0.000000
695.920000,2.884626,0.786007,-2.675371,0.000000,0.000000
696.020000,2.884626,0.786007,-2.675371,0.000000,0.000000
696.120000,2.884626,0.786007,-2.675371,0.000000,0.000000
696.220000,2.884626,0.786007,-2.675371,0.000000,0.000000
696.320000,2.884626,0.786007,-2.675371,0.000000,0.000000
696.420000,2.884626,0.786007,-2.675371,0.000000,0.000000
696.520000,2.884626,0.786007,-2.675371,0.000000,0.000000
696.620000,2.884626,0.786007,-2.675371,0.000000,0.000000
696.720000,2.884626,0.786007,-2.675371,0.000000,0.000000
696.820000,2.884626,0.786007,-2.675371,0.000000,0.000000
696.920000,2.884626,0.786007,-2.675371,0.000000,0.000000
697.020000,2.884626,0.786007,-2.675371,0.000000,0.000000
697.120000,2.884626,0.786007,-2.675371,0.000000,0.000000
697.220000,2.884626,0.786007,-2.675371,0.000000,0.000000
697.320000,2.884626,0.786007,-2.675371,0.000000,0.000000
697.420000,2.884626,0.786007,-2.675371,0.000000,0.000000
697.520000,2.884626,0.786007,-2.675371,0.000000,0.000000
697.620000,2.884626,0.786007,-2.675371,0.000000,0.000000
697.720000,2.884626,0.786007,-2.675371,0.000000,0.000000
697.820000,2.884626,0.786007,-2.675371,0.000000,0.000000
697.920000,2.884626,0.786007,-2.675371,0.000000,0.000000
698.020000,2.884626,0.786007,-2.675371,0.000000,0.000000
698.120000,2.884626,0.786007,-2.675371,0.000000,0.000000
698.220000,2.884626,0.786007,-2.675371,0.000000,0.000000
698.320000,2.884626,0.786007,-2.675371,0.000000,0.000000
698.420000,2.884626,0.786007,-2.675371,0.000000,0.000000
698.520000,2.884626,0.786007,-2.675371,0.000000,0.000000
698.620000,2.884626,0.786007,-2.675371,0.000000,0.000000
698.720000,2.884626,0.786007,-2.675371,0.000000,0.000000
698.820000,2.884626,0.786007,-2.675371,0.000000,0.000000
698.920000,2.884626,0.786007,-2.675371,0.000000,0.000000
699.020000,2.884626,0.786007,-2.675371,0.000000,0.000000
699.120000,2.884626,0.786007,-2.675371,0.000000,0.000000
699.220000,2.884626,0.786007,-2.675371,0.000000,0.000000
699.320000,2.884626,0.786007,-2.675371,0.000000,0.000000
699.420000,2.884626,0.786007,-2.675371,0.000000,0.000000
699.520000,2.884626,0.786007,-2.675371,0.000000,0.000000
699.620000,2.884626,0.786007,-2.675371,0.000000,0.000000
699.720000,2.884626,0.786007,-2.675371,0.000000,0.000000
699.820000,2.884626,0.786007,-2.675371,0.000000,0.000000
699.920000,2.884626,0.786007,-2.675371,0.000000,0.000000
700.020000,2.884626,0.786007,-2.675371,0.000000,0.000000
700.120000,2.884626,0.786007,-2.675371,0.000000,0.000000
700.220000,2.884626,0.786007,-2.675371,0.000000,0.000000
700.320000,2.884626,0.786007,-2.675371,0.000000,0.000000
700.420000,2.884626,0.786007,-2.675371,0.000000,0.000000
700.520000,2.884626,0.786007,-2.675371,0.000000,0.000000
700.620000,2.884626,0.786007,-2.675371,0.000000,0.000000
700.720000,2.884626,0.786007,-2.675371,0.000000,0.000000
700.820000,2.884626,0.786007,-2.675371,0.000000,0.000000
700.920000,2.884626,0.786007,-2.675371,0.000000,0.000000
701.020000,2.884626,0.786007,-2.675371,0.000000,0.000000
701.120000,2.884626,0.786007,-2.675371,0.000000,0.000000
701.220000,2.884626,0.786007,-2.675371,0.000000,0.000000
701.320000,2.884626,0.786007,-2.675371,0.000000,0.000000
701.420000,2.884626,0.786007,-2.675371,0.000000,0.000000
701.520000,2.884626,0.786007,-2.675371,0.000000,0.000000
701.620000,2.884626,0.786007,-2.675371,0.000000,0.000000
701.720000,2.884626,0.786007,-2.675371,0.000000,0.000000
701.820000,2.884626,0.786007,-2.675371,0.000000,0.000000
701.920000,2.884626,0.786007,-2.675371,0.000000,0.000000
702.020000,2.884626,0.786007,-2.675371,0.000000,0.000000
702.120000,2.884626,0.786007,-2.675371,0.000000,0.000000
702.220000,2.884626,0.786007,-2.675371,0.000000,0.000000
702.320000,2.884626,0.786007,-2.675371,0.000000,0.000000
702.420000,2.884626,0.786007,-2.675371,0.000000,0.000000
702.520000,2.884626,0.786007,-2.675371,0.000000,0.000000
702.620000,2.884626,0.786007,-2.675371,0.000000,0.000000
702.720000,2.884626,0.786007,-2.675371,0.000000,0.000000
702.820000,2.884626,0.786007,-2.675371,0.000000,0.000000
702.920000,2.884626,0.786007,-2.675371,0.000000,0.000000
703.020000,2.884626,0.786007,-2.675371,0.000000,0.000000
703.120000,2.884626,0.786007,-2.675371,0.000000,0.000000
703.220000,2.884626,0.786007,-2.675371,0.000000,0.000000
703.320000,2.884626,0.786007,-2.675371,0.000000,0.000000
703.420000,2.884626,0.786007,-2.675371,0.000000,0.000000
703.520000,2.884626,0.786007,-2.675371,0.000000,0.000000
703.620000,2.884626,0.786007,-2.675371,0.000000,0.000000
703.720000,2.884626,0.786007,-2.675371,0.000000,0.000000
703.820000,2.884626,0.786007,-2.675371,0.000000,0.000000
703.920000,2.884626,0.786007,-2.675371,0.000000,0.000000
704.020000,2.884626,0.786007,-2.675371,0.000000,0.000000
704.120000,2.884626,0.786007,-2.675371,0.000000,0.000000
704.220000,2.884626,0.786007,-2.675371,0.000000,0.000000
704.320000,2.884626,0.786007,-2.675371,0.000000,0.000000
704.420000,2.884626,0.786007,-2.675371,0.000000,0.000000
704.520000,2.884626,0.786007,-2.675371,0.000000,0.000000
704.620000,2.884626,0.786007,-2.675371,0.000000,0.000000
704.720000,2.884626,0.786007,-2.675371,0.000000,0.000000
704.820000,2.884626,0.786007,-2.675371,0.000000,0.000000
704.920000,2.884626,0.786007,-2.675371,0.000000,0.000000
705.020000,2.884626,0.786007,-2.675371,0.000000,0.000000
705.120000,2.884626,0.786007,-2.675371,0.000000,0.000000
705.220000,2.884626,0.786007,-2.675371,0.000000,0.000000
705.320000,2.884626,0.786007,-2.675371,0.000000,0.000000
705.420000,2.884626,0.786007,-2.675371,0.000000,0.000000
705.520000,2.884626,0.786007,-2.675371,0.000000,0.000000
705.620000,2.884626,0.786007,-2.675371,0.000000,0.000000
705.720000,2.884626,0.786007,-2.675371,0.000000,0.000000
705.820000,2.884626,0.786007,-2.675371,0.000000,0.000000
705.920000,2.884626,0.786007,-2.675371,0.000000,0.000000
706.020000,2.884626,0.786007,-2.675371,0.000000,0.000000
706.120000,2.884626,0.786007,-2.675371,0.000000,0.000000
706.220000,2.884626,0.786007,-2.675371,0.000000,0.000000
706.320000,2.884626,0.786007,-2.675371,0.000000,0.000000
706.420000,2.884626,0.786007,-2.675371,0.000000,0.000000
706.520000,2.884626,0.786007,-2.675371,0.000000,0.000000
706.620000,2.884626,0.786007,-2.675371,0.000000,0.000000
706.720000,2.884626,0.786007,-2.675371,0.000000,0.000000
706.820000,2.884626,0.786007,-2.675371,0.000000,0.000000
706.920000,2.884626,0.786007,-2.675371,0.000000,0.000000
707.020000,2.884626,0.786007,-2.675371,0.000000,0.000000
707.120000,2.884626,0.786007,-2.675371,0.000000,0.000000
707.220000,2.884626,0.786007,-2.675371,0.000000,0.000000
707.320000,2.884626,0.786007,-2.675371,0.000000,0.000000
707.420000,2.884626,0.786007,-2.675371,0.000000,0.000000
707.520000,2.884626,0.786007,-2.675371,0.000000,0.000000
707.620000,2.884626,0.786007,-2.675371,0.000000,0.000000
707.720000,2.884626,0.786007,-2.675371,0.000000,0.000000
707.820000,2.884626,0.786007,-2.675371,0.000000,0.000000
707.920000,2.884626,0.786007,-2.675371,0.000000,0.000000
708.020000,2.884626,0.786007,-2.675371,0.000000,0.000000
708.120000,2.884626,0.786007,-2.675371,0.000000,0.000000
708.220000,2.884626,0.786007,-2.675371,0.000000,0.000000
708.320000,2.884626,0.786007,-2.675371,0.000000,0.000000
708.420000,2.884626,0.786007,-2.675371,0.000000,0.000000
708.520000,2.884626,0.786007,-2.675371,0.000000,0.000000
708.620000,2.884626,0.786007,-2.675371,0.000000,0.000000
708.720000,2.884626,0.786007,-2.675371,0.000000,0.000000
708.820000,2.884626,0.786007,-2.675371,0.000000,0.000000
708.920000,2.884626,0.786007,-2.675371,0.000000,0.000000
709.020000,2.884626,0.786007,-2.675371,0.000000,0.000000
709.120000,2.884626,0.786007,-2.675371,0.000000,0.000000
709.220000,2.884626,0.786007,-2.675371,0.000000,0.000000
709.320000,2.884626,0.786007,-2.675371,0.000000,0.000000
709.420000,2.884626,0.786007,-2.675371,0.000000,0.000000
709.520000,2.884626,0.786007,-2.675371,0.000000,0.000000
709.620000,2.884626,0.786007,-2.675371,0.000000,0.000000
709.720000,2.884626,0.786007,-2.675371,0.000000,0.000000
709.820000,2.884626,0.786007,-2.675371,0.000000,0.000000
709.920000,2.884626,0.786007,-2.675371,0.000000,0.000000
710.020000,2.884626,0.786007,-2.675371,0.000000,0.000000
710.120000,2.884626,0.786007,-2.675371,0.000000,0.000000
710.220000,2.884626,0.786007,-2.675371,0.000000,0.000000
710.320000,2.884626,0.786007,-2.675371,0.000000,0.000000
710.420000,2.884626,0.786007,-2.675371,0.000000,0.000000
710.520000,2.884626,0.786007,-2.675371,0.000000,0.000000
710.620000,2.884626,0.786007,-2.675371,0.000000,0.000000
710.720000,2.884626,0.786007,-2.675371,0.000000,0.000000
710.820000,2.884626,0.786007,-2.675371,0.000000,0.000000
710.920000,2.884626,0.786007,-2.675371,0.000000,0.000000
711.020000,2.884626,0.786007,-2.675371,0.000000,0.000000
711.120000,2.884626,0.786007,-2.675371,0.000000,0.000000
711.220000,2.884626,0.786007,-2.675371,0.000000,0.000000
711.320000,2.884626,0.786007,-2.675371,0.000000,0.000000
711.420000,2.884626,0.786007,-2.675371,0.000000,0.000000
711.520000,2.884626,0.786007,-2.675371,0.000000,0.000000
711.620000,2.884626,0.786007,-2.675371,0.000000,0.000000
711.720000,2.884626,0.786007,-2.675371,0.000000,0.000000
711.820000,2.884626,0.786007,-2.675371,0.000000,0.000000
711.920000,2.884626,0.786007,-2.675371,0.000000,0.000000
712.020000,2.884626,0.786007,-2.675371,0.000000,0.000000
712.120000,2.884626,0.786007,-2.675371,0.000000,0.000000
712.220000,2.884626,0.786007,-2.675371,0.000000,0.000000
712.320000,2.884626,0.786007,-2.675371,0.000000,0.000000
712.420000,2.884626,0.786007,-2.675371,0.000000,0.000000
712.520000,2.884626,0.786007,-2.675371,0.000000,0.000000
712.620000,2.884626,0.786007,-2.675371,0.000000,0.000000
712.720000,2.884626,0.786007,-2.675371,0.000000,0.000000
712.820000,2.884626,0.786007,-2.675371,0.000000,0.000000
712.920000,2.884626,0.786007,-2.675371,0.000000,0.000000
713.020000,2.884626,0.786007,-2.675371,0.000000,0.000000
713.120000,2.884626,0.786007,-2.675371,0.000000,0.000000
713.220000,2.884626,0.786007,-2.675371,0.000000,0.000000
713.320000,2.884626,0.786007,-2.675371,0.000000,0.000000
713.420000,2.884626,0.786007,-2.675371,0.000000,0.000000
713.520000,2.884626,0.786007,-2.675371,0.000000,0.000000
713.620000,2.884626,0.786007,-2.675371,0.000000,0.000000
713.720000,2.884626,0.786007,-2.675371,0.000000,0.000000
713.820000,2.884626,0.786007,-2.675371,0.000000,0.000000
713.920000,2.884626,0.786007,-2.675371,0.000000,0.000000
714.020000,2.884626,0.786007,-2.675371,0.000000,0.000000
714.120000,2.884626,0.786007,-2.675371,0.000000,0.000000
714.220000,2.884626,0.786007,-2.675371,0.000000,0.000000
714.320000,2.884626,0.786007,-2.675371,0.000000,0.000000
714.420000,2.884626,0.786007,-2.675371,0.000000,0.000000
714.520000,2.884626,0.786007,-2.675371,0.000000,0.000000
714.620000,2.884626,0.786007,-2.675371,0.000000,0.000000
714.720000,2.884626,0.786007,-2.675371,0.000000,0.000000
714.820000,2.884626,0.786007,-2.675371,0.000000,0.000000
714.920000,2.884626,0.786007,-2.675371,0.000000,0.000000
715.020000,2.884626,0.786007,-2.675371,0.000000,0.000000
715.120000,2.884626,0.786007,-2.675371,0.000000,0.000000
715.220000,2.884626,0.786007,-2.675371,0.000000,0.000000
715.320000,2.884626,0.786007,-2.675371,0.000000,0.000000
715.420000,2.884626,0.786007,-2.675371,0.000000,0.000000
715.520000,2.884626,0.786007,-2.675371,0.000000,0.000000
715.620000,2.884626,0.786007,-2.675371,0.000000,0.000000
715.720000,2.884626,0.786007,-2.675371,0.000000,0.000000
715.820000,2.884626,0.786007,-2.675371,0.000000,0.000000
715.920000,2.884626,0.786007,-2.675371,0.000000,0.000000
716.020000,2.884626,0.786007,-2.675371,0.000000,0.000000
716.120000,2.884626,0.786007,-2.675371,0.000000,0.000000
716.220000,2.884626,0.786007,-2.675371,0.000000,0.000000
716.320000,2.884626,0.786007,-2.675371,0.000000,0.000000
716.420000,2.884626,0.786007,-2.675371,0.000000,0.000000
716.520000,2.884626,0.786007,-2.675371,0.000000,0.000000
716.620000,2.884626,0.786007,-2.675371,0.000000,0.000000
716.720000,2.884626,0.786007,-2.675371,0.000000,0.000000
716.820000,2.884626,0.786007,-2.675371,0.000000,0.000000
716.920000,2.884626,0.786007,-2.675371,0.000000,0.000000
717.020000,2.884626,0.786007,-2.675371,0.000000,0.000000
717.120000,2.884626,0.786007,-2.675371,0.000000,0.000000
717.220000,2.884626,0.786007,-2.675371,0.000000,0.000000
717.320000,2.884626,0.786007,-2.675371,0.000000,0.000000
717.420000,2.884626,0.786007,-2.675371,0.000000,0.000000
717.520000,2.884626,0.786007,-2.675371,0.000000,0.000000
717.620000,2.884626,0.786007,-2.675371,0.000000,0.000000
717.720000,2.884626,0.786007,-2.675371,0.000000,0.000000
717.820000,2.884626,0.786007,-2.675371,0.000000,0.000000
717.920000,2.884626,0.786007,-2.675371,0.000000,0.000000
718.020000,2.884626,0.786007,-2.675371,0.000000,0.000000
718.120000,2.884626,0.786007,-2.675371,0.000000,0.000000
718.220000,2.884626,0.786007,-2.675371,0.000000,0.000000
718.320000,2.884626,0.786007,-2.675371,0.000000,0.000000
718.420000,2.884626,0.786007,-2.675371,0.000000,0.000000
718.520000,2.884626,0.786007,-2.675371,0.000000,0.000000
718.620000,2.884626,0.786007,-2.675371,0.000000,0.000000
718.720000,2.884626,0.786007,-2.675371,0.000000,0.000000
718.820000,2.884626,0.786007,-2.675371,0.000000,0.000000
718.920000,2.884626,0.786007,-2.675371,0.000000,0.000000
719.020000,2.884626,0.786007,-2.675371,0.000000,0.000000
719.120000,2.884626,0.786007,-2.675371,0.000000,0.000000
719.220000,2.884626,0.786007,-2.675371,0.000000,0.000000
719.320000,2.884626,0.786007,-2.675371,0.000000,0.000000
719.420000,2.884626,0.786007,-2.675371,0.000000,0.000000
719.520000,2.884626,0.786007,-2.675371,0.000000,0.000000
719.620000,2.884626,0.786007,-2.675371,0.000000,0.000000
719.720000,2.884626,0.786007,-2.675371,0.000000,0.000000
719.820000,2.884626,0.786007,-2.675371,0.000000,0.000000
719.920000,2.884626,0.786007,-2.675371,0.000000,0.000000
720.020000,2.884626,0.786007,-2.675371,0.000000,0.000000
720.120000,2.884626,0.786007,-2.675371,0.000000,0.000000
720.220000,2.884626,0.786007,-2.675371,0.000000,0.000000
720.320000,2.884626,0.786007,-2.675371,0.000000,0.000000
720.420000,2.884626,0.786007,-2.675371,0.000000,0.000000
720.520000,2.884626,0.786007,-2.675371,0.000000,0.000000
720.620000,2.884626,0.786007,-2.675371,0.000000,0.000000
720.720000,2.884626,0.786007,-2.675371,0.000000,0.000000
720.820000,2.884626,0.786007,-2.675371,0.000000,0.000000
720.920000,2.884626,0.786007,-2.675371,0.000000,0.000000
721.020000,2.884626,0.786007,-2.675371,0.000000,0.000000
721.120000,2.884626,0.786007,-2.675371,0.000000,0.000000
721.220000,2.884626,0.786007,-2.675371,0.000000,0.000000
721.320000,2.884626,0.786007,-2.675371,0.000000,0.000000
721.420000,2.884626,0.786007,-2.675371,0.000000,0.000000
721.520000,2.884626,0.786007,-2.675371,0.000000,0.000000
721.620000,2.884626,0.786007,-2.675371,0.000000,0.000000
721.720000,2.884626,0.786007,-2.675371,0.000000,0.000000
721.820000,2.884626,0.786007,-2.675371,0.000000,0.000000
721.920000,2.884626,0.786007,-2.675371,0.000000,0.000000
722.020000,2.884626,0.786007,-2.675371,0.000000,0.000000
722.120000,2.884626,0.786007,-2.675371,0.000000,0.000000
722.220000,2.884626,0.786007,-2.675371,0.000000,0.000000
722.320000,2.884626,0.786007,-2.675371,0.000000,0.000000
722.420000,2.884626,0.786007,-2.675371,0.000000,0.000000
722.520000,2.884626,0.786007,-2.675371,0.000000,0.000000
722.620000,2.884626,0.786007,-2.675371,0.000000,0.000000
722.720000,2.884626,0.786007,-2.675371,0.000000,0.000000
722.820000,2.884626,0.786007,-2.675371,0.000000,0.000000
722.920000,2.884626,0.786007,-2.675371,0.000000,0.000000
723.020000,2.884626,0.786007,-2.675371,0.000000,0.000000
723.120000,2.884626,0.786007,-2.675371,0.000000,0.000000
723.220000,2.884626,0.786007,-2.675371,0.000000,0.000000
723.320000,2.884626,0.786007,-2.675371,0.000000,0.000000
723.420000,2.884626,0.786007,-2.675371,0.000000,0.000000
723.520000,2.884626,0.786007,-2.675371,0.000000,0.000000
723.620000,2.884626,0.786007,-2.675371,0.000000,0.000000
723.720000,2.884626,0.786007,-2.675371,0.000000,0.000000
723.820000,2.884626,0.786007,-2.675371,0.000000,0.000000
723.920000,2.884626,0.786007,-2.675371,0.000000,0.000000
724.020000,2.884626,0.786007,-2.675371,0.000000,0.000000
724.120000,2.884626,0.786007,-2.675371,0.000000,0.000000
724.220000,2.884626,0.786007,-2.675371,0.000000,0.000000
724.320000,2.884626,0.786007,-2.675371,0.000000,0.000000
724.420000,2.884626,0.786007,-2.675371,0.000000,0.000000
724.520000,2.884626,0.786007,-2.675371,0.000000,0.000000
724.620000,2.884626,0.786007,-2.675371,0.000000,0.000000
724.720000,2.884626,0.786007,-2.675371,0.000000,0.000000
724.820000,2.884626,0.786007,-2.675371,0.000000,0.000000
724.920000,2.884626,0.786007,-2.675371,0.000000,0.000000
725.020000,2.884626,0.786007,-2.675371,0.000000,0.000000
725.120000,2.884626,0.786007,-2.675371,0.000000,0.000000
725.220000,2.884626,0.786007,-2.675371,0.000000,0.000000
725.320000,2.884626,0.786007,-2.675371,0.000000,0.000000
725.420000,2.884626,0.786007,-2.675371,0.000000,0.000000
725.520000,2.884626,0.786007,-2.675371,0.000000,0.000000
725.620000,2.884626,0.786007,-2.675371,0.000000,0.000000
725.720000,2.884626,0.786007,-2.675371,0.000000,0.000000
725.820000,2.884626,0.786007,-2.675371,0.000000,0.000000
725.920000,2.884626,0.786007,-2.675371,0.000000,0.000000
726.020000,2.884626,0.786007,-2.675371,0.000000,0.000000
726.120000,2.884626,0.786007,-2.675371,0.000000,0.000000
726.220000,2.884626,0.786007,-2.675371,0.000000,0.000000
726.320000,2.884626,0.786007,-2.675371,0.000000,0.000000
726.420000,2.884626,0.786007,-2.675371,0.000000,0.000000
726.520000,2.884626,0.786007,-2.675371,0.000000,0.000000
726.620000,2.884626,0.786007,-2.675371,0.000000,0.000000
726.720000,2.884626,0.786007,-2.675371,0.000000,0.000000
726.820000,2.884626,0.786007,-2.675371,0.000000,0.000000
726.920000,2.884626,0.786007,-2.675371,0.000000,0.000000
727.020000,2.884626,0.786007,-2.675371,0.000000,0.000000
727.120000,2.884626,0.786007,-2.675371,0.000000,0.000000
727.220000,2.884626,0.786007,-2.675371,0.000000,0.000000
727.320000,2.884626,0.786007,-2.675371,0.000000,0.000000
727.420000,2.884626,0.786007,-2.675371,0.000000,0.000000
727.520000,2.884626,0.786007,-2.675371,0.000000,0.000000
727.620000,2.884626,0.786007,-2.675371,0.000000,0.000000
727.720000,2.884626,0.786007,-2.675371,0.000000,0.000000
727.820000,2.884626,0.786007,-2.675371,0.000000,0.000000
727.920000,2.884626,0.786007,-2.675371,0.000000,0.000000
728.020000,2.884626,0.786007,-2.675371,0.000000,0.000000
728.120000,2.884626,0.786007,-2.675371,0.000000,0.000000
728.220000,2.884626,0.786007,-2.675371,0.000000,0.000000
728.320000,2.884626,0.786007,-2.675371,0.000000,0.000000
728.420000,2.884626,0.786007,-2.675371,0.000000,0.000000
728.520000,2.884626,0.786007,-2.675371,0.000000,0.000000
728.620000,2.884626,0.786007,-2.675371,0.000000,0.000000
728.720000,2.884626,0.786007,-2.675371,0.000000,0.000000
728.820000,2.884626,0.786007,-2.675371,0.000000,0.000000
728.920000,2.884626,0.786007,-2.675371,0.000000,0.000000
729.020000,2.884626,0.786007,-2.675371,0.000000,0.000000
729.120000,2.884626,0.786007,-2.675371,0.000000,0.000000
729.220000,2.884626,0.786007,-2.675371,0.000000,0.000000
729.320000,2.884626,0.786007,-2.675371,0.000000,0.000000
729.420000,2.884626,0.786007,-2.675371,0.000000,0.000000
729.520000,2.884626,0.786007,-2.675371,0.000000,0.000000
729.620000,2.884626,0.786007,-2.675371,0.000000,0.000000
729.720000,2.884626,0.786007,-2.675371,0.000000,0.000000
729.820000,2.884626,0.786007,-2.675371,0.000000,0.000000
729.920000,2.884626,0.786007,-2.675371,0.000000,0.000000
730.020000,2.884626,0.786007,-2.675371,0.000000,0.000000
730.120000,2.884626,0.786007,-2.675371,0.000000,0.000000
730.220000,2.884626,0.786007,-2.675371,0.000000,0.000000
730.320000,2.884626,0.786007,-2.675371,0.000000,0.000000
730.420000,2.884626,0.786007,-2.675371,0.000000,0.000000
730.520000,2.884626,0.786007,-2.675371,0.000000,0.000000
730.620000,2.884626,0.786007,-2.675371,0.000000,0.000000
730.720000,2.884626,0.786007,-2.675371,0.000000,0.000000
730.820000,2.884626,0.786007,-2.675371,0.000000,0.000000
730.920000,2.884626,0.786007,-2.675371,0.000000,0.000000
731.020000,2.884626,0.786007,-2.675371,0.000000,0.000000
731.120000,2.884626,0.786007,-2.675371,0.000000,0.000000
731.220000,2.884626,0.786007,-2.675371,0.000000,0.000000
731.320000,2.884626,0.786007,-2.675371,0.000000,0.000000
731.420000,2.884626,0.786007,-2.675371,0.000000,0.000000
731.520000,2.884626,0.786007,-2.675371,0.000000,0.000000
731.620000,2.884626,0.786007,-2.675371,0.000000,0.000000
731.720000,2.884626,0.786007,-2.675371,0.000000,0.000000
731.820000,2.884626,0.786007,-2.675371,0.000000,0.000000
731.920000,2.884626,0.786007,-2.675371,0.000000,0.000000
732.020000,2.884626,0.786007,-2.675371,0.000000,0.000000
732.120000,2.884626,0.786007,-2.675371,0.000000,0.000000
732.220000,2.884626,0.786007,-2.675371,0.000000,0.000000
732.320000,2.884626,0.786007,-2.675371,0.000000,0.000000
732.420000,2.884626,0.786007,-2.675371,0.000000,0.000000
732.520000,2.884626,0.786007,-2.675371,0.000000,0.000000
732.620000,2.884626,0.786007,-2.675371,0.000000,0.000000
732.720000,2.884626,0.786007,-2.675371,0.000000,0.000000
732.820000,2.884626,0.786007,-2.675371,0.000000,0.000000
732.920000,2.884626,0.786007,-2.675371,0.000000,0.000000
733.020000,2.884626,0.786007,-2.675371,0.000000,0.000000
733.120000,2.884626,0.786007,-2.675371,0.000000,0.000000
733.220000,2.884626,0.786007,-2.675371,0.000000,0.000000
733.320000,2.884626,0.786007,-2.675371,0.000000,0.000000
733.420000,2.884626,0.786007,-2.675371,0.000000,0.000000
733.520000,2.884626,0.786007,-2.675371,0.000000,0.000000
733.620000,2.884626,0.786007,-2.675371,0.000000,0.000000
733.720000,2.884626,0.786007,-2.675371,0.000000,0.000000
733.820000,2.884626,0.786007,-2.675371,0.000000,0.000000
733.920000,2.884626,0.786007,-2.675371,0.000000,0.000000
734.020000,2.884626,0.786007,-2.675371,0.000000,0.000000
734.120000,2.884626,0.786007,-2.675371,0.000000,0.000000
734.220000,2.884626,0.786007,-2.675371,0.000000,0.000000
734.320000,2.884626,0.786007,-2.675371,0.000000,0.000000
734.420000,2.884626,0.786007,-2.675371,0.000000,0.000000
734.520000,2.884626,0.786007,-2.675371,0.000000,0.000000
734.620000,2.884626,0.786007,-2.675371,0.000000,0.000000
734.720000,2.884626,0.786007,-2.675371,0.000000,0.000000
734.820000,2.884626,0.786007,-2.675371,0.000000,0.000000
734.920000,2.884626,0.786007,-2.675371,0.000000,0.000000
735.020000,2.884626,0.786007,-2.675371,0.000000,0.000000
735.120000,2.884626,0.786007,-2.675371,0.000000,0.000000
735.220000,2.884626,0.786007,-2.675371,0.000000,0.000000
735.320000,2.884626,0.786007,-2.675371,0.000000,0.000000
735.420000,2.884626,0.786007,-2.675371,0.000000,0.000000
735.520000,2.884626,0.786007,-2.675371,0.000000,0.000000
735.620000,2.884626,0.786007,-2.675371,0.000000,0.000000
735.720000,2.884626,0.786007,-2.675371,0.000000,0.000000
735.820000,2.884626,0.786007,-2.675371,0.000000,0.000000
735.920000,2.884626,0.786007,-2.675371,0.000000,0.000000
736.020000,2.884626,0.786007,-2.675371,0.000000,0.000000
736.120000,2.884626,0.786007,-2.675371,0.000000,0.000000
736.220000,2.884626,0.786007,-2.675371,0.000000,0.000000
736.320000,2.884626,0.786007,-2.675371,0.000000,0.000000
736.420000,2.884626,0.786007,-2.675371,0.000000,0.000000
736.520000,2.884626,0.786007,-2.675371,0.000000,0.000000
736.620000,2.884626,0.786007,-2.675371,0.000000,0.000000
736.720000,2.884626,0.786007,-2.675371,0.000000,0.000000
736.820000,2.884626,0.786007,-2.675371,0.000000,0.000000
736.920000,2.884626,0.786007,-2.675371,0.000000,0.000000
737.020000,2.884626,0.786007,-2.675371,0.000000,0.000000
737.120000,2.884626,0.786007,-2.675371,0.000000,0.000000
737.220000,2.884626,0.786007,-2.675371,0.000000,0.000000
737.320000,2.884626,0.786007,-2.675371,0.000000,0.000000
737.420000,2.884626,0.786007,-2.675371,0.000000,0.000000
737.520000,2.884626,0.786007,-2.675371,0.000000,0.000000
737.620000,2.884626,0.786007,-2.675371,0.000000,0.000000
737.720000,2.884626,0.786007,-2.675371,0.000000,0.000000
737.820000,2.884626,0.786007,-2.675371,0.000000,0.000000
737.920000,2.884626,0.786007,-2.675371,0.000000,0.000000
738.020000,2.884626,0.786007,-2.675371,0.000000,0.000000
738.120000,2.884626,0.786007,-2.675371,0.000000,0.000000
738.220000,2.884626,0.786007,-2.675371,0.000000,0.000000
738.320000,2.884626,0.786007,-2.675371,0.000000,0.000000
738.420000,2.884626,0.786007,-2.675371,0.000000,0.000000
738.520000,2.884626,0.786007,-2.675371,0.000000,0.000000
738.620000,2.884626,0.786007,-2.675371,0.000000,0.000000
738.720000,2.884626,0.786007,-2.675371,0.000000,0.000000
738.820000,2.884626,0.786007,-2.675371,0.000000,0.000000
738.920000,2.884626,0.786007,-2.675371,0.000000,0.000000
739.020000,2.884626,0.786007,-2.675371,0.000000,0.000000
739.120000,2.884626,0.786007,-2.675371,0.000000,0.000000
739.220000,2.884626,0.786007,-2.675371,0.000000,0.000000
739.320000,2.884626,0.786007,-2.675371,0.000000,0.000000
739.420000,2.884626,0.786007,-2.675371,0.000000,0.000000
739.520000,2.884626,0.786007,-2.675371,0.000000,0.000000
739.620000,2.884626,0.786007,-2.675371,0.000000,0.000000
739.720000,2.884626,0.786007,-2.675371,0.000000,0.000000
739.820000,2.884626,0.786007,-2.675371,0.000000,0.000000
739.920000,2.884626,0.786007,-2.675371,0.000000,0.000000
740.020000,2.884626,0.786007,-2.675371,0.000000,0.000000
740.120000,2.884626,0.786007,-2.675371,0.000000,0.000000
740.220000,2.884626,0.786007,-2.675371,0.000000,0.000000
740.320000,2.884626,0.786007,-2.675371,0.000000,0.000000
740.420000,2.884626,0.786007,-2.675371,0.000000,0.000000
740.520000,2.884626,0.786007,-2.675371,0.000000,0.000000
740.620000,2.884626,0.786007,-2.675371,0.000000,0.000000
740.720000,2.884626,0.786007,-2.675371,0.000000,0.000000
740.820000,2.884626,0.786007,-2.675371,0.000000,0.000000
740.920000,2.884626,0.786007,-2.675371,0.000000,0.000000
741.020000,2.884626,0.786007,-2.675371,0.000000,0.000000
741.120000,2.884626,0.786007,-2.675371,0.000000,0.000000
741.220000,2.884626,0.786007,-2.675371,0.000000,0.000000
741.320000,2.884626,0.786007,-2.675371,0.000000,0.000000
741.420000,2.884626,0.786007,-2.675371,0.000000,0.000000
741.520000,2.884626,0.786007,-2.675371,0.000000,0.000000
741.620000,2.884626,0.786007,-2.675371,0.000000,0.000000
741.720000,2.884626,0.786007,-2.675371,0.000000,0.000000
741.820000,2.884626,0.786007,-2.675371,0.000000,0.000000
741.920000,2.884626,0.786007,-2.675371,0.000000,0.000000
742.020000,2.884626,0.786007,-2.675371,0.000000,0.000000
742.120000,2.884626,0.786007,-2.675371,0.000000,0.000000
742.220000,2.884626,0.786007,-2.675371,0.000000,0.000000
742.320000,2.884626,0.786007,-2.675371,0.000000,0.000000
742.420000,2.884626,0.786007,-2.675371,0.000000,0.000000
742.520000,2.884626,0.786007,-2.675371,0.000000,0.000000
742.620000,2.884626,0.786007,-2.675371,0.000000,0.000000
742.720000,2.884626,0.786007,-2.675371,0.000000,0.000000
742.820000,2.884626,0.786007,-2.675371,0.000000,0.000000
742.920000,2.884626,0.786007,-2.675371,0.000000,0.000000
743.020000,2.884626,0.786007,-2.675371,0.000000,0.000000
743.120000,2.884626,0.786007,-2.675371,0.000000,0.000000
743.220000,2.884626,0.786007,-2.675371,0.000000,0.000000
743.320000,2.884626,0.786007,-2.675371,0.000000,0.000000
743.420000,2.884626,0.786007,-2.675371,0.000000,0.000000
743.520000,2.884626,0.786007,-2.675371,0.000000,0.000000
743.620000,2.884626,0.786007,-2.675371,0.000000,0.000000
743.720000,2.884626,0.786007,-2.675371,0.000000,0.000000
743.820000,2.884626,0.786007,-2.675371,0.000000,0.000000
743.920000,2.884626,0.786007,-2.675371,0.000000,0.000000
744.020000,2.884626,0.786007,-2.675371,0.000000,0.000000
744.120000,2.884626,0.786007,-2.675371,0.000000,0.000000
744.220000,2.884626,0.786007,-2.675371,0.000000,0.000000
744.320000,2.884626,0.786007,-2.675371,0.000000,0.000000
744.420000,2.884626,0.786007,-2.675371,0.000000,0.000000
744.520000,2.884626,0.786007,-2.675371,0.000000,0.000000
744.620000,2.884626,0.786007,-2.675371,0.000000,0.000000
744.720000,2.884626,0.786007,-2.675371,0.000000,0.000000
744.820000,2.884626,0.786007,-2.675371,0.000000,0.000000
744.920000,2.884626,0.786007,-2.675371,0.000000,0.000000
745.020000,2.884626,0.786007,-2.675371,0.000000,0.000000
745.120000,2.884626,0.786007,-2.675371,0.000000,0.000000
745.220000,2.884626,0.786007,-2.675371,0.000000,0.000000
745.320000,2.884626,0.786007,-2.675371,0.000000,0.000000
745.420000,2.884626,0.786007,-2.675371,0.000000,0.000000
745.520000,2.884626,0.786007,-2.675371,0.000000,0.000000
745.620000,2.884626,0.786007,-2.675371,0.000000,0.000000
745.720000,2.884626,0.786007,-2.675371,0.000000,0.000000
745.820000,2.884626,0.786007,-2.675371,0.000000,0.000000
745.920000,2.884626,0.786007,-2.675371,0.000000,0.000000
746.020000,2.884626,0.786007,-2.675371,0.000000,0.000000
746.120000,2.884626,0.786007,-2.675371,0.000000,0.000000
746.220000,2.884626,0.786007,-2.675371,0.000000,0.000000
746.320000,2.884626,0.786007,-2.675371,0.000000,0.000000
746.420000,2.884626,0.786007,-2.675371,0.000000,0.000000
746.520000,2.884626,0.786007,-2.675371,0.000000,0.000000
746.620000,2.884626,0.786007,-2.675371,0.000000,0.000000
746.720000,2.884626,0.786007,-2.675371,0.000000,0.000000
746.820000,2.884626,0.786007,-2.675371,0.000000,0.000000
746.920000,2.884626,0.786007,-2.675371,0.000000,0.000000
747.020000,2.884626,0.786007,-2.675371,0.000000,0.000000
747.120000,2.884626,0.786007,-2.675371,0.000000,0.000000
747.220000,2.884626,0.786007,-2.675371,0.000000,0.000000
747.320000,2.884626,0.786007,-2.675371,0.000000,0.000000
747.420000,2.884626,0.786007,-2.675371,0.000000,0.000000
747.520000,2.884626,0.786007,-2.675371,0.000000,0.000000
747.620000,2.884626,0.786007,-2.675371,0.000000,0.000000
747.720000,2.884626,0.786007,-2.675371,0.000000,0.000000
747.820000,2.884626,0.786007,-2.675371,0.000000,0.000000
747.920000,2.884626,0.786007,-2.675371,0.000000,0.000000
748.020000,2.884626,0.786007,-2.675371,0.000000,0.000000
748.120000,2.884626,0.786007,-2.675371,0.000000,0.000000
748.220000,2.884626,0.786007,-2.675371,0.000000,0.000000
748.320000,2.884626,0.786007,-2.675371,0.000000,0.000000
748.420000,2.884626,0.786007,-2.675371,0.000000,0.000000
748.520000,2.884626,0.786007,-2.675371,0.000000,0.000000
748.620000,2.884626,0.786007,-2.675371,0.000000,0.000000
748.720000,2.884626,0.786007,-2.675371,0.000000,0.000000
748.820000,2.884626,0.786007,-2.675371,0.000000,0.000000
748.920000,2.884626,0.786007,-2.675371,0.000000,0.000000
749.020000,2.884626,0.786007,-2.675371,0.000000,0.000000
749.120000,2.884626,0.786007,-2.675371,0.000000,0.000000
749.220000,2.884626,0.786007,-2.675371,0.000000,0.000000
749.320000,2.884626,0.786007,-2.675371,0.000000,0.000000
749.420000,2.884626,0.786007,-2.675371,0.000000,0.000000
749.520000,2.884626,0.786007,-2.675371,0.000000,0.000000
749.620000,2.884626,0.786007,-2.675371,0.000000,0.000000
749.720000,2.884626,0.786007,-2.675371,0.000000,0.000000
749.820000,2.884626,0.786007,-2.675371,0.000000,0.000000
749.920000,2.884626,0.786007,-2.675371,0.000000,0.000000
750.020000,2.884626,0.786007,-2.675371,0.000000,0.000000
750.120000,2.884626,0.786007,-2.675371,0.000000,0.000000
750.220000,2.884626,0.786007,-2.675371,0.000000,0.000000
750.320000,2.884626,0.786007,-2.675371,0.000000,0.000000
750.420000,2.884626,0.786007,-2.675371,0.000000,0.000000
750.520000,2.884626,0.786007,-2.675371,0.000000,0.000000
750.620000,2.884626,0.786007,-2.675371,0.000000,0.000000
750.720000,2.884626,0.786007,-2.675371,0.000000,0.000000
750.820000,2.884626,0.786007,-2.675371,0.000000,0.000000
750.920000,2.884626,0.786007,-2.675371,0.000000,0.000000
751.020000,2.884626,0.786007,-2.675371,0.000000,0.000000
751.120000,2.884626,0.786007,-2.675371,0.000000,0.000000
751.220000,2.884626,0.786007,-2.675371,0.000000,0.000000
751.320000,2.884626,0.786007,-2.675371,0.000000,0.000000
751.420000,2.884626,0.786007,-2.675371,0.000000,0.000000
751.520000,2.884626,0.786007,-2.675371,0.000000,0.000000
751.620000,2.884626,0.786007,-2.675371,0.000000,0.000000
751.720000,2.884626,0.786007,-2.675371,0.000000,0.000000
751.820000,2.884626,0.786007,-2.675371,0.000000,0.000000
751.920000,2.884626,0.786007,-2.675371,0.000000,0.000000
752.020000,2.884626,0.786007,-2.675371,0.000000,0.000000
752.120000,2.884626,0.786007,-2.675371,0.000000,0.000000
752.220000,2.884626,0.786007,-2.675371,0.000000,0.000000
752.320000,2.884626,0.786007,-2.675371,0.000000,0.000000
752.420000,2.884626,0.786007,-2.675371,0.000000,0.000000
752.520000,2.884626,0.786007,-2.675371,0.000000,0.000000
752.620000,2.884626,0.786007,-2.675371,0.000000,0.000000
752.720000,2.884626,0.786007,-2.675371,0.000000,0.000000
752.820000,2.884626,0.786007,-2.675371,0.000000,0.000000
752.920000,2.884626,0.786007,-2.675371,0.000000,0.000000
753.020000,2.884626,0.786007,-2.675371,0.000000,0.000000
753.120000,2.884626,0.786007,-2.675371,0.000000,0.000000
753.220000,2.884626,0.786007,-2.675371,0.000000,0.000000
753.320000,2.884626,0.786007,-2.675371,0.000000,0.000000
753.420000,2.884626,0.786007,-2.675371,0.000000,0.000000
753.520000,2.884626,0.786007,-2.675371,0.000000,0.000000
753.620000,2.884626,0.786007,-2.675371,0.000000,0.000000
753.720000,2.884626,0.786007,-2.675371,0.000000,0.000000
753.820000,2.884626,0.786007,-2.675371,0.000000,0.000000
753.920000,2.884626,0.786007,-2.675371,0.000000,0.000000
754.020000,2.884626,0.786007,-2.675371,0.000000,0.000000
754.120000,2.884626,0.786007,-2.675371,0.000000,0.000000
754.220000,2.884626,0.786007,-2.675371,0.000000,0.000000
754.320000,2.884626,0.786007,-2.675371,0.000000,0.000000
754.420000,2.884626,0.786007,-2.675371,0.000000,0.000000
754.520000,2.884626,0.786007,-2.675371,0.000000,0.000000
754.620000,2.884626,0.786007,-2.675371,0.000000,0.000000
754.720000,2.884626,0.786007,-2.675371,0.000000,0.000000
754.820000,2.884626,0.786007,-2.675371,0.000000,0.000000
754.920000,2.884626,0.786007,-2.675371,0.000000,0.000000
755.020000,2.884626,0.786007,-2.675371,0.000000,0.000000
755.120000,2.884626,0.786007,-2.675371,0.000000,0.000000
755.220000,2.884626,0.786007,-2.675371,0.000000,0.000000
755.320000,2.884626,0.786007,-2.675371,0.000000,0.000000
755.420000,2.884626,0.786007,-2.675371,0.000000,0.000000
755.520000,2.884626,0.786007,-2.675371,0.000000,0.000000
755.620000,2.884626,0.786007,-2.675371,0.000000,0.000000
755.720000,2.884626,0.786007,-2.675371,0.000000,0.000000
755.820000,2.884626,0.786007,-2.675371,0.000000,0.000000
755.920000,2.884626,0.786007,-2.675371,0.000000,0.000000
756.020000,2.884626,0.786007,-2.675371,0.000000,0.000000
756.120000,2.884626,0.786007,-2.675371,0.000000,0.000000
756.220000,2.884626,0.786007,-2.675371,0.000000,0.000000
756.320000,2.884626,0.786007,-2.675371,0.000000,0.000000
756.420000,2.884626,0.786007,-2.675371,0.000000,0.000000
756.520000,2.884626,0.786007,-2.675371,0.000000,0.000000
756.620000,2.884626,0.786007,-2.675371,0.000000,0.000000
756.720000,2.884626,0.786007,-2.675371,0.000000,0.000000
756.820000,2.884626,0.786007,-2.675371,0.000000,0.000000
756.920000,2.884626,0.786007,-2.675371,0.000000,0.000000
757.020000,2.884626,0.786007,-2.675371,0.000000,0.000000
757.120000,2.884626,0.786007,-2.675371,0.000000,0.000000
757.220000,2.884626,0.786007,-2.675371,0.000000,0.000000
757.320000,2.884626,0.786007,-2.675371,0.000000,0.000000
757.420000,2.884626,0.786007,-2.675371,0.000000,0.000000
757.520000,2.884626,0.786007,-2.675371,0.000000,0.000000
757.620000,2.884626,0.786007,-2.675371,0.000000,0.000000
757.720000,2.884626,0.786007,-2.675371,0.000000,0.000000
757.820000,2.884626,0.786007,-2.675371,0.000000,0.000000
757.920000,2.884626,0.786007,-2.675371,0.000000,0.000000
758.020000,2.884626,0.786007,-2.675371,0.000000,0.000000
758.120000,2.884626,0.786007,-2.675371,0.000000,0.000000
758.220000,2.884626,0.786007,-2.675371,0.000000,0.000000
758.320000,2.884626,0.786007,-2.675371,0.000000,0.000000
758.420000,2.884626,0.786007,-2.675371,0.000000,0.000000
758.520000,2.884626,0.786007,-2.675371,0.000000,0.000000
758.620000,2.884626,0.786007,-2.675371,0.000000,0.000000
758.720000,2.884626,0.786007,-2.675371,0.000000,0.000000
758.820000,2.884626,0.786007,-2.675371,0.000000,0.000000
758.920000,2.884626,0.786007,-2.675371,0.000000,0.000000
759.020000,2.884626,0.786007,-2.675371,0.000000,0.000000
759.120000,2.884626,0.786007,-2.675371,0.000000,0.000000
759.220000,2.884626,0.786007,-2.675371,0.000000,0.000000
759.320000,2.884626,0.786007,-2.675371,0.000000,0.000000
759.420000,2.884626,0.786007,-2.675371,0.000000,0.000000
759.520000,2.884626,0.786007,-2.675371,0.000000,0.000000
759.620000,2.884626,0.786007,-2.675371,0.000000,0.000000
759.720000,2.884626,0.786007,-2.675371,0.000000,0.000000
759.820000,2.884626,0.786007,-2.675371,0.000000,0.000000
759.920000,2.884626,0.786007,-2.675371,0.000000,0.000000
760.020000,2.884626,0.786007,-2.675371,0.000000,0.000000
760.120000,2.884626,0.786007,-2.675371,0.000000,0.000000
760.220000,2.884626,0.786007,-2.675371,0.000000,0.000000
760.320000,2.884626,0.786007,-2.675371,0.000000,0.000000
760.420000,2.884626,0.786007,-2.675371,0.000000,0.000000
760.520000,2.884626,0.786007,-2.675371,0.000000,0.000000
760.620000,2.884626,0.786007,-2.675371,0.000000,0.000000
760.720000,2.884626,0.786007,-2.675371,0.000000,0.000000
760.820000,2.884626,0.786007,-2.675371,0.000000,0.000000
760.920000,2.884626,0.786007,-2.675371,0.000000,0.000000
761.020000,2.884626,0.786007,-2.675371,0.000000,0.000000
761.120000,2.884626,0.786007,-2.675371,0.000000,0.000000
761.220000,2.884626,0.786007,-2.675371,0.000000,0.000000
761.320000,2.884626,0.786007,-2.675371,0.000000,0.000000
761.420000,2.884626,0.786007,-2.675371,0.000000,0.000000
761.520000,2.884626,0.786007,-2.675371,0.000000,0.000000
761.620000,2.884626,0.786007,-2.675371,0.000000,0.000000
761.720000,2.884626,0.786007,-2.675371,0.000000,0.000000
761.820000,2.884626,0.786007,-2.675371,0.000000,0.000000
761.920000,2.884626,0.786007,-2.675371,0.000000,0.000000
762.020000,2.884626,0.786007,-2.675371,0.000000,0.000000
762.120000,2.884626,0.786007,-2.675371,0.000000,0.000000
762.220000,2.884626,0.786007,-2.675371,0.000000,0.000000
762.320000,2.884626,0.786007,-2.675371,0.000000,0.000000
762.420000,2.884626,0.786007,-2.675371,0.000000,0.000000
762.520000,2.884626,0.786007,-2.675371,0.000000,0.000000
762.620000,2.884626,0.786007,-2.675371,0.000000,0.000000
762.720000,2.884626,0.786007,-2.675371,0.000000,0.000000
762.820000,2.884626,0.786007,-2.675371,0.000000,0.000000
762.920000,2.884626,0.786007,-2.675371,0.000000,0.000000
763.020000,2.884626,0.786007,-2.675371,0.000000,0.000000
763.120000,2.884626,0.786007,-2.675371,0.000000,0.000000
763.220000,2.884626,0.786007,-2.675371,0.000000,0.000000
763.320000,2.884626,0.786007,-2.675371,0.000000,0.000000
763.420000,2.884626,0.786007,-2.675371,0.000000,0.000000
763.520000,2.884626,0.786007,-2.675371,0.000000,0.000000
763.620000,2.884626,0.786007,-2.675371,0.000000,0.000000
763.720000,2.884626,0.786007,-2.675371,0.000000,0.000000
763.820000,2.884626,0.786007,-2.675371,0.000000,0.000000
763.920000,2.884626,0.786007,-2.675371,0.000000,0.000000
764.020000,2.884626,0.786007,-2.675371,0.000000,0.000000
764.120000,2.884626,0.786007,-2.675371,0.000000,0.000000
764.220000,2.884626,0.786007,-2.675371,0.000000,0.000000
764.320000,2.884626,0.786007,-2.675371,0.000000,0.000000
764.420000,2.884626,0.786007,-2.675371,0.000000,0.000000
764.520000,2.884626,0.786007,-2.675371,0.000000,0.000000
764.620000,2.884626,0.786007,-2.675371,0.000000,0.000000
764.720000,2.884626,0.786007,-2.675371,0.000000,0.000000
764.820000,2.884626,0.786007,-2.675371,0.000000,0.000000
764.920000,2.884626,0.786007,-2.675371,0.000000,0.000000
765.020000,2.884626,0.786007,-2.675371,0.000000,0.000000
765.120000,2.884626,0.786007,-2.675371,0.000000,0.000000
765.220000,2.884626,0.786007,-2.675371,0.000000,0.000000
765.320000,2.884626,0.786007,-2.675371,0.000000,0.000000
765.420000,2.884626,0.786007,-2.675371,0.000000,0.000000
765.520000,2.884626,0.786007,-2.675371,0.000000,0.000000
765.620000,2.884626,0.786007,-2.675371,0.000000,0.000000
765.720000,2.884626,0.786007,-2.675371,0.000000,0.000000
765.820000,2.884626,0.786007,-2.675371,0.000000,0.000000
765.920000,2.884626,0.786007,-2.675371,0.000000,0.000000
766.020000,2.884626,0.786007,-2.675371,0.000000,0.000000
766.120000,2.884626,0.786007,-2.675371,0.000000,0.000000
766.220000,2.884626,0.786007,-2.675371,0.000000,0.000000
766.320000,2.884626,0.786007,-2.675371,0.000000,0.000000
766.420000,2.884626,0.786007,-2.675371,0.000000,0.000000
766.520000,2.884626,0.786007,-2.675371,0.000000,0.000000
766.620000,2.884626,0.786007,-2.675371,0.000000,0.000000
766.720000,2.884626,0.786007,-2.675371,0.000000,0.000000
766.820000,2.884626,0.786007,-2.675371,0.000000,0.000000
766.920000,2.884626,0.786007,-2.675371,0.000000,0.000000
767.020000,2.884626,0.786007,-2.675371,0.000000,0.000000
767.120000,2.884626,0.786007,-2.675371,0.000000,0.000000
767.220000,2.884626,0.786007,-2.675371,0.000000,0.000000
767.320000,2.884626,0.786007,-2.675371,0.000000,0.000000
767.420000,2.884626,0.786007,-2.675371,0.000000,0.000000
767.520000,2.884626,0.786007,-2.675371,0.000000,0.000000
767.620000,2.884626,0.786007,-2.675371,0.000000,0.000000
767.720000,2.884626,0.786007,-2.675371,0.000000,0.000000
767.820000,2.884626,0.786007,-2.675371,0.000000,0.000000
767.920000,2.884626,0.786007,-2.675371,0.000000,0.000000
768.020000,2.884626,0.786007,-2.675371,0.000000,0.000000
768.120000,2.884626,0.786007,-2.675371,0.000000,0.000000
768.220000,2.884626,0.786007,-2.675371,0.000000,0.000000
768.320000,2.884626,0.786007,-2.675371,0.000000,0.000000
768.420000,2.884626,0.786007,-2.675371,0.000000,0.000000
768.520000,2.884626,0.786007,-2.675371,0.000000,0.000000
768.620000,2.884626,0.786007,-2.675371,0.000000,0.000000
768.720000,2.884626,0.786007,-2.675371,0.000000,0.000000
768.820000,2.884626,0.786007,-2.675371,0.000000,0.000000
768.920000,2.884626,0.786007,-2.675371,0.000000,0.000000
769.020000,2.884626,0.786007,-2.675371,0.000000,0.000000
769.120000,2.884626,0.786007,-2.675371,0.000000,0.000000
769.220000,2.884626,0.786007,-2.675371,0.000000,0.000000
769.320000,2.884626,0.786007,-2.675371,0.000000,0.000000
769.420000,2.884626,0.786007,-2.675371,0.000000,0.000000
769.520000,2.884626,0.786007,-2.675371,0.000000,0.000000
769.620000,2.884626,0.786007,-2.675371,0.000000,0.000000
769.720000,2.884626,0.786007,-2.675371,0.000000,0.000000
769.820000,2.884626,0.786007,-2.675371,0.000000,0.000000
769.920000,2.884626,0.786007,-2.675371,0.000000,0.000000
770.020000,2.884626,0.786007,-2.675371,0.000000,0.000000
770.120000,2.884626,0.786007,-2.675371,0.000000,0.000000
770.220000,2.884626,0.786007,-2.675371,0.000000,0.000000
770.320000,2.884626,0.786007,-2.675371,0.000000,0.000000
770.420000,2.884626,0.786007,-2.675371,0.000000,0.000000
770.520000,2.884626,0.786007,-2.675371,0.000000,0.000000
770.620000,2.884626,0.786007,-2.675371,0.000000,0.000000
770.720000,2.884626,0.786007,-2.675371,0.000000,0.000000
770.820000,2.884626,0.786007,-2.675371,0.000000,0.000000
770.920000,2.884626,0.786007,-2.675371,0.000000,0.000000
771.020000,2.884626,0.786007,-2.675371,0.000000,0.000000
771.120000,2.884626,0.786007,-2.675371,0.000000,0.000000
771.220000,2.884626,0.786007,-2.675371,0.000000,0.000000
771.320000,2.884626,0.786007,-2.675371,0.000000,0.000000
771.420000,2.884626,0.786007,-2.675371,0.000000,0.000000
771.520000,2.884626,0.786007,-2.675371,0.000000,0.000000
771.620000,2.884626,0.786007,-2.675371,0.000000,0.000000
771.720000,2.884626,0.786007,-2.675371,0.000000,0.000000
771.820000,2.884626,0.786007,-2.675371,0.000000,0.000000
771.920000,2.884626,0.786007,-2.675371,0.000000,0.000000
772.020000,2.884626,0.786007,-2.675371,0.000000,0.000000
772.120000,2.884626,0.786007,-2.675371,0.000000,0.000000
772.220000,2.884626,0.786007,-2.675371,0.000000,0.000000
772.320000,2.884626,0.786007,-2.675371,0.000000,0.000000
772.420000,2.884626,0.786007,-2.675371,0.000000,0.000000
772.520000,2.884626,0.786007,-2.675371,0.000000,0.000000
772.620000,2.884626,0.786007,-2.675371,0.000000,0.000000
772.720000,2.884626,0.786007,-2.675371,0.000000,0.000000
772.820000,2.884626,0.786007,-2.675371,0.000000,0.000000
772.920000,2.884626,0.786007,-2.675371,0.000000,0.000000
773.020000,2.884626,0.786007,-2.675371,0.000000,0.000000
773.120000,2.884626,0.786007,-2.675371,0.000000,0.000000
773.220000,2.884626,0.786007,-2.675371,0.000000,0.000000
773.320000,2.884626,0.786007,-2.675371,0.000000,0.000000
773.420000,2.884626,0.786007,-2.675371,0.000000,0.000000
773.520000,2.884626,0.786007,-2.675371,0.000000,0.000000
773.620000,2.884626,0.786007,-2.675371,0.000000,0.000000
773.720000,2.884626,0.786007,-2.675371,0.000000,0.000000
773.820000,2.884626,0.786007,-2.675371,0.000000,0.000000
773.920000,2.884626,0.786007,-2.675371,0.000000,0.000000
774.020000,2.884626,0.786007,-2.675371,0.000000,0.000000
774.120000,2.884626,0.786007,-2.675371,0.000000,0.000000
774.220000,2.884626,0.786007,-2.675371,0.000000,0.000000
774.320000,2.884626,0.786007,-2.675371,0.000000,0.000000
774.420000,2.884626,0.786007,-2.675371,0.000000,0.000000
774.520000,2.884626,0.786007,-2.675371,0.000000,0.000000
774.620000,2.884626,0.786007,-2.675371,0.000000,0.000000
774.720000,2.884626,0.786007,-2.675371,0.000000,0.000000
774.820000,2.884626,0.786007,-2.675371,0.000000,0.000000
774.920000,2.884626,0.786007,-2.675371,0.000000,0.000000
775.020000,2.884626,0.786007,-2.675371,0.000000,0.000000
775.120000,2.884626,0.786007,-2.675371,0.000000,0.000000
775.220000,2.884626,0.786007,-2.675371,0.000000,0.000000
775.320000,2.884626,0.786007,-2.675371,0.000000,0.000000
775.420000,2.884626,0.786007,-2.675371,0.000000,0.000000
775.520000,2.884626,0.786007,-2.675371,0.000000,0.000000
775.620000,2.884626,0.786007,-2.675371,0.000000,0.000000
775.720000,2.884626,0.786007,-2.675371,0.000000,0.000000
775.820000,2.884626,0.786007,-2.675371,0.000000,0.000000
775.920000,2.884626,0.786007,-2.675371,0.000000,0.000000
776.020000,2.884626,0.786007,-2.675371,0.000000,0.000000
776.120000,2.884626,0.786007,-2.675371,0.000000,0.000000
776.220000,2.884626,0.786007,-2.675371,0.000000,0.000000
776.320000,2.884626,0.786007,-2.675371,0.000000,0.000000
776.420000,2.884626,0.786007,-2.675371,0.000000,0.000000
776.520000,2.884626,0.786007,-2.675371,0.000000,0.000000
776.620000,2.884626,0.786007,-2.675371,0.000000,0.000000
776.720000,2.884626,0.786007,-2.675371,0.000000,0.000000
776.820000,2.884626,0.786007,-2.675371,0.000000,0.000000
776.920000,2.884626,0.786007,-2.675371,0.000000,0.000000
777.020000,2.884626,0.786007,-2.675371,0.000000,0.000000
777.120000,2.884626,0.786007,-2.675371,0.000000,0.000000
777.220000,2.884626,0.786007,-2.675371,0.000000,0.000000
777.320000,2.884626,0.786007,-2.675371,0.000000,0.000000
777.420000,2.884626,0.786007,-2.675371,0.000000,0.000000
777.520000,2.884626,0.786007,-2.675371,0.000000,0.000000
777.620000,2.884626,0.786007,-2.675371,0.000000,0.000000
777.720000,2.884626,0.786007,-2.675371,0.000000,0.000000
777.820000,2.884626,0.786007,-2.675371,0.000000,0.000000
777.920000,2.884626,0.786007,-2.675371,0.000000,0.000000
778.020000,2.884626,0.786007,-2.675371,0.000000,0.000000
778.120000,2.884626,0.786007,-2.675371,0.000000,0.000000
778.220000,2.884626,0.786007,-2.675371,0.000000,0.000000
778.320000,2.884626,0.786007,-2.675371,0.000000,0.000000
778.420000,2.884626,0.786007,-2.675371,0.000000,0.000000
778.520000,2.884626,0.786007,-2.675371,0.000000,0.000000
778.620000,2.884626,0.786007,-2.675371,0.000000,0.000000
778.720000,2.884626,0.786007,-2.675371,0.000000,0.000000
778.820000,2.884626,0.786007,-2.675371,0.000000,0.000000
778.920000,2.884626,0.786007,-2.675371,0.000000,0.000000
779.020000,2.884626,0.786007,-2.675371,0.000000,0.000000
779.120000,2.884626,0.786007,-2.675371,0.000000,0.000000
779.220000,2.884626,0.786007,-2.675371,0.000000,0.000000
779.320000,2.884626,0.786007,-2.675371,0.000000,0.000000
779.420000,2.884626,0.786007,-2.675371,0.000000,0.000000
779.520000,2.884626,0.786007,-2.675371,0.000000,0.000000
779.620000,2.884626,0.786007,-2.675371,0.000000,0.000000
779.720000,2.884626,0.786007,-2.675371,0.000000,0.000000
779.820000,2.884626,0.786007,-2.675371,0.000000,0.000000
779.920000,2.884626,0.786007,-2.675371,0.000000,0.000000
780.020000,2.884626,0.786007,-2.675371,0.000000,0.000000
780.120000,2.884626,0.786007,-2.675371,0.000000,0.000000
780.220000,2.884626,0.786007,-2.675371,0.000000,0.000000
780.320000,2.884626,0.786007,-2.675371,0.000000,0.000000
780.420000,2.884626,0.786007,-2.675371,0.000000,0.000000
780.520000,2.884626,0.786007,-2.675371,0.000000,0.000000
780.620000,2.884626,0.786007,-2.675371,0.000000,0.000000
780.720000,2.884626,0.786007,-2.675371,0.000000,0.000000
780.820000,2.884626,0.786007,-2.675371,0.000000,0.000000
780.920000,2.884626,0.786007,-2.675371,0.000000,0.000000
781.020000,2.884626,0.786007,-2.675371,0.000000,0.000000
781.120000,2.884626,0.786007,-2.675371,0.000000,0.000000
781.220000,2.884626,0.786007,-2.675371,0.000000,0.000000
781.320000,2.884626,0.786007,-2.675371,0.000000,0.000000
781.420000,2.884626,0.786007,-2.675371,0.000000,0.000000
781.520000,2.884626,0.786007,-2.675371,0.000000,0.000000
781.620000,2.884626,0.786007,-2.675371,0.000000,0.000000
781.720000,2.884626,0.786007,-2.675371,0.000000,0.000000
781.820000,2.884626,0.786007,-2.675371,0.000000,0.000000
781.920000,2.884626,0.786007,-2.675371,0.000000,0.000000
782.020000,2.884626,0.786007,-2.675371,0.000000,0.000000
782.120000,2.884626,0.786007,-2.675371,0.000000,0.000000
782.220000,2.884626,0.786007,-2.675371,0.000000,0.000000
782.320000,2.884626,0.786007,-2.675371,0.000000,0.000000
782.420000,2.884626,0.786007,-2.675371,0.000000,0.000000
782.520000,2.884626,0.786007,-2.675371,0.000000,0.000000
782.620000,2.884626,0.786007,-2.675371,0.000000,0.000000
782.720000,2.884626,0.786007,-2.675371,0.000000,0.000000
782.820000,2.884626,0.786007,-2.675371,0.000000,0.000000
782.920000,2.884626,0.786007,-2.675371,0.000000,0.000000
783.020000,2.884626,0.786007,-2.675371,0.000000,0.000000
783.120000,2.884626,0.786007,-2.675371,0.000000,0.000000
783.220000,2.884626,0.786007,-2.675371,0.000000,0.000000
783.320000,2.884626,0.786007,-2.675371,0.000000,0.000000
783.420000,2.884626,0.786007,-2.675371,0.000000,0.000000
783.520000,2.884626,0.786007,-2.675371,0.000000,0.000000
783.620000,2.884626,0.786007,-2.675371,0.000000,0.000000
783.720000,2.884626,0.786007,-2.675371,0.000000,0.000000
783.820000,2.884626,0.786007,-2.675371,0.000000,0.000000
783.920000,2.884626,0.786007,-2.675371,0.000000,0.000000
784.020000,2.884626,0.786007,-2.675371,0.000000,0.000000
784.120000,2.884626,0.786007,-2.675371,0.000000,0.000000
784.220000,2.884626,0.786007,-2.675371,0.000000,0.000000
784.320000,2.884626,0.786007,-2.675371,0.000000,0.000000
784.420000,2.884626,0.786007,-2.675371,0.000000,0.000000
784.520000,2.884626,0.786007,-2.675371,0.000000,0.000000
784.620000,2.884626,0.786007,-2.675371,0.000000,0.000000
784.720000,2.884626,0.786007,-2.675371,0.000000,0.000000
784.820000,2.884626,0.786007,-2.675371,0.000000,0.000000
784.920000,2.884626,0.786007,-2.675371,0.000000,0.000000
785.020000,2.884626,0.786007,-2.675371,0.000000,0.000000
785.120000,2.884626,0.786007,-2.675371,0.000000,0.000000
785.220000,2.884626,0.786007,-2.675371,0.000000,0.000000
785.320000,2.884626,0.786007,-2.675371,0.000000,0.000000
785.420000,2.884626,0.786007,-2.675371,0.000000,0.000000
785.520000,2.884626,0.786007,-2.675371,0.000000,0.000000
785.620000,2.884626,0.786007,-2.675371,0.000000,0.000000
785.720000,2.884626,0.786007,-2.675371,0.000000,0.000000
785.820000,2.884626,0.786007,-2.675371,0.000000,0.000000
785.920000,2.884626,0.786007,-2.675371,0.000000,0.000000
786.020000,2.884626,0.786007,-2.675371,0.000000,0.000000
786.120000,2.884626,0.786007,-2.675371,0.000000,0.000000
786.220000,2.884626,0.786007,-2.675371,0.000000,0.000000
786.320000,2.884626,0.786007,-2.675371,0.000000,0.000000
786.420000,2.884626,0.786007,-2.675371,0.000000,0.000000
786.520000,2.884626,0.786007,-2.675371,0.000000,0.000000
786.620000,2.884626,0.786007,-2.675371,0.000000,0.000000
786.720000,2.884626,0.786007,-2.675371,0.000000,0.000000
786.820000,2.884626,0.786007,-2.675371,0.000000,0.000000
786.920000,2.884626,0.786007,-2.675371,0.000000,0.000000
787.020000,2.884626,0.786007,-2.675371,0.000000,0.000000
787.120000,2.884626,0.786007,-2.675371,0.000000,0.000000
787.220000,2.884626,0.786007,-2.675371,0.000000,0.000000
787.320000,2.884626,0.786007,-2.675371,0.000000,0.000000
787.420000,2.884626,0.786007,-2.675371,0.000000,0.000000
787.520000,2.884626,0.786007,-2.675371,0.000000,0.000000
787.620000,2.884626,0.786007,-2.675371,0.000000,0.000000
787.720000,2.884626,0.786007,-2.675371,0.000000,0.000000
787.820000,2.884626,0.786007,-2.675371,0.000000,0.000000
787.920000,2.884626,0.786007,-2.675371,0.000000,0.000000
788.020000,2.884626,0.786007,-2.675371,0.000000,0.000000
788.120000,2.884626,0.786007,-2.675371,0.000000,0.000000
788.220000,2.884626,0.786007,-2.675371,0.000000,0.000000
788.320000,2.884626,0.786007,-2.675371,0.000000,0.000000
788.420000,2.884626,0.786007,-2.675371,0.000000,0.000000
788.520000,2.884626,0.786007,-2.675371,0.000000,0.000000
788.620000,2.884626,0.786007,-2.675371,0.000000,0.000000
788.720000,2.884626,0.786007,-2.675371,0.000000,0.000000
788.820000,2.884626,0.786007,-2.675371,0.000000,0.000000
788.920000,2.884626,0.786007,-2.675371,0.000000,0.000000
789.020000,2.884626,0.786007,-2.675371,0.000000,0.000000
789.120000,2.884626,0.786007,-2.675371,0.000000,0.000000
789.220000,2.884626,0.786007,-2.675371,0.000000,0.000000
789.320000,2.884626,0.786007,-2.675371,0.000000,0.000000
789.420000,2.884626,0.786007,-2.675371,0.000000,0.000000
789.520000,2.884626,0.786007,-2.675371,0.000000,0.000000
789.620000,2.884626,0.786007,-2.675371,0.000000,0.000000
789.720000,2.884626,0.786007,-2.675371,0.000000,0.000000
789.820000,2.884626,0.786007,-2.675371,0.000000,0.000000
789.920000,2.884626,0.786007,-2.675371,0.000000,0.000000
790.020000,2.884626,0.786007,-2.675371,0.000000,0.000000
790.120000,2.884626,0.786007,-2.675371,0.000000,0.000000
790.220000,2.884626,0.786007,-2.675371,0.000000,0.000000
790.320000,2.884626,0.786007,-2.675371,0.000000,0.000000
790.420000,2.884626,0.786007,-2.675371,0.000000,0.000000
790.520000,2.884626,0.786007,-2.675371,0.000000,0.000000
790.620000,2.884626,0.786007,-2.675371,0.000000,0.000000
790.720000,2.884626,0.786007,-2.675371,0.000000,0.000000
790.820000,2.884626,0.786007,-2.675371,0.000000,0.000000
790.920000,2.884626,0.786007,-2.675371,0.000000,0.000000
791.020000,2.884626,0.786007,-2.675371,0.000000,0.000000
791.120000,2.884626,0.786007,-2.675371,0.000000,0.000000
791.220000,2.884626,0.786007,-2.675371,0.000000,0.000000
791.320000,2.884626,0.786007,-2.675371,0.000000,0.000000
791.420000,2.884626,0.786007,-2.675371,0.000000,0.000000
791.520000,2.884626,0.786007,-2.675371,0.000000,0.000000
791.620000,2.884626,0.786007,-2.675371,0.000000,0.000000
791.720000,2.884626,0.786007,-2.675371,0.000000,0.000000
791.820000,2.884626,0.786007,-2.675371,0.000000,0.000000
791.920000,2.884626,0.786007,-2.675371,0.000000,0.000000
792.020000,2.884626,0.786007,-2.675371,0.000000,0.000000
792.120000,2.884626,0.786007,-2.675371,0.000000,0.000000
792.220000,2.884626,0.786007,-2.675371,0.000000,0.000000
792.320000,2.884626,0.786007,-2.675371,0.000000,0.000000
792.420000,2.884626,0.786007,-2.675371,0.000000,0.000000
792.520000,2.884626,0.786007,-2.675371,0.000000,0.000000
792.620000,2.884626,0.786007,-2.675371,0.000000,0.000000
792.720000,2.884626,0.786007,-2.675371,0.000000,0.000000
792.820000,2.884626,0.786007,-2.675371,0.000000,0.000000
792.920000,2.884626,0.786007,-2.675371,0.000000,0.000000
793.020000,2.884626,0.786007,-2.675371,0.000000,0.000000
793.120000,2.884626,0.786007,-2.675371,0.000000,0.000000
793.220000,2.884626,0.786007,-2.675371,0.000000,0.000000
793.320000,2.884626,0.786007,-2.675371,0.000000,0.000000
793.420000,2.884626,0.786007,-2.675371,0.000000,0.000000
793.520000,2.884626,0.786007,-2.675371,0.000000,0.000000
793.620000,2.884626,0.786007,-2.675371,0.000000,0.000000
793.720000,2.884626,0.786007,-2.675371,0.000000,0.000000
793.820000,2.884626,0.786007,-2.675371,0.000000,0.000000
793.920000,2.884626,0.786007,-2.675371,0.000000,0.000000
794.020000,2.884626,0.786007,-2.675371,0.000000,0.000000
794.120000,2.884626,0.786007,-2.675371,0.000000,0.000000
794.220000,2.884626,0.786007,-2.675371,0.000000,0.000000
794.320000,2.884626,0.786007,-2.675371,0.000000,0.000000
794.420000,2.884626,0.786007,-2.675371,0.000000,0.000000
794.520000,2.884626,0.786007,-2.675371,0.000000,0.000000
794.620000,2.884626,0.786007,-2.675371,0.000000,0.000000
794.720000,2.884626,0.786007,-2.675371,0.000000,0.000000
794.820000,2.884626,0.786007,-2.675371,0.000000,0.000000
794.920000,2.884626,0.786007,-2.675371,0.000000,0.000000
795.020000,2.884626,0.786007,-2.675371,0.000000,0.000000
795.120000,2.884626,0.786007,-2.675371,0.000000,0.000000
795.220000,2.884626,0.786007,-2.675371,0.000000,0.000000
795.320000,2.884626,0.786007,-2.675371,0.000000,0.000000
795.420000,2.884626,0.786007,-2.675371,0.000000,0.000000
795.520000,2.884626,0.786007,-2.675371,0.000000,0.000000
795.620000,2.884626,0.786007,-2.675371,0.000000,0.000000
795.720000,2.884626,0.786007,-2.675371,0.000000,0.000000
795.820000,2.884626,0.786007,-2.675371,0.000000,0.000000
795.920000,2.884626,0.786007,-2.675371,0.000000,0.000000
796.020000,2.884626,0.786007,-2.675371,0.000000,0.000000
796.120000,2.884626,0.786007,-2.675371,0.000000,0.000000
796.220000,2.884626,0.786007,-2.675371,0.000000,0.000000
796.320000,2.884626,0.786007,-2.675371,0.000000,0.000000
796.420000,2.884626,0.786007,-2.675371,0.000000,0.000000
796.520000,2.884626,0.786007,-2.675371,0.000000,0.000000
796.620000,2.884626,0.786007,-2.675371,0.000000,0.000000
796.720000,2.884626,0.786007,-2.675371,0.000000,0.000000
796.820000,2.884626,0.786007,-2.675371,0.000000,0.000000
796.920000,2.884626,0.786007,-2.675371,0.000000,0.000000
797.020000,2.884626,0.786007,-2.675371,0.000000,0.000000
797.120000,2.884626,0.786007,-2.675371,0.000000,0.000000
797.220000,2.884626,0.786007,-2.675371,0.000000,0.000000
797.320000,2.884626,0.786007,-2.675371,0.000000,0.000000
797.420000,2.884626,0.786007,-2.675371,0.000000,0.000000
797.520000,2.884626,0.786007,-2.675371,0.000000,0.000000
797.620000,2.884626,0.786007,-2.675371,0.000000,0.000000
797.720000,2.884626,0.786007,-2.675371,0.000000,0.000000
797.820000,2.884626,0.786007,-2.675371,0.000000,0.000000
797.920000,2.884626,0.786007,-2.675371,0.000000,0.000000
798.020000,2.884626,0.786007,-2.675371,0.000000,0.000000
798.120000,2.884626,0.786007,-2.675371,0.000000,0.000000
798.220000,2.884626,0.786007,-2.675371,0.000000,0.000000
798.320000,2.884626,0.786007,-2.675371,0.000000,0.000000
798.420000,2.884626,0.786007,-2.675371,0.000000,0.000000
798.520000,2.884626,0.786007,-2.675371,0.000000,0.000000
798.620000,2.884626,0.786007,-2.675371,0.000000,0.000000
798.720000,2.884626,0.786007,-2.675371,0.000000,0.000000
798.820000,2.884626,0.786007,-2.675371,0.000000,0.000000
798.920000,2.884626,0.786007,-2.675371,0.000000,0.000000
799.020000,2.884626,0.786007,-2.675371,0.000000,0.000000
799.120000,2.884626,0.786007,-2.675371,0.000000,0.000000
799.220000,2.884626,0.786007,-2.675371,0.000000,0.000000
799.320000,2.884626,0.786007,-2.675371,0.000000,0.000000
799.420000,2.884626,0.786007,-2.675371,0.000000,0.000000
799.520000,2.884626,0.786007,-2.675371,0.000000,0.000000
799.620000,2.884626,0.786007,-2.675371,0.000000,0.000000
799.720000,2.884626,0.786007,-2.675371,0.000000,0.000000
799.820000,2.884626,0.786007,-2.675371,0.000000,0.000000
799.920000,2.884626,0.786007,-2.675371,0.000000,0.000000
800.020000,2.884626,0.786007,-2.675371,0.000000,0.000000
800.120000,2.884626,0.786007,-2.675371,0.000000,0.000000
800.220000,2.884626,0.786007,-2.675371,0.000000,0.000000
800.320000,2.884626,0.786007,-2.675371,0.000000,0.000000
800.420000,2.884626,0.786007,-2.675371,0.000000,0.000000
800.520000,2.884626,0.786007,-2.675371,0.000000,0.000000
800.620000,2.884626,0.786007,-2.675371,0.000000,0.000000
800.720000,2.884626,0.786007,-2.675371,0.000000,0.000000
800.820000,2.884626,0.786007,-2.675371,0.000000,0.000000
800.920000,2.884626,0.786007,-2.675371,0.000000,0.000000
801.020000,2.884626,0.786007,-2.675371,0.000000,0.000000
801.120000,2.884626,0.786007,-2.675371,0.000000,0.000000
801.220000,2.884626,0.786007,-2.675371,0.000000,0.000000
801.320000,2.884626,0.786007,-2.675371,0.000000,0.000000
801.420000,2.884626,0.786007,-2.675371,0.000000,0.000000
801.520000,2.884626,0.786007,-2.675371,0.000000,0.000000
801.620000,2.884626,0.786007,-2.675371,0.000000,0.000000
801.720000,2.884626,0.786007,-2.675371,0.000000,0.000000
801.820000,2.884626,0.786007,-2.675371,0.000000,0.000000
801.920000,2.884626,0.786007,-2.675371,0.000000,0.000000
802.020000,2.884626,0.786007,-2.675371,0.000000,0.000000
802.120000,2.884626,0.786007,-2.675371,0.000000,0.000000
802.220000,2.884626,0.786007,-2.675371,0.000000,0.000000
802.320000,2.884626,0.786007,-2.675371,0.000000,0.000000
802.420000,2.884626,0.786007,-2.675371,0.000000,0.000000
802.520000,2.884626,0.786007,-2.675371,0.000000,0.000000
802.620000,2.884626,0.786007,-2.675371,0.000000,0.000000
802.720000,2.884626,0.786007,-2.675371,0.000000,0.000000
802.820000,2.884626,0.786007,-2.675371,0.000000,0.000000
802.920000,2.884626,0.786007,-2.675371,0.000000,0.000000
803.020000,2.884626,0.786007,-2.675371,0.000000,0.000000
803.120000,2.884626,0.786007,-2.675371,0.000000,0.000000
803.220000,2.884626,0.786007,-2.675371,0.000000,0.000000
803.320000,2.884626,0.786007,-2.675371,0.000000,0.000000
803.420000,2.884626,0.786007,-2.675371,0.000000,0.000000
803.520000,2.884626,0.786007,-2.675371,0.000000,0.000000
803.620000,2.884626,0.786007,-2.675371,0.000000,0.000000
803.720000,2.884626,0.786007,-2.675371,0.000000,0.000000
803.820000,2.884626,0.786007,-2.675371,0.000000,0.000000
803.920000,2.884626,0.786007,-2.675371,0.000000,0.000000
804.020000,2.884626,0.786007,-2.675371,0.000000,0.000000
804.120000,2.884626,0.786007,-2.675371,0.000000,0.000000
804.220000,2.884626,0.786007,-2.675371,0.000000,0.000000
804.320000,2.884626,0.786007,-2.675371,0.000000,0.000000
804.420000,2.884626,0.786007,-2.675371,0.000000,0.000000
804.520000,2.884626,0.786007,-2.675371,0.000000,0.000000
804.620000,2.884626,0.786007,-2.675371,0.000000,0.000000
804.720000,2.884626,0.786007,-2.675371,0.000000,0.000000
804.820000,2.884626,0.786007,-2.675371,0.000000,0.000000
804.920000,2.884626,0.786007,-2.675371,0.000000,0.000000
805.020000,2.884626,0.786007,-2.675371,0.000000,0.000000
805.120000,2.884626,0.786007,-2.675371,0.000000,0.000000
805.220000,2.884626,0.786007,-2.675371,0.000000,0.000000
805.320000,2.884626,0.786007,-2.675371,0.000000,0.000000
805.420000,2.884626,0.786007,-2.675371,0.000000,0.000000
805.520000,2.884626,0.786007,-2.675371,0.000000,0.000000
805.620000,2.884626,0.786007,-2.675371,0.000000,0.000000
805.720000,2.884626,0.786007,-2.675371,0.000000,0.000000
805.820000,2.884626,0.786007,-2.675371,0.000000,0.000000
805.920000,2.884626,0.786007,-2.675371,0.000000,0.000000
806.020000,2.884626,0.786007,-2.675371,0.000000,0.000000
806.120000,2.884626,0.786007,-2.675371,0.000000,0.000000
806.220000,2.884626,0.786007,-2.675371,0.000000,0.000000
806.320000,2.884626,0.786007,-2.675371,0.000000,0.000000
806.420000,2.884626,0.786007,-2.675371,0.000000,0.000000
806.520000,2.884626,0.786007,-2.675371,0.000000,0.000000
806.620000,2.884626,0.786007,-2.675371,0.000000,0.000000
806.720000,2.884626,0.786007,-2.675371,0.000000,0.000000
806.820000,2.884626,0.786007,-2.675371,0.000000,0.000000
806.920000,2.884626,0.786007,-2.675371,0.000000,0.000000
807.020000,2.884626,0.786007,-2.675371,0.000000,0.000000
807.120000,2.884626,0.786007,-2.675371,0.000000,0.000000
807.220000,2.884626,0.786007,-2.675371,0.000000,0.000000
807.320000,2.884626,0.786007,-2.675371,0.000000,0.000000
807.420000,2.884626,0.786007,-2.675371,0.000000,0.000000
807.520000,2.884626,0.786007,-2.675371,0.000000,0.000000
807.620000,2.884626,0.786007,-2.675371,0.000000,0.000000
807.720000,2.884626,0.786007,-2.675371,0.000000,0.000000
807.820000,2.884626,0.786007,-2.675371,0.000000,0.000000
807.920000,2.884626,0.786007,-2.675371,0.000000,0.000000
808.020000,2.884626,0.786007,-2.675371,0.000000,0.000000
808.120000,2.884626,0.786007,-2.675371,0.000000,0.000000
808.220000,2.884626,0.786007,-2.675371,0.000000,0.000000
808.320000,2.884626,0.786007,-2.675371,0.000000,0.000000
808.420000,2.884626,0.786007,-2.675371,0.000000,0.000000
808.520000,2.884626,0.786007,-2.675371,0.000000,0.000000
808.620000,2.884626,0.786007,-2.675371,0.000000,0.000000
808.720000,2.884626,0.786007,-2.675371,0.000000,0.000000
808.820000,2.884626,0.786007,-2.675371,0.000000,0.000000
808.920000,2.884626,0.786007,-2.675371,0.000000,0.000000
809.020000,2.884626,0.786007,-2.675371,0.000000,0.000000
809.120000,2.884626,0.786007,-2.675371,0.000000,0.000000
809.220000,2.884626,0.786007,-2.675371,0.000000,0.000000
809.320000,2.884626,0.786007,-2.675371,0.000000,0.000000
809.420000,2.884626,0.786007,-2.675371,0.000000,0.000000
809.520000,2.884626,0.786007,-2.675371,0.000000,0.000000
809.620000,2.884626,0.786007,-2.675371,0.000000,0.000000
809.720000,2.884626,0.786007,-2.675371,0.000000,0.000000
809.820000,2.884626,0.786007,-2.675371,0.000000,0.000000
809.920000,2.884626,0.786007,-2.675371,0.000000,0.000000
810.020000,2.884626,0.786007,-2.675371,0.000000,0.000000
810.120000,2.884626,0.786007,-2.675371,0.000000,0.000000
810.220000,2.884626,0.786007,-2.675371,0.000000,0.000000
810.320000,2.884626,0.786007,-2.675371,0.000000,0.000000
810.420000,2.884626,0.786007,-2.675371,0.000000,0.000000
810.520000,2.884626,0.786007,-2.675371,0.000000,0.000000
810.620000,2.884626,0.786007,-2.675371,0.000000,0.000000
810.720000,2.884626,0.786007,-2.675371,0.000000,0.000000
810.820000,2.884626,0.786007,-2.675371,0.000000,0.000000
810.920000,2.884626,0.786007,-2.675371,0.000000,0.000000
811.020000,2.884626,0.786007,-2.675371,0.000000,0.000000
811.120000,2.884626,0.786007,-2.675371,0.000000,0.000000
811.220000,2.884626,0.786007,-2.675371,0.000000,0.000000
811.320000,2.884626,0.786007,-2.675371,0.000000,0.000000
811.420000,2.884626,0.786007,-2.675371,0.000000,0.000000
811.520000,2.884626,0.786007,-2.675371,0.000000,0.000000
811.620000,2.884626,0.786007,-2.675371,0.000000,0.000000
811.720000,2.884626,0.786007,-2.675371,0.000000,0.000000
811.820000,2.884626,0.786007,-2.675371,0.000000,0.000000
811.920000,2.884626,0.786007,-2.675371,0.000000,0.000000
812.020000,2.884626,0.786007,-2.675371,0.000000,0.000000
812.120000,2.884626,0.786007,-2.675371,0.000000,0.000000
812.220000,2.884626,0.786007,-2.675371,0.000000,0.000000
812.320000,2.884626,0.786007,-2.675371,0.000000,0.000000
812.420000,2.884626,0.786007,-2.675371,0.000000,0.000000
812.520000,2.884626,0.786007,-2.675371,0.000000,0.000000
812.620000,2.884626,0.786007,-2.675371,0.000000,0.000000
812.720000,2.884626,0.786007,-2.675371,0.000000,0.000000
812.820000,2.884626,0.786007,-2.675371,0.000000,0.000000
812.920000,2.884626,0.786007,-2.675371,0.000000,0.000000
813.020000,2.884626,0.786007,-2.675371,0.000000,0.000000
813.120000,2.884626,0.786007,-2.675371,0.000000,0.000000
813.220000,2.884626,0.786007,-2.675371,0.000000,0.000000
813.320000,2.884626,0.786007,-2.675371,0.000000,0.000000
813.420000,2.884626,0.786007,-2.675371,0.000000,0.000000
813.520000,2.884626,0.786007,-2.675371,0.000000,0.000000
813.620000,2.884626,0.786007,-2.675371,0.000000,0.000000
813.720000,2.884626,0.786007,-2.675371,0.000000,0.000000
813.820000,2.884626,0.786007,-2.675371,0.000000,0.000000
813.920000,2.884626,0.786007,-2.675371,0.000000,0.000000
814.020000,2.884626,0.786007,-2.675371,0.000000,0.000000
814.120000,2.884626,0.786007,-2.675371,0.000000,0.000000
814.220000,2.884626,0.786007,-2.675371,0.000000,0.000000
814.320000,2.884626,0.786007,-2.675371,0.000000,0.000000
814.420000,2.884626,0.786007,-2.675371,0.000000,0.000000
814.520000,2.884626,0.786007,-2.675371,0.000000,0.000000
814.620000,2.884626,0.786007,-2.675371,0.000000,0.000000
814.720000,2.884626,0.786007,-2.675371,0.000000,0.000000
814.820000,2.884626,0.786007,-2.675371,0.000000,0.000000
814.920000,2.884626,0.786007,-2.675371,0.000000,0.000000
815.020000,2.884626,0.786007,-2.675371,0.000000,0.000000
815.120000,2.884626,0.786007,-2.675371,0.000000,0.000000
815.220000,2.884626,0.786007,-2.675371,0.000000,0.000000
815.320000,2.884626,0.786007,-2.675371,0.000000,0.000000
815.420000,2.884626,0.786007,-2.675371,0.000000,0.000000
815.520000,2.884626,0.786007,-2.675371,0.000000,0.000000
815.620000,2.884626,0.786007,-2.675371,0.000000,0.000000
815.720000,2.884626,0.786007,-2.675371,0.000000,0.000000
815.820000,2.884626,0.786007,-2.675371,0.000000,0.000000
815.920000,2.884626,0.786007,-2.675371,0.000000,0.000000
816.020000,2.884626,0.786007,-2.675371,0.000000,0.000000
816.120000,2.884626,0.786007,-2.675371,0.000000,0.000000
816.220000,2.884626,0.786007,-2.675371,0.000000,0.000000
816.320000,2.884626,0.786007,-2.675371,0.000000,0.000000
816.420000,2.884626,0.786007,-2.675371,0.000000,0.000000
816.520000,2.884626,0.786007,-2.675371,0.000000,0.000000
816.620000,2.884626,0.786007,-2.675371,0.000000,0.000000
816.720000,2.884626,0.786007,-2.675371,0.000000,0.000000
816.820000,2.884626,0.786007,-2.675371,0.000000,0.000000
816.920000,2.884626,0.786007,-2.675371,0.000000,0.000000
817.020000,2.884626,0.786007,-2.675371,0.000000,0.000000
817.120000,2.884626,0.786007,-2.675371,0.000000,0.000000
817.220000,2.884626,0.786007,-2.675371,0.000000,0.000000
817.320000,2.884626,0.786007,-2.675371,0.000000,0.000000
817.420000,2.884626,0.786007,-2.675371,0.000000,0.000000
817.520000,2.884626,0.786007,-2.675371,0.000000,0.000000
817.620000,2.884626,0.786007,-2.675371,0.000000,0.000000
817.720000,2.884626,0.786007,-2.675371,0.000000,0.000000
817.820000,2.884626,0.786007,-2.675371,0.000000,0.000000
817.920000,2.884626,0.786007,-2.675371,0.000000,0.000000
818.020000,2.884626,0.786007,-2.675371,0.000000,0.000000
818.120000,2.884626,0.786007,-2.675371,0.000000,0.000000
818.220000,2.884626,0.786007,-2.675371,0.000000,0.000000
818.320000,2.884626,0.786007,-2.675371,0.000000,0.000000
818.420000,2.884626,0.786007,-2.675371,0.000000,0.000000
818.520000,2.884626,0.786007,-2.675371,0.000000,0.000000
818.620000,2.884626,0.786007,-2.675371,0.000000,0.000000
818.720000,2.884626,0.786007,-2.675371,0.000000,0.000000
818.820000,2.884626,0.786007,-2.675371,0.000000,0.000000
818.920000,2.884626,0.786007,-2.675371,0.000000,0.000000
819.020000,2.884626,0.786007,-2.675371,0.000000,0.000000
819.120000,2.884626,0.786007,-2.675371,0.000000,0.000000
819.220000,2.884626,0.786007,-2.675371,0.000000,0.000000
819.320000,2.884626,0.786007,-2.675371,0.000000,0.000000
819.420000,2.884626,0.786007,-2.675371,0.000000,0.000000
819.520000,2.884626,0.786007,-2.675371,0.000000,0.000000
819.620000,2.884626,0.786007,-2.675371,0.000000,0.000000
819.720000,2.884626,0.786007,-2.675371,0.000000,0.000000
819.820000,2.884626,0.786007,-2.675371,0.000000,0.000000
819.920000,2.884626,0.786007,-2.675371,0.000000,0.000000
820.020000,2.884626,0.786007,-2.675371,0.000000,0.000000
820.120000,2.884626,0.786007,-2.675371,0.000000,0.000000
820.220000,2.884626,0.786007,-2.675371,0.000000,0.000000
820.320000,2.884626,0.786007,-2.675371,0.000000,0.000000
820.420000,2.884626,0.786007,-2.675371,0.000000,0.000000
820.520000,2.884626,0.786007,-2.675371,0.000000,0.000000
820.620000,2.884626,0.786007,-2.675371,0.000000,0.000000
820.720000,2.884626,0.786007,-2.675371,0.000000,0.000000
820.820000,2.884626,0.786007,-2.675371,0.000000,0.000000
820.920000,2.884626,0.786007,-2.675371,0.000000,0.000000
821.020000,2.884626,0.786007,-2.675371,0.000000,0.000000
821.120000,2.884626,0.786007,-2.675371,0.000000,0.000000
821.220000,2.884626,0.786007,-2.675371,0.000000,0.000000
821.320000,2.884626,0.786007,-2.675371,0.000000,0.000000
821.420000,2.884626,0.786007,-2.675371,0.000000,0.000000
821.520000,2.884626,0.786007,-2.675371,0.000000,0.000000
821.620000,2.884626,0.786007,-2.675371,0.000000,0.000000
821.720000,2.884626,0.786007,-2.675371,0.000000,0.000000
821.820000,2.884626,0.786007,-2.675371,0.000000,0.000000
821.920000,2.884626,0.786007,-2.675371,0.000000,0.000000
822.020000,2.884626,0.786007,-2.675371,0.000000,0.000000
822.120000,2.884626,0.786007,-2.675371,0.000000,0.000000
822.220000,2.884626,0.786007,-2.675371,0.000000,0.000000
822.320000,2.884626,0.786007,-2.675371,0.000000,0.000000
822.420000,2.884626,0.786007,-2.675371,0.000000,0.000000
822.520000,2.884626,0.786007,-2.675371,0.000000,0.000000
822.620000,2.884626,0.786007,-2.675371,0.000000,0.000000
822.720000,2.884626,0.786007,-2.675371,0.000000,0.000000
822.820000,2.884626,0.786007,-2.675371,0.000000,0.000000
822.920000,2.884626,0.786007,-2.675371,0.000000,0.000000
823.020000,2.884626,0.786007,-2.675371,0.000000,0.000000
823.120000,2.884626,0.786007,-2.675371,0.000000,0.000000
823.220000,2.884626,0.786007,-2.675371,0.000000,0.000000
823.320000,2.884626,0.786007,-2.675371,0.000000,0.000000
823.420000,2.884626,0.786007,-2.675371,0.000000,0.000000
823.520000,2.884626,0.786007,-2.675371,0.000000,0.000000
823.620000,2.884626,0.786007,-2.675371,0.000000,0.000000
823.720000,2.884626,0.786007,-2.675371,0.000000,0.000000
823.820000,2.884626,0.786007,-2.675371,0.000000,0.000000
823.920000,2.884626,0.786007,-2.675371,0.000000,0.000000
824.020000,2.884626,0.786007,-2.675371,0.000000,0.000000
824.120000,2.884626,0.786007,-2.675371,0.000000,0.000000
824.220000,2.884626,0.786007,-2.675371,0.000000,0.000000
824.320000,2.884626,0.786007,-2.675371,0.000000,0.000000
824.420000,2.884626,0.786007,-2.675371,0.000000,0.000000
824.520000,2.884626,0.786007,-2.675371,0.000000,0.000000
824.620000,2.884626,0.786007,-2.675371,0.000000,0.000000
824.720000,2.884626,0.786007,-2.675371,0.000000,0.000000
824.820000,2.884626,0.786007,-2.675371,0.000000,0.000000
824.920000,2.884626,0.786007,-2.675371,0.000000,0.000000
825.020000,2.884626,0.786007,-2.675371,0.000000,0.000000
825.120000,2.884626,0.786007,-2.675371,0.000000,0.000000
825.220000,2.884626,0.786007,-2.675371,0.000000,0.000000
825.320000,2.884626,0.786007,-2.675371,0.000000,0.000000
825.420000,2.884626,0.786007,-2.675371,0.000000,0.000000
825.520000,2.884626,0.786007,-2.675371,0.000000,0.000000
825.620000,2.884626,0.786007,-2.675371,0.000000,0.000000
825.720000,2.884626,0.786007,-2.675371,0.000000,0.000000
825.820000,2.884626,0.786007,-2.675371,0.000000,0.000000
825.920000,2.884626,0.786007,-2.675371,0.000000,0.000000
826.020000,2.884626,0.786007,-2.675371,0.000000,0.000000
826.120000,2.884626,0.786007,-2.675371,0.000000,0.000000
826.220000,2.884626,0.786007,-2.675371,0.000000,0.000000
826.320000,2.884626,0.786007,-2.675371,0.000000,0.000000
826.420000,2.884626,0.786007,-2.675371,0.000000,0.000000
826.520000,2.884626,0.786007,-2.675371,0.000000,0.000000
826.620000,2.884626,0.786007,-2.675371,0.000000,0.000000
826.720000,2.884626,0.786007,-2.675371,0.000000,0.000000
826.820000,2.884626,0.786007,-2.675371,0.000000,0.000000
826.920000,2.884626,0.786007,-2.675371,0.000000,0.000000
827.020000,2.884626,0.786007,-2.675371,0.000000,0.000000
827.120000,2.884626,0.786007,-2.675371,0.000000,0.000000
827.220000,2.884626,0.786007,-2.675371,0.000000,0.000000
827.320000,2.884626,0.786007,-2.675371,0.000000,0.000000
827.420000,2.884626,0.786007,-2.675371,0.000000,0.000000
827.520000,2.884626,0.786007,-2.675371,0.000000,0.000000
827.620000,2.884626,0.786007,-2.675371,0.000000,0.000000
827.720000,2.884626,0.786007,-2.675371,0.000000,0.000000
827.820000,2.884626,0.786007,-2.675371,0.000000,0.000000
827.920000,2.884626,0.786007,-2.675371,0.000000,0.000000
828.020000,2.884626,0.786007,-2.675371,0.000000,0.000000
828.120000,2.884626,0.786007,-2.675371,0.000000,0.000000
828.220000,2.884626,0.786007,-2.675371,0.000000,0.000000
828.320000,2.884626,0.786007,-2.675371,0.000000,0.000000
828.420000,2.884626,0.786007,-2.675371,0.000000,0.000000
828.520000,2.884626,0.786007,-2.675371,0.000000,0.000000
828.620000,2.884626,0.786007,-2.675371,0.000000,0.000000
828.720000,2.884626,0.786007,-2.675371,0.000000,0.000000
828.820000,2.884626,0.786007,-2.675371,0.000000,0.000000
828.920000,2.884626,0.786007,-2.675371,0.000000,0.000000
829.020000,2.884626,0.786007,-2.675371,0.000000,0.000000
829.120000,2.884626,0.786007,-2.675371,0.000000,0.000000
829.220000,2.884626,0.786007,-2.675371,0.000000,0.000000
829.320000,2.884626,0.786007,-2.675371,0.000000,0.000000
829.420000,2.884626,0.786007,-2.675371,0.000000,0.000000
829.520000,2.884626,0.786007,-2.675371,0.000000,0.000000
829.620000,2.884626,0.786007,-2.675371,0.000000,0.000000
829.720000,2.884626,0.786007,-2.675371,0.000000,0.000000
829.820000,2.884626,0.786007,-2.675371,0.000000,0.000000
829.920000,2.884626,0.786007,-2.675371,0.000000,0.000000
830.020000,2.884626,0.786007,-2.675371,0.000000,0.000000
830.120000,2.884626,0.786007,-2.675371,0.000000,0.000000
830.220000,2.884626,0.786007,-2.675371,0.000000,0.000000
830.320000,2.884626,0.786007,-2.675371,0.000000,0.000000
830.420000,2.884626,0.786007,-2.675371,0.000000,0.000000
830.520000,2.884626,0.786007,-2.675371,0.000000,0.000000
830.620000,2.884626,0.786007,-2.675371,0.000000,0.000000
830.720000,2.884626,0.786007,-2.675371,0.000000,0.000000
830.820000,2.884626,0.786007,-2.675371,0.000000,0.000000
830.920000,2.884626,0.786007,-2.675371,0.000000,0.000000
831.020000,2.884626,0.786007,-2.675371,0.000000,0.000000
831.120000,2.884626,0.786007,-2.675371,0.000000,0.000000
831.220000,2.884626,0.786007,-2.675371,0.000000,0.000000
831.320000,2.884626,0.786007,-2.675371,0.000000,0.000000
831.420000,2.884626,0.786007,-2.675371,0.000000,0.000000
831.520000,2.884626,0.786007,-2.675371,0.000000,0.000000
831.620000,2.884626,0.786007,-2.675371,0.000000,0.000000
831.720000,2.884626,0.786007,-2.675371,0.000000,0.000000
831.820000,2.884626,0.786007,-2.675371,0.000000,0.000000
831.920000,2.884626,0.786007,-2.675371,0.000000,0.000000
832.020000,2.884626,0.786007,-2.675371,0.000000,0.000000
832.120000,2.884626,0.786007,-2.675371,0.000000,0.000000
832.220000,2.884626,0.786007,-2.675371,0.000000,0.000000
832.320000,2.884626,0.786007,-2.675371,0.000000,0.000000
832.420000,2.884626,0.786007,-2.675371,0.000000,0.000000
832.520000,2.884626,0.786007,-2.675371,0.000000,0.000000
832.620000,2.884626,0.786007,-2.675371,0.000000,0.000000
832.720000,2.884626,0.786007,-2.675371,0.000000,0.000000
832.820000,2.884626,0.786007,-2.675371,0.000000,0.000000
832.920000,2.884626,0.786007,-2.675371,0.000000,0.000000
833.020000,2.884626,0.786007,-2.675371,0.000000,0.000000
833.120000,2.884626,0.786007,-2.675371,0.000000,0.000000
833.220000,2.884626,0.786007,-2.675371,0.000000,0.000000
833.320000,2.884626,0.786007,-2.675371,0.000000,0.000000
833.420000,2.884626,0.786007,-2.675371,0.000000,0.000000
833.520000,2.884626,0.786007,-2.675371,0.000000,0.000000
833.620000,2.884626,0.786007,-2.675371,0.000000,0.000000
833.720000,2.884626,0.786007,-2.675371,0.000000,0.000000
833.820000,2.884626,0.786007,-2.675371,0.000000,0.000000
833.920000,2.884626,0.786007,-2.675371,0.000000,0.000000
834.020000,2.884626,0.786007,-2.675371,0.000000,0.000000
834.120000,2.884626,0.786007,-2.675371,0.000000,0.000000
834.220000,2.884626,0.786007,-2.675371,0.000000,0.000000
834.320000,2.884626,0.786007,-2.675371,0.000000,0.000000
834.420000,2.884626,0.786007,-2.675371,0.000000,0.000000
834.520000,2.884626,0.786007,-2.675371,0.000000,0.000000
834.620000,2.884626,0.786007,-2.675371,0.000000,0.000000
834.720000,2.884626,0.786007,-2.675371,0.000000,0.000000
834.820000,2.884626,0.786007,-2.675371,0.000000,0.000000
834.920000,2.884626,0.786007,-2.675371,0.000000,0.000000
835.020000,2.884626,0.786007,-2.675371,0.000000,0.000000
835.120000,2.884626,0.786007,-2.675371,0.000000,0.000000
835.220000,2.884626,0.786007,-2.675371,0.000000,0.000000
835.320000,2.884626,0.786007,-2.675371,0.000000,0.000000
835.420000,2.884626,0.786007,-2.675371,0.000000,0.000000
835.520000,2.884626,0.786007,-2.675371,0.000000,0.000000
835.620000,2.884626,0.786007,-2.675371,0.000000,0.000000
835.720000,2.884626,0.786007,-2.675371,0.000000,0.000000
835.820000,2.884626,0.786007,-2.675371,0.000000,0.000000
835.920000,2.884626,0.786007,-2.675371,0.000000,0.000000
836.020000,2.884626,0.786007,-2.675371,0.000000,0.000000
836.120000,2.884626,0.786007,-2.675371,0.000000,0.000000
836.220000,2.884626,0.786007,-2.675371,0.000000,0.000000
836.320000,2.884626,0.786007,-2.675371,0.000000,0.000000
836.420000,2.884626,0.786007,-2.675371,0.000000,0.000000
836.520000,2.884626,0.786007,-2.675371,0.000000,0.000000
836.620000,2.884626,0.786007,-2.675371,0.000000,0.000000
836.720000,2.884626,0.786007,-2.675371,0.000000,0.000000
836.820000,2.884626,0.786007,-2.675371,0.000000,0.000000
836.920000,2.884626,0.786007,-2.675371,0.000000,0.000000
837.020000,2.884626,0.786007,-2.675371,0.000000,0.000000
837.120000,2.884626,0.786007,-2.675371,0.000000,0.000000
837.220000,2.884626,0.786007,-2.675371,0.000000,0.000000
837.320000,2.884626,0.786007,-2.675371,0.000000,0.000000
837.420000,2.884626,0.786007,-2.675371,0.000000,0.000000
837.520000,2.884626,0.786007,-2.675371,0.000000,0.000000
837.620000,2.884626,0.786007,-2.675371,0.000000,0.000000
837.720000,2.884626,0.786007,-2.675371,0.000000,0.000000
837.820000,2.884626,0.786007,-2.675371,0.000000,0.000000
837.920000,2.884626,0.786007,-2.675371,0.000000,0.000000
838.020000,2.884626,0.786007,-2.675371,0.000000,0.000000
838.120000,2.884626,0.786007,-2.675371,0.000000,0.000000
838.220000,2.884626,0.786007,-2.675371,0.000000,0.000000
838.320000,2.884626,0.786007,-2.675371,0.000000,0.000000
838.420000,2.884626,0.786007,-2.675371,0.000000,0.000000
838.520000,2.884626,0.786007,-2.675371,0.000000,0.000000
838.620000,2.884626,0.786007,-2.675371,0.000000,0.000000
838.720000,2.884626,0.786007,-2.675371,0.000000,0.000000
838.820000,2.884626,0.786007,-2.675371,0.000000,0.000000
838.920000,2.884626,0.786007,-2.675371,0.000000,0.000000
839.020000,2.884626,0.786007,-2.675371,0.000000,0.000000
839.120000,2.884626,0.786007,-2.675371,0.000000,0.000000
839.220000,2.884626,0.786007,-2.675371,0.000000,0.000000
839.320000,2.884626,0.786007,-2.675371,0.000000,0.000000
839.420000,2.884626,0.786007,-2.675371,0.000000,0.000000
839.520000,2.884626,0.786007,-2.675371,0.000000,0.000000
839.620000,2.884626,0.786007,-2.675371,0.000000,0.000000
839.720000,2.884626,0.786007,-2.675371,0.000000,0.000000
839.820000,2.884626,0.786007,-2.675371,0.000000,0.000000
839.920000,2.884626,0.786007,-2.675371,0.000000,0.000000
840.020000,2.884626,0.786007,-2.675371,0.000000,0.000000
840.120000,2.884626,0.786007,-2.675371,0.000000,0.000000
840.220000,2.884626,0.786007,-2.675371,0.000000,0.000000
840.320000,2.884626,0.786007,-2.675371,0.000000,0.000000
840.420000,2.884626,0.786007,-2.675371,0.000000,0.000000
840.520000,2.884626,0.786007,-2.675371,0.000000,0.000000
840.620000,2.884626,0.786007,-2.675371,0.000000,0.000000
840.720000,2.884626,0.786007,-2.675371,0.000000,0.000000
840.820000,2.884626,0.786007,-2.675371,0.000000,0.000000
840.920000,2.884626,0.786007,-2.675371,0.000000,0.000000
841.020000,2.884626,0.786007,-2.675371,0.000000,0.000000
841.120000,2.884626,0.786007,-2.675371,0.000000,0.000000
841.220000,2.884626,0.786007,-2.675371,0.000000,0.000000
841.320000,2.884626,0.786007,-2.675371,0.000000,0.000000
841.420000,2.884626,0.786007,-2.675371,0.000000,0.000000
841.520000,2.884626,0.786007,-2.675371,0.000000,0.000000
841.620000,2.884626,0.786007,-2.675371,0.000000,0.000000
841.720000,2.884626,0.786007,-2.675371,0.000000,0.000000
841.820000,2.884626,0.786007,-2.675371,0.000000,0.000000
841.920000,2.884626,0.786007,-2.675371,0.000000,0.000000
842.020000,2.884626,0.786007,-2.675371,0.000000,0.000000
842.120000,2.884626,0.786007,-2.675371,0.000000,0.000000
842.220000,2.884626,0.786007,-2.675371,0.000000,0.000000
842.320000,2.884626,0.786007,-2.675371,0.000000,0.000000
842.420000,2.884626,0.786007,-2.675371,0.000000,0.000000
842.520000,2.884626,0.786007,-2.675371,0.000000,0.000000
842.620000,2.884626,0.786007,-2.675371,0.000000,0.000000
842.720000,2.884626,0.786007,-2.675371,0.000000,0.000000
842.820000,2.884626,0.786007,-2.675371,0.000000,0.000000
842.920000,2.884626,0.786007,-2.675371,0.000000,0.000000
843.020000,2.884626,0.786007,-2.675371,0.000000,0.000000
843.120000,2.884626,0.786007,-2.675371,0.000000,0.000000
843.220000,2.884626,0.786007,-2.675371,0.000000,0.000000
843.320000,2.884626,0.786007,-2.675371,0.000000,0.000000
843.420000,2.884626,0.786007,-2.675371,0.000000,0.000000
843.520000,2.884626,0.786007,-2.675371,0.000000,0.000000
843.620000,2.884626,0.786007,-2.675371,0.000000,0.000000
843.720000,2.884626,0.786007,-2.675371,0.000000,0.000000
843.820000,2.884626,0.786007,-2.675371,0.000000,0.000000
843.920000,2.884626,0.786007,-2.675371,0.000000,0.000000
844.020000,2.884626,0.786007,-2.675371,0.000000,0.000000
844.120000,2.884626,0.786007,-2.675371,0.000000,0.000000
844.220000,2.884626,0.786007,-2.675371,0.000000,0.000000
844.320000,2.884626,0.786007,-2.675371,0.000000,0.000000
844.420000,2.884626,0.786007,-2.675371,0.000000,0.000000
844.520000,2.884626,0.786007,-2.675371,0.000000,0.000000
844.620000,2.884626,0.786007,-2.675371,0.000000,0.000000
844.720000,2.884626,0.786007,-2.675371,0.000000,0.000000
844.820000,2.884626,0.786007,-2.675371,0.000000,0.000000
844.920000,2.884626,0.786007,-2.675371,0.000000,0.000000
845.020000,2.884626,0.786007,-2.675371,0.000000,0.000000
845.120000,2.884626,0.786007,-2.675371,0.000000,0.000000
845.220000,2.884626,0.786007,-2.675371,0.000000,0.000000
845.320000,2.884626,0.786007,-2.675371,0.000000,0.000000
845.420000,2.884626,0.786007,-2.675371,0.000000,0.000000
845.520000,2.884626,0.786007,-2.675371,0.000000,0.000000
845.620000,2.884626,0.786007,-2.675371,0.000000,0.000000
845.720000,2.884626,0.786007,-2.675371,0.000000,0.000000
845.820000,2.884626,0.786007,-2.675371,0.000000,0.000000
845.920000,2.884626,0.786007,-2.675371,0.000000,0.000000
846.020000,2.884626,0.786007,-2.675371,0.000000,0.000000
846.120000,2.884626,0.786007,-2.675371,0.000000,0.000000
846.220000,2.884626,0.786007,-2.675371,0.000000,0.000000
846.320000,2.884626,0.786007,-2.675371,0.000000,0.000000
846.420000,2.884626,0.786007,-2.675371,0.000000,0.000000
846.520000,2.884626,0.786007,-2.675371,0.000000,0.000000
846.620000,2.884626,0.786007,-2.675371,0.000000,0.000000
846.720000,2.884626,0.786007,-2.675371,0.000000,0.000000
846.820000,2.884626,0.786007,-2.675371,0.000000,0.000000
846.920000,2.884626,0.786007,-2.675371,0.000000,0.000000
847.020000,2.884626,0.786007,-2.675371,0.000000,0.000000
847.120000,2.884626,0.786007,-2.675371,0.000000,0.000000
847.220000,2.884626,0.786007,-2.675371,0.000000,0.000000
847.320000,2.884626,0.786007,-2.675371,0.000000,0.000000
847.420000,2.884626,0.786007,-2.675371,0.000000,0.000000
847.520000,2.884626,0.786007,-2.675371,0.000000,0.000000
847.620000,2.884626,0.786007,-2.675371,0.000000,0.000000
847.720000,2.884626,0.786007,-2.675371,0.000000,0.000000
847.820000,2.884626,0.786007,-2.675371,0.000000,0.000000
847.920000,2.884626,0.786007,-2.675371,0.000000,0.000000
848.020000,2.884626,0.786007,-2.675371,0.000000,0.000000
848.120000,2.884626,0.786007,-2.675371,0.000000,0.000000
848.220000,2.884626,0.786007,-2.675371,0.000000,0.000000
848.320000,2.884626,0.786007,-2.675371,0.000000,0.000000
848.420000,2.884626,0.786007,-2.675371,0.000000,0.000000
848.520000,2.884626,0.786007,-2.675371,0.000000,0.000000
848.620000,2.884626,0.786007,-2.675371,0.000000,0.000000
848.720000,2.884626,0.786007,-2.675371,0.000000,0.000000
848.820000,2.884626,0.786007,-2.675371,0.000000,0.000000
848.920000,2.884626,0.786007,-2.675371,0.000000,0.000000
849.020000,2.884626,0.786007,-2.675371,0.000000,0.000000
849.120000,2.884626,0.786007,-2.675371,0.000000,0.000000
849.220000,2.884626,0.786007,-2.675371,0.000000,0.000000
849.320000,2.884626,0.786007,-2.675371,0.000000,0.000000
849.420000,2.884626,0.786007,-2.675371,0.000000,0.000000
849.520000,2.884626,0.786007,-2.675371,0.000000,0.000000
849.620000,2.884626,0.786007,-2.675371,0.000000,0.000000
849.720000,2.884626,0.786007,-2.675371,0.000000,0.000000
849.820000,2.884626,0.786007,-2.675371,0.000000,0.000000
849.920000,2.884626,0.786007,-2.675371,0.000000,0.000000
850.020000,2.884626,0.786007,-2.675371,0.000000,0.000000
850.120000,2.884626,0.786007,-2.675371,0.000000,0.000000
850.220000,2.884626,0.786007,-2.675371,0.000000,0.000000
850.320000,2.884626,0.786007,-2.675371,0.000000,0.000000
850.420000,2.884626,0.786007,-2.675371,0.000000,0.000000
850.520000,2.884626,0.786007,-2.675371,0.000000,0.000000
850.620000,2.884626,0.786007,-2.675371,0.000000,0.000000
850.720000,2.884626,0.786007,-2.675371,0.000000,0.000000
850.820000,2.884626,0.786007,-2.675371,0.000000,0.000000
850.920000,2.884626,0.786007,-2.675371,0.000000,0.000000
851.020000,2.884626,0.786007,-2.675371,0.000000,0.000000
851.120000,2.884626,0.786007,-2.675371,0.000000,0.000000
851.220000,2.884626,0.786007,-2.675371,0.000000,0.000000
851.320000,2.884626,0.786007,-2.675371,0.000000,0.000000
851.420000,2.884626,0.786007,-2.675371,0.000000,0.000000
851.520000,2.884626,0.786007,-2.675371,0.000000,0.000000
851.620000,2.884626,0.786007,-2.675371,0.000000,0.000000
851.720000,2.884626,0.786007,-2.675371,0.000000,0.000000
851.820000,2.884626,0.786007,-2.675371,0.000000,0.000000
851.920000,2.884626,0.786007,-2.675371,0.000000,0.000000
852.020000,2.884626,0.786007,-2.675371,0.000000,0.000000
852.120000,2.884626,0.786007,-2.675371,0.000000,0.000000
852.220000,2.884626,0.786007,-2.675371,0.000000,0.000000
852.320000,2.884626,0.786007,-2.675371,0.000000,0.000000
852.420000,2.884626,0.786007,-2.675371,0.000000,0.000000
852.520000,2.884626,0.786007,-2.675371,0.000000,0.000000
852.620000,2.884626,0.786007,-2.675371,0.000000,0.000000
852.720000,2.884626,0.786007,-2.675371,0.000000,0.000000
852.820000,2.884626,0.786007,-2.675371,0.000000,0.000000
852.920000,2.884626,0.786007,-2.675371,0.000000,0.000000
853.020000,2.884626,0.786007,-2.675371,0.000000,0.000000
853.120000,2.884626,0.786007,-2.675371,0.000000,0.000000
853.220000,2.884626,0.786007,-2.675371,0.000000,0.000000
853.320000,2.884626,0.786007,-2.675371,0.000000,0.000000
853.420000,2.884626,0.786007,-2.675371,0.000000,0.000000
853.520000,2.884626,0.786007,-2.675371,0.000000,0.000000
853.620000,2.884626,0.786007,-2.675371,0.000000,0.000000
853.720000,2.884626,0.786007,-2.675371,0.000000,0.000000
853.820000,2.884626,0.786007,-2.675371,0.000000,0.000000
853.920000,2.884626,0.786007,-2.675371,0.000000,0.000000
854.020000,2.884626,0.786007,-2.675371,0.000000,0.000000
854.120000,2.884626,0.786007,-2.675371,0.000000,0.000000
854.220000,2.884626,0.786007,-2.675371,0.000000,0.000000
854.320000,2.884626,0.786007,-2.675371,0.000000,0.000000
854.420000,2.884626,0.786007,-2.675371,0.000000,0.000000
854.520000,2.884626,0.786007,-2.675371,0.000000,0.000000
854.620000,2.884626,0.786007,-2.675371,0.000000,0.000000
854.720000,2.884626,0.786007,-2.675371,0.000000,0.000000
854.820000,2.884626,0.786007,-2.675371,0.000000,0.000000
854.920000,2.884626,0.786007,-2.675371,0.000000,0.000000
855.020000,2.884626,0.786007,-2.675371,0.000000,0.000000
855.120000,2.884626,0.786007,-2.675371,0.000000,0.000000
855.220000,2.884626,0.786007,-2.675371,0.000000,0.000000
855.320000,2.884626,0.786007,-2.675371,0.000000,0.000000
855.420000,2.884626,0.786007,-2.675371,0.000000,0.000000
855.520000,2.884626,0.786007,-2.675371,0.000000,0.000000
855.620000,2.884626,0.786007,-2.675371,0.000000,0.000000
855.720000,2.884626,0.786007,-2.675371,0.000000,0.000000
855.820000,2.884626,0.786007,-2.675371,0.000000,0.000000
855.920000,2.884626,0.786007,-2.675371,0.000000,0.000000
856.020000,2.884626,0.786007,-2.675371,0.000000,0.000000
856.120000,2.884626,0.786007,-2.675371,0.000000,0.000000
856.220000,2.884626,0.786007,-2.675371,0.000000,0.000000
856.320000,2.884626,0.786007,-2.675371,0.000000,0.000000
856.420000,2.884626,0.786007,-2.675371,0.000000,0.000000
856.520000,2.884626,0.786007,-2.675371,0.000000,0.000000
856.620000,2.884626,0.786007,-2.675371,0.000000,0.000000
856.720000,2.884626,0.786007,-2.675371,0.000000,0.000000
856.820000,2.884626,0.786007,-2.675371,0.000000,0.000000
856.920000,2.884626,0.786007,-2.675371,0.000000,0.000000
857.020000,2.884626,0.786007,-2.675371,0.000000,0.000000
857.120000,2.884626,0.786007,-2.675371,0.000000,0.000000
857.220000,2.884626,0.786007,-2.675371,0.000000,0.000000
857.320000,2.884626,0.786007,-2.675371,0.000000,0.000000
857.420000,2.884626,0.786007,-2.675371,0.000000,0.000000
857.520000,2.884626,0.786007,-2.675371,0.000000,0.000000
857.620000,2.884626,0.786007,-2.675371,0.000000,0.000000
857.720000,2.884626,0.786007,-2.675371,0.000000,0.000000
857.820000,2.884626,0.786007,-2.675371,0.000000,0.000000
857.920000,2.884626,0.786007,-2.675371,0.000000,0.000000
858.020000,2.884626,0.786007,-2.675371,0.000000,0.000000
858.120000,2.884626,0.786007,-2.675371,0.000000,0.000000
858.220000,2.884626,0.786007,-2.675371,0.000000,0.000000
858.320000,2.884626,0.786007,-2.675371,0.000000,0.000000
858.420000,2.884626,0.786007,-2.675371,0.000000,0.000000
858.520000,2.884626,0.786007,-2.675371,0.000000,0.000000
858.620000,2.884626,0.786007,-2.675371,0.000000,0.000000
858.720000,2.884626,0.786007,-2.675371,0.000000,0.000000
858.820000,2.884626,0.786007,-2.675371,0.000000,0.000000
858.920000,2.884626,0.786007,-2.675371,0.000000,0.000000
859.020000,2.884626,0.786007,-2.675371,0.000000,0.000000
859.120000,2.884626,0.786007,-2.675371,0.000000,0.000000
859.220000,2.884626,0.786007,-2.675371,0.000000,0.000000
859.320000,2.884626,0.786007,-2.675371,0.000000,0.000000
859.420000,2.884626,0.786007,-2.675371,0.000000,0.000000
859.520000,2.884626,0.786007,-2.675371,0.000000,0.000000
859.620000,2.884626,0.786007,-2.675371,0.000000,0.000000
859.720000,2.884626,0.786007,-2.675371,0.000000,0.000000
859.820000,2.884626,0.786007,-2.675371,0.000000,0.000000
859.920000,2.884626,0.786007,-2.675371,0.000000,0.000000
860.020000,2.884626,0.786007,-2.675371,0.000000,0.000000
860.120000,2.884626,0.786007,-2.675371,0.000000,0.000000
860.220000,2.884626,0.786007,-2.675371,0.000000,0.000000
860.320000,2.884626,0.786007,-2.675371,0.000000,0.000000
860.420000,2.884626,0.786007,-2.675371,0.000000,0.000000
860.520000,2.884626,0.786007,-2.675371,0.000000,0.000000
860.620000,2.884626,0.786007,-2.675371,0.000000,0.000000
860.720000,2.884626,0.786007,-2.675371,0.000000,0.000000
860.820000,2.884626,0.786007,-2.675371,0.000000,0.000000
860.920000,2.884626,0.786007,-2.675371,0.000000,0.000000
861.020000,2.884626,0.786007,-2.675371,0.000000,0.000000
861.120000,2.884626,0.786007,-2.675371,0.000000,0.000000
861.220000,2.884626,0.786007,-2.675371,0.000000,0.000000
861.320000,2.884626,0.786007,-2.675371,0.000000,0.000000
861.420000,2.884626,0.786007,-2.675371,0.000000,0.000000
861.520000,2.884626,0.786007,-2.675371,0.000000,0.000000
861.620000,2.884626,0.786007,-2.675371,0.000000,0.000000
861.720000,2.884626,0.786007,-2.675371,0.000000,0.000000
861.820000,2.884626,0.786007,-2.675371,0.000000,0.000000
861.920000,2.884626,0.786007,-2.675371,0.000000,0.000000
862.020000,2.884626,0.786007,-2.675371,0.000000,0.000000
862.120000,2.884626,0.786007,-2.675371,0.000000,0.000000
862.220000,2.884626,0.786007,-2.675371,0.000000,0.000000
862.320000,2.884626,0.786007,-2.675371,0.000000,0.000000
862.420000,2.884626,0.786007,-2.675371,0.000000,0.000000
862.520000,2.884626,0.786007,-2.675371,0.000000,0.000000
862.620000,2.884626,0.786007,-2.675371,0.000000,0.000000
862.720000,2.884626,0.786007,-2.675371,0.000000,0.000000
862.820000,2.884626,0.786007,-2.675371,0.000000,0.000000
862.920000,2.884626,0.786007,-2.675371,0.000000,0.000000
863.020000,2.884626,0.786007,-2.675371,0.000000,0.000000
863.120000,2.884626,0.786007,-2.675371,0.000000,0.000000
863.220000,2.884626,0.786007,-2.675371,0.000000,0.000000
863.320000,2.884626,0.786007,-2.675371,0.000000,0.000000
863.420000,2.884626,0.786007,-2.675371,0.000000,0.000000
863.520000,2.884626,0.786007,-2.675371,0.000000,0.000000
863.620000,2.884626,0.786007,-2.675371,0.000000,0.000000
863.720000,2.884626,0.786007,-2.675371,0.000000,0.000000
863.820000,2.884626,0.786007,-2.675371,0.000000,0.000000
863.920000,2.884626,0.786007,-2.675371,0.000000,0.000000
864.020000,2.884626,0.786007,-2.675371,0.000000,0.000000
864.120000,2.884626,0.786007,-2.675371,0.000000,0.000000
864.220000,2.884626,0.786007,-2.675371,0.000000,0.000000
864.320000,2.884626,0.786007,-2.675371,0.000000,0.000000
864.420000,2.884626,0.786007,-2.675371,0.000000,0.000000
864.520000,2.884626,0.786007,-2.675371,0.000000,0.000000
864.620000,2.884626,0.786007,-2.675371,0.000000,0.000000
864.720000,2.884626,0.786007,-2.675371,0.000000,0.000000
864.820000,2.884626,0.786007,-2.675371,0.000000,0.000000
864.920000,2.884626,0.786007,-2.675371,0.000000,0.000000
865.020000,2.884626,0.786007,-2.675371,0.000000,0.000000
865.120000,2.884626,0.786007,-2.675371,0.000000,0.000000
865.220000,2.884626,0.786007,-2.675371,0.000000,0.000000
865.320000,2.884626,0.786007,-2.675371,0.000000,0.000000
865.420000,2.884626,0.786007,-2.675371,0.000000,0.000000
865.520000,2.884626,0.786007,-2.675371,0.000000,0.000000
865.620000,2.884626,0.786007,-2.675371,0.000000,0.000000
865.720000,2.884626,0.786007,-2.675371,0.000000,0.000000
865.820000,2.884626,0.786007,-2.675371,0.000000,0.000000
865.920000,2.884626,0.786007,-2.675371,0.000000,0.000000
866.020000,2.884626,0.786007,-2.675371,0.000000,0.000000
866.120000,2.884626,0.786007,-2.675371,0.000000,0.000000
866.220000,2.884626,0.786007,-2.675371,0.000000,0.000000
866.320000,2.884626,0.786007,-2.675371,0.000000,0.000000
866.420000,2.884626,0.786007,-2.675371,0.000000,0.000000
866.520000,2.884626,0.786007,-2.675371,0.000000,0.000000
866.620000,2.884626,0.786007,-2.675371,0.000000,0.000000
866.720000,2.884626,0.786007,-2.675371,0.000000,0.000000
866.820000,2.884626,0.786007,-2.675371,0.000000,0.000000
866.920000,2.884626,0.786007,-2.675371,0.000000,0.000000
867.020000,2.884626,0.786007,-2.675371,0.000000,0.000000
867.120000,2.884626,0.786007,-2.675371,0.000000,0.000000
867.220000,2.884626,0.786007,-2.675371,0.000000,0.000000
867.320000,2.884626,0.786007,-2.675371,0.000000,0.000000
867.420000,2.884626,0.786007,-2.675371,0.000000,0.000000
867.520000,2.884626,0.786007,-2.675371,0.000000,0.000000
867.620000,2.884626,0.786007,-2.675371,0.000000,0.000000
867.720000,2.884626,0.786007,-2.675371,0.000000,0.000000
867.820000,2.884626,0.786007,-2.675371,0.000000,0.000000
867.920000,2.884626,0.786007,-2.675371,0.000000,0.000000
868.020000,2.884626,0.786007,-2.675371,0.000000,0.000000
868.120000,2.884626,0.786007,-2.675371,0.000000,0.000000
868.220000,2.884626,0.786007,-2.675371,0.000000,0.000000
868.320000,2.884626,0.786007,-2.675371,0.000000,0.000000
868.420000,2.884626,0.786007,-2.675371,0.000000,0.000000
868.520000,2.884626,0.786007,-2.675371,0.000000,0.000000
868.620000,2.884626,0.786007,-2.675371,0.000000,0.000000
868.720000,2.884626,0.786007,-2.675371,0.000000,0.000000
868.820000,2.884626,0.786007,-2.675371,0.000000,0.000000
868.920000,2.884626,0.786007,-2.675371,0.000000,0.000000
869.020000,2.884626,0.786007,-2.675371,0.000000,0.000000
869.120000,2.884626,0.786007,-2.675371,0.000000,0.000000
869.220000,2.884626,0.786007,-2.675371,0.000000,0.000000
869.320000,2.884626,0.786007,-2.675371,0.000000,0.000000
869.420000,2.884626,0.786007,-2.675371,0.000000,0.000000
869.520000,2.884626,0.786007,-2.675371,0.000000,0.000000
869.620000,2.884626,0.786007,-2.675371,0.000000,0.000000
869.720000,2.884626,0.786007,-2.675371,0.000000,0.000000
869.820000,2.884626,0.786007,-2.675371,0.000000,0.000000
869.920000,2.884626,0.786007,-2.675371,0.000000,0.000000
870.020000,2.884626,0.786007,-2.675371,0.000000,0.000000
870.120000,2.884626,0.786007,-2.675371,0.000000,0.000000
870.220000,2.884626,0.786007,-2.675371,0.000000,0.000000
870.320000,2.884626,0.786007,-2.675371,0.000000,0.000000
870.420000,2.884626,0.786007,-2.675371,0.000000,0.000000
870.520000,2.884626,0.786007,-2.675371,0.000000,0.000000
870.620000,2.884626,0.786007,-2.675371,0.000000,0.000000
870.720000,2.884626,0.786007,-2.675371,0.000000,0.000000
870.820000,2.884626,0.786007,-2.675371,0.000000,0.000000
870.920000,2.884626,0.786007,-2.675371,0.000000,0.000000
871.020000,2.884626,0.786007,-2.675371,0.000000,0.000000
871.120000,2.884626,0.786007,-2.675371,0.000000,0.000000
871.220000,2.884626,0.786007,-2.675371,0.000000,0.000000
871.320000,2.884626,0.786007,-2.675371,0.000000,0.000000
871.420000,2.884626,0.786007,-2.675371,0.000000,0.000000
871.520000,2.884626,0.786007,-2.675371,0.000000,0.000000
871.620000,2.884626,0.786007,-2.675371,0.000000,0.000000
871.720000,2.884626,0.786007,-2.675371,0.000000,0.000000
871.820000,2.884626,0.786007,-2.675371,0.000000,0.000000
871.920000,2.884626,0.786007,-2.675371,0.000000,0.000000
872.020000,2.884626,0.786007,-2.675371,0.000000,0.000000
872.120000,2.884626,0.786007,-2.675371,0.000000,0.000000
872.220000,2.884626,0.786007,-2.675371,0.000000,0.000000
872.320000,2.884626,0.786007,-2.675371,0.000000,0.000000
872.420000,2.884626,0.786007,-2.675371,0.000000,0.000000
872.520000,2.884626,0.786007,-2.675371,0.000000,0.000000
872.620000,2.884626,0.786007,-2.675371,0.000000,0.000000
872.720000,2.884626,0.786007,-2.675371,0.000000,0.000000
872.820000,2.884626,0.786007,-2.675371,0.000000,0.000000
872.920000,2.884626,0.786007,-2.675371,0.000000,0.000000
873.020000,2.884626,0.786007,-2.675371,0.000000,0.000000
873.120000,2.884626,0.786007,-2.675371,0.000000,0.000000
873.220000,2.884626,0.786007,-2.675371,0.000000,0.000000
873.320000,2.884626,0.786007,-2.675371,0.000000,0.000000
873.420000,2.884626,0.786007,-2.675371,0.000000,0.000000
873.520000,2.884626,0.786007,-2.675371,0.000000,0.000000
873.620000,2.884626,0.786007,-2.675371,0.000000,0.000000
873.720000,2.884626,0.786007,-2.675371,0.000000,0.000000
873.820000,2.884626,0.786007,-2.675371,0.000000,0.000000
873.920000,2.884626,0.786007,-2.675371,0.000000,0.000000
874.020000,2.884626,0.786007,-2.675371,0.000000,0.000000
874.120000,2.884626,0.786007,-2.675371,0.000000,0.000000
874.220000,2.884626,0.786007,-2.675371,0.000000,0.000000
874.320000,2.884626,0.786007,-2.675371,0.000000,0.000000
874.420000,2.884626,0.786007,-2.675371,0.000000,0.000000
874.520000,2.884626,0.786007,-2.675371,0.000000,0.000000
874.620000,2.884626,0.786007,-2.675371,0.000000,0.000000
874.720000,2.884626,0.786007,-2.675371,0.000000,0.000000
874.820000,2.884626,0.786007,-2.675371,0.000000,0.000000
874.920000,2.884626,0.786007,-2.675371,0.000000,0.000000
875.020000,2.884626,0.786007,-2.675371,0.000000,0.000000
875.120000,2.884626,0.786007,-2.675371,0.000000,0.000000
875.220000,2.884626,0.786007,-2.675371,0.000000,0.000000
875.320000,2.884626,0.786007,-2.675371,0.000000,0.000000
875.420000,2.884626,0.786007,-2.675371,0.000000,0.000000
875.520000,2.884626,0.786007,-2.675371,0.000000,0.000000
875.620000,2.884626,0.786007,-2.675371,0.000000,0.000000
875.720000,2.884626,0.786007,-2.675371,0.000000,0.000000
875.820000,2.884626,0.786007,-2.675371,0.000000,0.000000
875.920000,2.884626,0.786007,-2.675371,0.000000,0.000000
876.020000,2.884626,0.786007,-2.675371,0.000000,0.000000
876.120000,2.884626,0.786007,-2.675371,0.000000,0.000000
876.220000,2.884626,0.786007,-2.675371,0.000000,0.000000
876.320000,2.884626,0.786007,-2.675371,0.000000,0.000000
876.420000,2.884626,0.786007,-2.675371,0.000000,0.000000
876.520000,2.884626,0.786007,-2.675371,0.000000,0.000000
876.620000,2.884626,0.786007,-2.675371,0.000000,0.000000
876.720000,2.884626,0.786007,-2.675371,0.000000,0.000000
876.820000,2.884626,0.786007,-2.675371,0.000000,0.000000
876.920000,2.884626,0.786007,-2.675371,0.000000,0.000000
877.020000,2.884626,0.786007,-2.675371,0.000000,0.000000
877.120000,2.884626,0.786007,-2.675371,0.000000,0.000000
877.220000,2.884626,0.786007,-2.675371,0.000000,0.000000
877.320000,2.884626,0.786007,-2.675371,0.000000,0.000000
877.420000,2.884626,0.786007,-2.675371,0.000000,0.000000
877.520000,2.884626,0.786007,-2.675371,0.000000,0.000000
877.620000,2.884626,0.786007,-2.675371,0.000000,0.000000
877.720000,2.884626,0.786007,-2.675371,0.000000,0.000000
877.820000,2.884626,0.786007,-2.675371,0.000000,0.000000
877.920000,2.884626,0.786007,-2.675371,0.000000,0.000000
878.020000,2.884626,0.786007,-2.675371,0.000000,0.000000
878.120000,2.884626,0.786007,-2.675371,0.000000,0.000000
878.220000,2.884626,0.786007,-2.675371,0.000000,0.000000
878.320000,2.884626,0.786007,-2.675371,0.000000,0.000000
878.420000,2.884626,0.786007,-2.675371,0.000000,0.000000
878.520000,2.884626,0.786007,-2.675371,0.000000,0.000000
878.620000,2.884626,0.786007,-2.675371,0.000000,0.000000
878.720000,2.884626,0.786007,-2.675371,0.000000,0.000000
878.820000,2.884626,0.786007,-2.675371,0.000000,0.000000
878.920000,2.884626,0.786007,-2.675371,0.000000,0.000000
879.020000,2.884626,0.786007,-2.675371,0.000000,0.000000
879.120000,2.884626,0.786007,-2.675371,0.000000,0.000000
879.220000,2.884626,0.786007,-2.675371,0.000000,0.000000
879.320000,2.884626,0.786007,-2.675371,0.000000,0.000000
879.420000,2.884626,0.786007,-2.675371,0.000000,0.000000
879.520000,2.884626,0.786007,-2.675371,0.000000,0.000000
879.620000,2.884626,0.786007,-2.675371,0.000000,0.000000
879.720000,2.884626,0.786007,-2.675371,0.000000,0.000000
879.820000,2.884626,0.786007,-2.675371,0.000000,0.000000
879.920000,2.884626,0.786007,-2.675371,0.000000,0.000000
880.020000,2.884626,0.786007,-2.675371,0.000000,0.000000
880.120000,2.884626,0.786007,-2.675371,0.000000,0.000000
880.220000,2.884626,0.786007,-2.675371,0.000000,0.000000
880.320000,2.884626,0.786007,-2.675371,0.000000,0.000000
880.420000,2.884626,0.786007,-2.675371,0.000000,0.000000
880.520000,2.884626,0.786007,-2.675371,0.000000,0.000000
880.620000,2.884626,0.786007,-2.675371,0.000000,0.000000
880.720000,2.884626,0.786007,-2.675371,0.000000,0.000000
880.820000,2.884626,0.786007,-2.675371,0.000000,0.000000
880.920000,2.884626,0.786007,-2.675371,0.000000,0.000000
881.020000,2.884626,0.786007,-2.675371,0.000000,0.000000
881.120000,2.884626,0.786007,-2.675371,0.000000,0.000000
881.220000,2.884626,0.786007,-2.675371,0.000000,0.000000
881.320000,2.884626,0.786007,-2.675371,0.000000,0.000000
881.420000,2.884626,0.786007,-2.675371,0.000000,0.000000
881.520000,2.884626,0.786007,-2.675371,0.000000,0.000000
881.620000,2.884626,0.786007,-2.675371,0.000000,0.000000
881.720000,2.884626,0.786007,-2.675371,0.000000,0.000000
881.820000,2.884626,0.786007,-2.675371,0.000000,0.000000
881.920000,2.884626,0.786007,-2.675371,0.000000,0.000000
882.020000,2.884626,0.786007,-2.675371,0.000000,0.000000
882.120000,2.884626,0.786007,-2.675371,0.000000,0.000000
882.220000,2.884626,0.786007,-2.675371,0.000000,0.000000
882.320000,2.884626,0.786007,-2.675371,0.000000,0.000000
882.420000,2.884626,0.786007,-2.675371,0.000000,0.000000
882.520000,2.884626,0.786007,-2.675371,0.000000,0.000000
882.620000,2.884626,0.786007,-2.675371,0.000000,0.000000
882.720000,2.884626,0.786007,-2.675371,0.000000,0.000000
882.820000,2.884626,0.786007,-2.675371,0.000000,0.000000
882.920000,2.884626,0.786007,-2.675371,0.000000,0.000000
883.020000,2.884626,0.786007,-2.675371,0.000000,0.000000
883.120000,2.884626,0.786007,-2.675371,0.000000,0.000000
883.220000,2.884626,0.786007,-2.675371,0.000000,0.000000
883.320000,2.884626,0.786007,-2.675371,0.000000,0.000000
883.420000,2.884626,0.786007,-2.675371,0.000000,0.000000
883.520000,2.884626,0.786007,-2.675371,0.000000,0.000000
883.620000,2.884626,0.786007,-2.675371,0.000000,0.000000
883.720000,2.884626,0.786007,-2.675371,0.000000,0.000000
883.820000,2.884626,0.786007,-2.675371,0.000000,0.000000
883.920000,2.884626,0.786007,-2.675371,0.000000,0.000000
884.020000,2.884626,0.786007,-2.675371,0.000000,0.000000
884.120000,2.884626,0.786007,-2.675371,0.000000,0.000000
884.220000,2.884626,0.786007,-2.675371,0.000000,0.000000
884.320000,2.884626,0.786007,-2.675371,0.000000,0.000000
884.420000,2.884626,0.786007,-2.675371,0.000000,0.000000
884.520000,2.884626,0.786007,-2.675371,0.000000,0.000000
884.620000,2.884626,0.786007,-2.675371,0.000000,0.000000
884.720000,2.884626,0.786007,-2.675371,0.000000,0.000000
884.820000,2.884626,0.786007,-2.675371,0.000000,0.000000
884.920000,2.884626,0.786007,-2.675371,0.000000,0.000000
885.020000,2.884626,0.786007,-2.675371,0.000000,0.000000
885.120000,2.884626,0.786007,-2.675371,0.000000,0.000000
885.220000,2.884626,0.786007,-2.675371,0.000000,0.000000
885.320000,2.884626,0.786007,-2.675371,0.000000,0.000000
885.420000,2.884626,0.786007,-2.675371,0.000000,0.000000
885.520000,2.884626,0.786007,-2.675371,0.000000,0.000000
885.620000,2.884626,0.786007,-2.675371,0.000000,0.000000
885.720000,2.884626,0.786007,-2.675371,0.000000,0.000000
885.820000,2.884626,0.786007,-2.675371,0.000000,0.000000
885.920000,2.884626,0.786007,-2.675371,0.000000,0.000000
886.020000,2.884626,0.786007,-2.675371,0.000000,0.000000
886.120000,2.884626,0.786007,-2.675371,0.000000,0.000000
886.220000,2.884626,0.786007,-2.675371,0.000000,0.000000
886.320000,2.884626,0.786007,-2.675371,0.000000,0.000000
886.420000,2.884626,0.786007,-2.675371,0.000000,0.000000
886.520000,2.884626,0.786007,-2.675371,0.000000,0.000000
886.620000,2.884626,0.786007,-2.675371,0.000000,0.000000
886.720000,2.884626,0.786007,-2.675371,0.000000,0.000000
886.820000,2.884626,0.786007,-2.675371,0.000000,0.000000
886.920000,2.884626,0.786007,-2.675371,0.000000,0.000000
887.020000,2.884626,0.786007,-2.675371,0.000000,0.000000
887.120000,2.884626,0.786007,-2.675371,0.000000,0.000000
887.220000,2.884626,0.786007,-2.675371,0.000000,0.000000
887.320000,2.884626,0.786007,-2.675371,0.000000,0.000000
887.420000,2.884626,0.786007,-2.675371,0.000000,0.000000
887.520000,2.884626,0.786007,-2.675371,0.000000,0.000000
887.620000,2.884626,0.786007,-2.675371,0.000000,0.000000
887.720000,2.884626,0.786007,-2.675371,0.000000,0.000000
887.820000,2.884626,0.786007,-2.675371,0.000000,0.000000
887.920000,2.884626,0.786007,-2.675371,0.000000,0.000000
888.020000,2.884626,0.786007,-2.675371,0.000000,0.000000
888.120000,2.884626,0.786007,-2.675371,0.000000,0.000000
888.220000,2.884626,0.786007,-2.675371,0.000000,0.000000
888.320000,2.884626,0.786007,-2.675371,0.000000,0.000000
888.420000,2.884626,0.786007,-2.675371,0.000000,0.000000
888.520000,2.884626,0.786007,-2.675371,0.000000,0.000000
888.620000,2.884626,0.786007,-2.675371,0.000000,0.000000
888.720000,2.884626,0.786007,-2.675371,0.000000,0.000000
888.820000,2.884626,0.786007,-2.675371,0.000000,0.000000
888.920000,2.884626,0.786007,-2.675371,0.000000,0.000000
889.020000,2.884626,0.786007,-2.675371,0.000000,0.000000
889.120000,2.884626,0.786007,-2.675371,0.000000,0.000000
889.220000,2.884626,0.786007,-2.675371,0.000000,0.000000
889.320000,2.884626,0.786007,-2.675371,0.000000,0.000000
889.420000,2.884626,0.786007,-2.675371,0.000000,0.000000
889.520000,2.884626,0.786007,-2.675371,0.000000,0.000000
889.620000,2.884626,0.786007,-2.675371,0.000000,0.000000
889.720000,2.884626,0.786007,-2.675371,0.000000,0.000000
889.820000,2.884626,0.786007,-2.675371,0.000000,0.000000
889.920000,2.884626,0.786007,-2.675371,0.000000,0.000000
890.020000,2.884626,0.786007,-2.675371,0.000000,0.000000
890.120000,2.884626,0.786007,-2.675371,0.000000,0.000000
890.220000,2.884626,0.786007,-2.675371,0.000000,0.000000
890.320000,2.884626,0.786007,-2.675371,0.000000,0.000000
890.420000,2.884626,0.786007,-2.675371,0.000000,0.000000
890.520000,2.884626,0.786007,-2.675371,0.000000,0.000000
890.620000,2.884626,0.786007,-2.675371,0.000000,0.000000
890.720000,2.884626,0.786007,-2.675371,0.000000,0.000000
890.820000,2.884626,0.786007,-2.675371,0.000000,0.000000
890.920000,2.884626,0.786007,-2.675371,0.000000,0.000000
891.020000,2.884626,0.786007,-2.675371,0.000000,0.000000
891.120000,2.884626,0.786007,-2.675371,0.000000,0.000000
891.220000,2.884626,0.786007,-2.675371,0.000000,0.000000
891.320000,2.884626,0.786007,-2.675371,0.000000,0.000000
891.420000,2.884626,0.786007,-2.675371,0.000000,0.000000
891.520000,2.884626,0.786007,-2.675371,0.000000,0.000000
891.620000,2.884626,0.786007,-2.675371,0.000000,0.000000
891.720000,2.884626,0.786007,-2.675371,0.000000,0.000000
891.820000,2.884626,0.786007,-2.675371,0.000000,0.000000
891.920000,2.884626,0.786007,-2.675371,0.000000,0.000000
892.020000,2.884626,0.786007,-2.675371,0.000000,0.000000
892.120000,2.884626,0.786007,-2.675371,0.000000,0.000000
892.220000,2.884626,0.786007,-2.675371,0.000000,0.000000
892.320000,2.884626,0.786007,-2.675371,0.000000,0.000000
892.420000,2.884626,0.786007,-2.675371,0.000000,0.000000
892.520000,2.884626,0.786007,-2.675371,0.000000,0.000000
892.620000,2.884626,0.786007,-2.675371,0.000000,0.000000
892.720000,2.884626,0.786007,-2.675371,0.000000,0.000000
892.820000,2.884626,0.786007,-2.675371,0.000000,0.000000
892.920000,2.884626,0.786007,-2.675371,0.000000,0.000000
893.020000,2.884626,0.786007,-2.675371,0.000000,0.000000
893.120000,2.884626,0.786007,-2.675371,0.000000,0.000000
893.220000,2.884626,0.786007,-2.675371,0.000000,0.000000
893.320000,2.884626,0.786007,-2.675371,0.000000,0.000000
893.420000,2.884626,0.786007,-2.675371,0.000000,0.000000
893.520000,2.884626,0.786007,-2.675371,0.000000,0.000000
893.620000,2.884626,0.786007,-2.675371,0.000000,0.000000
893.720000,2.884626,0.786007,-2.675371,0.000000,0.000000
893.820000,2.884626,0.786007,-2.675371,0.000000,0.000000
893.920000,2.884626,0.786007,-2.675371,0.000000,0.000000
894.020000,2.884626,0.786007,-2.675371,0.000000,0.000000
894.120000,2.884626,0.786007,-2.675371,0.000000,0.000000
894.220000,2.884626,0.786007,-2.675371,0.000000,0.000000
894.320000,2.884626,0.786007,-2.675371,0.000000,0.000000
894.420000,2.884626,0.786007,-2.675371,0.000000,0.000000
894.520000,2.884626,0.786007,-2.675371,0.000000,0.000000
894.620000,2.884626,0.786007,-2.675371,0.000000,0.000000
894.720000,2.884626,0.786007,-2.675371,0.000000,0.000000
894.820000,2.884626,0.786007,-2.675371,0.000000,0.000000
894.920000,2.884626,0.786007,-2.675371,0.000000,0.000000
895.020000,2.884626,0.786007,-2.675371,0.000000,0.000000
895.120000,2.884626,0.786007,-2.675371,0.000000,0.000000
895.220000,2.884626,0.786007,-2.675371,0.000000,0.000000
895.320000,2.884626,0.786007,-2.675371,0.000000,0.000000
895.420000,2.884626,0.786007,-2.675371,0.000000,0.000000
895.520000,2.884626,0.786007,-2.675371,0.000000,0.000000
895.620000,2.884626,0.786007,-2.675371,0.000000,0.000000
895.720000,2.884626,0.786007,-2.675371,0.000000,0.000000
895.820000,2.884626,0.786007,-2.675371,0.000000,0.000000
895.920000,2.884626,0.786007,-2.675371,0.000000,0.000000
896.020000,2.884626,0.786007,-2.675371,0.000000,0.000000
896.120000,2.884626,0.786007,-2.675371,0.000000,0.000000
896.220000,2.884626,0.786007,-2.675371,0.000000,0.000000
896.320000,2.884626,0.786007,-2.675371,0.000000,0.000000
896.420000,2.884626,0.786007,-2.675371,0.000000,0.000000
896.520000,2.884626,0.786007,-2.675371,0.000000,0.000000
896.620000,2.884626,0.786007,-2.675371,0.000000,0.000000
896.720000,2.884626,0.786007,-2.675371,0.000000,0.000000
896.820000,2.884626,0.786007,-2.675371,0.000000,0.000000
896.920000,2.884626,0.786007,-2.675371,0.000000,0.000000
897.020000,2.884626,0.786007,-2.675371,0.000000,0.000000
897.120000,2.884626,0.786007,-2.675371,0.000000,0.000000
897.220000,2.884626,0.786007,-2.675371,0.000000,0.000000
897.320000,2.884626,0.786007,-2.675371,0.000000,0.000000
897.420000,2.884626,0.786007,-2.675371,0.000000,0.000000
897.520000,2.884626,0.786007,-2.675371,0.000000,0.000000
897.620000,2.884626,0.786007,-2.675371,0.000000,0.000000
897.720000,2.884626,0.786007,-2.675371,0.000000,0.000000
897.820000,2.884626,0.786007,-2.675371,0.000000,0.000000
897.920000,2.884626,0.786007,-2.675371,0.000000,0.000000
898.020000,2.884626,0.786007,-2.675371,0.000000,0.000000
898.120000,2.884626,0.786007,-2.675371,0.000000,0.000000
898.220000,2.884626,0.786007,-2.675371,0.000000,0.000000
898.320000,2.884626,0.786007,-2.675371,0.000000,0.000000
898.420000,2.884626,0.786007,-2.675371,0.000000,0.000000
898.520000,2.884626,0.786007,-2.675371,0.000000,0.000000
898.620000,2.884626,0.786007,-2.675371,0.000000,0.000000
898.720000,2.884626,0.786007,-2.675371,0.000000,0.000000
898.820000,2.884626,0.786007,-2.675371,0.000000,0.000000
898.920000,2.884626,0.786007,-2.675371,0.000000,0.000000
899.020000,2.884626,0.786007,-2.675371,0.000000,0.000000
899.120000,2.884626,0.786007,-2.675371,0.000000,0.000000
899.220000,2.884626,0.786007,-2.675371,0.000000,0.000000
899.320000,2.884626,0.786007,-2.675371,0.000000,0.000000
899.420000,2.884626,0.786007,-2.675371,0.000000,0.000000
899.520000,2.884626,0.786007,-2.675371,0.000000,0.000000
899.620000,2.884626,0.786007,-2.675371,0.000000,0.000000
899.720000,2.884626,0.786007,-2.675371,0.000000,0.000000
899.820000,2.884626,0.786007,-2.675371,0.000000,0.000000
899.920000,2.884626,0.786007,-2.675371,0.000000,0.000000
900.020000,2.884626,0.786007,-2.675371,0.000000,0.000000
900.120000,2.884626,0.786007,-2.675371,0.000000,0.000000
900.220000,2.884626,0.786007,-2.675371,0.000000,0.000000
900.320000,2.884626,0.786007,-2.675371,0.000000,0.000000
900.420000,2.884626,0.786007,-2.675371,0.000000,0.000000
900.520000,2.884626,0.786007,-2.675371,0.000000,0.000000
900.620000,2.884626,0.786007,-2.675371,0.000000,0.000000
900.720000,2.884626,0.786007,-2.675371,0.000000,0.000000
900.820000,2.884626,0.786007,-2.675371,0.000000,0.000000
900.920000,2.884626,0.786007,-2.675371,0.000000,0.000000
901.020000,2.884626,0.786007,-2.675371,0.000000,0.000000
901.120000,2.884626,0.786007,-2.675371,0.000000,0.000000
901.220000,2.884626,0.786007,-2.675371,0.000000,0.000000
901.320000,2.884626,0.786007,-2.675371,0.000000,0.000000
901.420000,2.884626,0.786007,-2.675371,0.000000,0.000000
901.520000,2.884626,0.786007,-2.675371,0.000000,0.000000
901.620000,2.884626,0.786007,-2.675371,0.000000,0.000000
901.720000,2.884626,0.786007,-2.675371,0.000000,0.000000
901.820000,2.884626,0.786007,-2.675371,0.000000,0.000000
901.920000,2.884626,0.786007,-2.675371,0.000000,0.000000
902.020000,2.884626,0.786007,-2.675371,0.000000,0.000000
902.120000,2.884626,0.786007,-2.675371,0.000000,0.000000
902.220000,2.884626,0.786007,-2.675371,0.000000,0.000000
902.320000,2.884626,0.786007,-2.675371,0.000000,0.000000
902.420000,2.884626,0.786007,-2.675371,0.000000,0.000000
902.520000,2.884626,0.786007,-2.675371,0.000000,0.000000
902.620000,2.884626,0.786007,-2.675371,0.000000,0.000000
902.720000,2.884626,0.786007,-2.675371,0.000000,0.000000
902.820000,2.884626,0.786007,-2.675371,0.000000,0.000000
902.920000,2.884626,0.786007,-2.675371,0.000000,0.000000
903.020000,2.884626,0.786007,-2.675371,0.000000,0.000000
903.120000,2.884626,0.786007,-2.675371,0.000000,0.000000
903.220000,2.884626,0.786007,-2.675371,0.000000,0.000000
903.320000,2.884626,0.786007,-2.675371,0.000000,0.000000
903.420000,2.884626,0.786007,-2.675371,0.000000,0.000000
903.520000,2.884626,0.786007,-2.675371,0.000000,0.000000
903.620000,2.884626,0.786007,-2.675371,0.000000,0.000000
903.720000,2.884626,0.786007,-2.675371,0.000000,0.000000
903.820000,2.884626,0.786007,-2.675371,0.000000,0.000000
903.920000,2.884626,0.786007,-2.675371,0.000000,0.000000
904.020000,2.884626,0.786007,-2.675371,0.000000,0.000000
904.120000,2.884626,0.786007,-2.675371,0.000000,0.000000
904.220000,2.884626,0.786007,-2.675371,0.000000,0.000000
904.320000,2.884626,0.786007,-2.675371,0.000000,0.000000
904.420000,2.884626,0.786007,-2.675371,0.000000,0.000000
904.520000,2.884626,0.786007,-2.675371,0.000000,0.000000
904.620000,2.884626,0.786007,-2.675371,0.000000,0.000000
904.720000,2.884626,0.786007,-2.675371,0.000000,0.000000
904.820000,2.884626,0.786007,-2.675371,0.000000,0.000000
904.920000,2.884626,0.786007,-2.675371,0.000000,0.000000
905.020000,2.884626,0.786007,-2.675371,0.000000,0.000000
905.120000,2.884626,0.786007,-2.675371,0.000000,0.000000
905.220000,2.884626,0.786007,-2.675371,0.000000,0.000000
905.320000,2.884626,0.786007,-2.675371,0.000000,0.000000
905.420000,2.884626,0.786007,-2.675371,0.000000,0.000000
905.520000,2.884626,0.786007,-2.675371,0.000000,0.000000
905.620000,2.884626,0.786007,-2.675371,0.000000,0.000000
905.720000,2.884626,0.786007,-2.675371,0.000000,0.000000
905.820000,2.884626,0.786007,-2.675371,0.000000,0.000000
905.920000,2.884626,0.786007,-2.675371,0.000000,0.000000
906.020000,2.884626,0.786007,-2.675371,0.000000,0.000000
906.120000,2.884626,0.786007,-2.675371,0.000000,0.000000
906.220000,2.884626,0.786007,-2.675371,0.000000,0.000000
906.320000,2.884626,0.786007,-2.675371,0.000000,0.000000
906.420000,2.884626,0.786007,-2.675371,0.000000,0.000000
906.520000,2.884626,0.786007,-2.675371,0.000000,0.000000
906.620000,2.884626,0.786007,-2.675371,0.000000,0.000000
906.720000,2.884626,0.786007,-2.675371,0.000000,0.000000
906.820000,2.884626,0.786007,-2.675371,0.000000,0.000000
906.920000,2.884626,0.786007,-2.675371,0.000000,0.000000
907.020000,2.884626,0.786007,-2.675371,0.000000,0.000000
907.120000,2.884626,0.786007,-2.675371,0.000000,0.000000
907.220000,2.884626,0.786007,-2.675371,0.000000,0.000000
907.320000,2.884626,0.786007,-2.675371,0.000000,0.000000
907.420000,2.884626,0.786007,-2.675371,0.000000,0.000000
907.520000,2.884626,0.786007,-2.675371,0.000000,0.000000
907.620000,2.884626,0.786007,-2.675371,0.000000,0.000000
907.720000,2.884626,0.786007,-2.675371,0.000000,0.000000
907.820000,2.884626,0.786007,-2.675371,0.000000,0.000000
907.920000,2.884626,0.786007,-2.675371,0.000000,0.000000
908.020000,2.884626,0.786007,-2.675371,0.000000,0.000000
908.120000,2.884626,0.786007,-2.675371,0.000000,0.000000
908.220000,2.884626,0.786007,-2.675371,0.000000,0.000000
908.320000,2.884626,0.786007,-2.675371,0.000000,0.000000
908.420000,2.884626,0.786007,-2.675371,0.000000,0.000000
908.520000,2.884626,0.786007,-2.675371,0.000000,0.000000
908.620000,2.884626,0.786007,-2.675371,0.000000,0.000000
908.720000,2.884626,0.786007,-2.675371,0.000000,0.000000
908.820000,2.884626,0.786007,-2.675371,0.000000,0.000000
908.920000,2.884626,0.786007,-2.675371,0.000000,0.000000
909.020000,2.884626,0.786007,-2.675371,0.000000,0.000000
909.120000,2.884626,0.786007,-2.675371,0.000000,0.000000
909.220000,2.884626,0.786007,-2.675371,0.000000,0.000000
909.320000,2.884626,0.786007,-2.675371,0.000000,0.000000
909.420000,2.884626,0.786007,-2.675371,0.000000,0.000000
909.520000,2.884626,0.786007,-2.675371,0.000000,0.000000
909.620000,2.884626,0.786007,-2.675371,0.000000,0.000000
909.720000,2.884626,0.786007,-2.675371,0.000000,0.000000
909.820000,2.884626,0.786007,-2.675371,0.000000,0.000000
909.920000,2.884626,0.786007,-2.675371,0.000000,0.000000
910.020000,2.884626,0.786007,-2.675371,0.000000,0.000000
910.120000,2.884626,0.786007,-2.675371,0.000000,0.000000
910.220000,2.884626,0.786007,-2.675371,0.000000,0.000000
910.320000,2.884626,0.786007,-2.675371,0.000000,0.000000
910.420000,2.884626,0.786007,-2.675371,0.000000,0.000000
910.520000,2.884626,0.786007,-2.675371,0.000000,0.000000
910.620000,2.884626,0.786007,-2.675371,0.000000,0.000000
910.720000,2.884626,0.786007,-2.675371,0.000000,0.000000
910.820000,2.884626,0.786007,-2.675371,0.000000,0.000000
910.920000,2.884626,0.786007,-2.675371,0.000000,0.000000
911.020000,2.884626,0.786007,-2.675371,0.000000,0.000000
911.120000,2.884626,0.786007,-2.675371,0.000000,0.000000
911.220000,2.884626,0.786007,-2.675371,0.000000,0.000000
911.320000,2.884626,0.786007,-2.675371,0.000000,0.000000
911.420000,2.884626,0.786007,-2.675371,0.000000,0.000000
911.520000,2.884626,0.786007,-2.675371,0.000000,0.000000
911.620000,2.884626,0.786007,-2.675371,0.000000,0.000000
911.720000,2.884626,0.786007,-2.675371,0.000000,0.000000
911.820000,2.884626,0.786007,-2.675371,0.000000,0.000000
911.920000,2.884626,0.786007,-2.675371,0.000000,0.000000
912.020000,2.884626,0.786007,-2.675371,0.000000,0.000000
912.120000,2.884626,0.786007,-2.675371,0.000000,0.000000
912.220000,2.884626,0.786007,-2.675371,0.000000,0.000000
912.320000,2.884626,0.786007,-2.675371,0.000000,0.000000
912.420000,2.884626,0.786007,-2.675371,0.000000,0.000000
912.520000,2.884626,0.786007,-2.675371,0.000000,0.000000
912.620000,2.884626,0.786007,-2.675371,0.000000,0.000000
912.720000,2.884626,0.786007,-2.675371,0.000000,0.000000
912.820000,2.884626,0.786007,-2.675371,0.000000,0.000000
912.920000,2.884626,0.786007,-2.675371,0.000000,0.000000
913.020000,2.884626,0.786007,-2.675371,0.000000,0.000000
913.120000,2.884626,0.786007,-2.675371,0.000000,0.000000
913.220000,2.884626,0.786007,-2.675371,0.000000,0.000000
913.320000,2.884626,0.786007,-2.675371,0.000000,0.000000
913.420000,2.884626,0.786007,-2.675371,0.000000,0.000000
913.520000,2.884626,0.786007,-2.675371,0.000000,0.000000
913.620000,2.884626,0.786007,-2.675371,0.000000,0.000000
913.720000,2.884626,0.786007,-2.675371,0.000000,0.000000
913.820000,2.884626,0.786007,-2.675371,0.000000,0.000000
913.920000,2.884626,0.786007,-2.675371,0.000000,0.000000
914.020000,2.884626,0.786007,-2.675371,0.000000,0.000000
914.120000,2.884626,0.786007,-2.675371,0.000000,0.000000
914.220000,2.884626,0.786007,-2.675371,0.000000,0.000000
914.320000,2.884626,0.786007,-2.675371,0.000000,0.000000
914.420000,2.884626,0.786007,-2.675371,0.000000,0.000000
914.520000,2.884626,0.786007,-2.675371,0.000000,0.000000
914.620000,2.884626,0.786007,-2.675371,0.000000,0.000000
914.720000,2.884626,0.786007,-2.675371,0.000000,0.000000
914.820000,2.884626,0.786007,-2.675371,0.000000,0.000000
914.920000,2.884626,0.786007,-2.675371,0.000000,0.000000
915.020000,2.884626,0.786007,-2.675371,0.000000,0.000000
915.120000,2.884626,0.786007,-2.675371,0.000000,0.000000
915.220000,2.884626,0.786007,-2.675371,0.000000,0.000000
915.320000,2.884626,0.786007,-2.675371,0.000000,0.000000
915.420000,2.884626,0.786007,-2.675371,0.000000,0.000000
915.520000,2.884626,0.786007,-2.675371,0.000000,0.000000
915.620000,2.884626,0.786007,-2.675371,0.000000,0.000000
915.720000,2.884626,0.786007,-2.675371,0.000000,0.000000
915.820000,2.884626,0.786007,-2.675371,0.000000,0.000000
915.920000,2.884626,0.786007,-2.675371,0.000000,0.000000
916.020000,2.884626,0.786007,-2.675371,0.000000,0.000000
916.120000,2.884626,0.786007,-2.675371,0.000000,0.000000
916.220000,2.884626,0.786007,-2.675371,0.000000,0.000000
916.320000,2.884626,0.786007,-2.675371,0.000000,0.000000
916.420000,2.884626,0.786007,-2.675371,0.000000,0.000000
916.520000,2.884626,0.786007,-2.675371,0.000000,0.000000
916.620000,2.884626,0.786007,-2.675371,0.000000,0.000000
916.720000,2.884626,0.786007,-2.675371,0.000000,0.000000
916.820000,2.884626,0.786007,-2.675371,0.000000,0.000000
916.920000,2.884626,0.786007,-2.675371,0.000000,0.000000
917.020000,2.884626,0.786007,-2.675371,0.000000,0.000000
917.120000,2.884626,0.786007,-2.675371,0.000000,0.000000
917.220000,2.884626,0.786007,-2.675371,0.000000,0.000000
917.320000,2.884626,0.786007,-2.675371,0.000000,0.000000
917.420000,2.884626,0.786007,-2.675371,0.000000,0.000000
917.520000,2.884626,0.786007,-2.675371,0.000000,0.000000
917.620000,2.884626,0.786007,-2.675371,0.000000,0.000000
917.720000,2.884626,0.786007,-2.675371,0.000000,0.000000
917.820000,2.884626,0.786007,-2.675371,0.000000,0.000000
917.920000,2.884626,0.786007,-2.675371,0.000000,0.000000
918.020000,2.884626,0.786007,-2.675371,0.000000,0.000000
918.120000,2.884626,0.786007,-2.675371,0.000000,0.000000
918.220000,2.884626,0.786007,-2.675371,0.000000,0.000000
918.320000,2.884626,0.786007,-2.675371,0.000000,0.000000
918.420000,2.884626,0.786007,-2.675371,0.000000,0.000000
918.520000,2.884626,0.786007,-2.675371,0.000000,0.000000
918.620000,2.884626,0.786007,-2.675371,0.000000,0.000000
918.720000,2.884626,0.786007,-2.675371,0.000000,0.000000
918.820000,2.884626,0.786007,-2.675371,0.000000,0.000000
918.920000,2.884626,0.786007,-2.675371,0.000000,0.000000
919.020000,2.884626,0.786007,-2.675371,0.000000,0.000000
919.120000,2.884626,0.786007,-2.675371,0.000000,0.000000
919.220000,2.884626,0.786007,-2.675371,0.000000,0.000000
919.320000,2.884626,0.786007,-2.675371,0.000000,0.000000
919.420000,2.884626,0.786007,-2.675371,0.000000,0.000000
919.520000,2.884626,0.786007,-2.675371,0.000000,0.000000
919.620000,2.884626,0.786007,-2.675371,0.000000,0.000000
919.720000,2.884626,0.786007,-2.675371,0.000000,0.000000
919.820000,2.884626,0.786007,-2.675371,0.000000,0.000000
919.920000,2.884626,0.786007,-2.675371,0.000000,0.000000
920.020000,2.884626,0.786007,-2.675371,0.000000,0.000000
920.120000,2.884626,0.786007,-2.675371,0.000000,0.000000
920.220000,2.884626,0.786007,-2.675371,0.000000,0.000000
920.320000,2.884626,0.786007,-2.675371,0.000000,0.000000
920.420000,2.884626,0.786007,-2.675371,0.000000,0.000000
920.520000,2.884626,0.786007,-2.675371,0.000000,0.000000
920.620000,2.884626,0.786007,-2.675371,0.000000,0.000000
920.720000,2.884626,0.786007,-2.675371,0.000000,0.000000
920.820000,2.884626,0.786007,-2.675371,0.000000,0.000000
920.920000,2.884626,0.786007,-2.675371,0.000000,0.000000
921.020000,2.884626,0.786007,-2.675371,0.000000,0.000000
921.120000,2.884626,0.786007,-2.675371,0.000000,0.000000
921.220000,2.884626,0.786007,-2.675371,0.000000,0.000000
921.320000,2.884626,0.786007,-2.675371,0.000000,0.000000
921.420000,2.884626,0.786007,-2.675371,0.000000,0.000000
921.520000,2.884626,0.786007,-2.675371,0.000000,0.000000
921.620000,2.884626,0.786007,-2.675371,0.000000,0.000000
921.720000,2.884626,0.786007,-2.675371,0.000000,0.000000
921.820000,2.884626,0.786007,-2.675371,0.000000,0.000000
921.920000,2.884626,0.786007,-2.675371,0.000000,0.000000
922.020000,2.884626,0.786007,-2.675371,0.000000,0.000000
922.120000,2.884626,0.786007,-2.675371,0.000000,0.000000
922.220000,2.884626,0.786007,-2.675371,0.000000,0.000000
922.320000,2.884626,0.786007,-2.675371,0.000000,0.000000
922.420000,2.884626,0.786007,-2.675371,0.000000,0.000000
922.520000,2.884626,0.786007,-2.675371,0.000000,0.000000
922.620000,2.884626,0.786007,-2.675371,0.000000,0.000000
922.720000,2.884626,0.786007,-2.675371,0.000000,0.000000
922.820000,2.884626,0.786007,-2.675371,0.000000,0.000000
922.920000,2.884626,0.786007,-2.675371,0.000000,0.000000
923.020000,2.884626,0.786007,-2.675371,0.000000,0.000000
923.120000,2.884626,0.786007,-2.675371,0.000000,0.000000
923.220000,2.884626,0.786007,-2.675371,0.000000,0.000000
923.320000,2.884626,0.786007,-2.675371,0.000000,0.000000
923.420000,2.884626,0.786007,-2.675371,0.000000,0.000000
923.520000,2.884626,0.786007,-2.675371,0.000000,0.000000
923.620000,2.884626,0.786007,-2.675371,0.000000,0.000000
923.720000,2.884626,0.786007,-2.675371,0.000000,0.000000
923.820000,2.884626,0.786007,-2.675371,0.000000,0.000000
923.920000,2.884626,0.786007,-2.675371,0.000000,0.000000
924.020000,2.884626,0.786007,-2.675371,0.000000,0.000000
924.120000,2.884626,0.786007,-2.675371,0.000000,0.000000
924.220000,2.884626,0.786007,-2.675371,0.000000,0.000000
924.320000,2.884626,0.786007,-2.675371,0.000000,0.000000
924.420000,2.884626,0.786007,-2.675371,0.000000,0.000000
924.520000,2.884626,0.786007,-2.675371,0.000000,0.000000
924.620000,2.884626,0.786007,-2.675371,0.000000,0.000000
924.720000,2.884626,0.786007,-2.675371,0.000000,0.000000
924.820000,2.884626,0.786007,-2.675371,0.000000,0.000000
924.920000,2.884626,0.786007,-2.675371,0.000000,0.000000
925.020000,2.884626,0.786007,-2.675371,0.000000,0.000000
925.120000,2.884626,0.786007,-2.675371,0.000000,0.000000
925.220000,2.884626,0.786007,-2.675371,0.000000,0.000000
925.320000,2.884626,0.786007,-2.675371,0.000000,0.000000
925.420000,2.884626,0.786007,-2.675371,0.000000,0.000000
925.520000,2.884626,0.786007,-2.675371,0.000000,0.000000
925.620000,2.884626,0.786007,-2.675371,0.000000,0.000000
925.720000,2.884626,0.786007,-2.675371,0.000000,0.000000
925.820000,2.884626,0.786007,-2.675371,0.000000,0.000000
925.920000,2.884626,0.786007,-2.675371,0.000000,0.000000
926.020000,2.884626,0.786007,-2.675371,0.000000,0.000000
926.120000,2.884626,0.786007,-2.675371,0.000000,0.000000
926.220000,2.884626,0.786007,-2.675371,0.000000,0.000000
926.320000,2.884626,0.786007,-2.675371,0.000000,0.000000
926.420000,2.884626,0.786007,-2.675371,0.000000,0.000000
926.520000,2.884626,0.786007,-2.675371,0.000000,0.000000
926.620000,2.884626,0.786007,-2.675371,0.000000,0.000000
926.720000,2.884626,0.786007,-2.675371,0.000000,0.000000
926.820000,2.884626,0.786007,-2.675371,0.000000,0.000000
926.920000,2.884626,0.786007,-2.675371,0.000000,0.000000
927.020000,2.884626,0.786007,-2.675371,0.000000,0.000000
927.120000,2.884626,0.786007,-2.675371,0.000000,0.000000
927.220000,2.884626,0.786007,-2.675371,0.000000,0.000000
927.320000,2.884626,0.786007,-2.675371,0.000000,0.000000
927.420000,2.884626,0.786007,-2.675371,0.000000,0.000000
927.520000,2.884626,0.786007,-2.675371,0.000000,0.000000
927.620000,2.884626,0.786007,-2.675371,0.000000,0.000000
927.720000,2.884626,0.786007,-2.675371,0.000000,0.000000
927.820000,2.884626,0.786007,-2.675371,0.000000,0.000000
927.920000,2.884626,0.786007,-2.675371,0.000000,0.000000
928.020000,2.884626,0.786007,-2.675371,0.000000,0.000000
928.120000,2.884626,0.786007,-2.675371,0.000000,0.000000
928.220000,2.884626,0.786007,-2.675371,0.000000,0.000000
928.320000,2.884626,0.786007,-2.675371,0.000000,0.000000
928.420000,2.884626,0.786007,-2.675371,0.000000,0.000000
928.520000,2.884626,0.786007,-2.675371,0.000000,0.000000
928.620000,2.884626,0.786007,-2.675371,0.000000,0.000000
928.720000,2.884626,0.786007,-2.675371,0.000000,0.000000
928.820000,2.884626,0.786007,-2.675371,0.000000,0.000000
928.920000,2.884626,0.786007,-2.675371,0.000000,0.000000
929.020000,2.884626,0.786007,-2.675371,0.000000,0.000000
929.120000,2.884626,0.786007,-2.675371,0.000000,0.000000
929.220000,2.884626,0.786007,-2.675371,0.000000,0.000000
929.320000,2.884626,0.786007,-2.675371,0.000000,0.000000
929.420000,2.884626,0.786007,-2.675371,0.000000,0.000000
929.520000,2.884626,0.786007,-2.675371,0.000000,0.000000
929.620000,2.884626,0.786007,-2.675371,0.000000,0.000000
929.720000,2.884626,0.786007,-2.675371,0.000000,0.000000
929.820000,2.884626,0.786007,-2.675371,0.000000,0.000000
929.920000,2.884626,0.786007,-2.675371,0.000000,0.000000
930.020000,2.884626,0.786007,-2.675371,0.000000,0.000000
930.120000,2.884626,0.786007,-2.675371,0.000000,0.000000
930.220000,2.884626,0.786007,-2.675371,0.000000,0.000000
930.320000,2.884626,0.786007,-2.675371,0.000000,0.000000
930.420000,2.884626,0.786007,-2.675371,0.000000,0.000000
930.520000,2.884626,0.786007,-2.675371,0.000000,0.000000
930.620000,2.884626,0.786007,-2.675371,0.000000,0.000000
930.720000,2.884626,0.786007,-2.675371,0.000000,0.000000
930.820000,2.884626,0.786007,-2.675371,0.000000,0.000000
930.920000,2.884626,0.786007,-2.675371,0.000000,0.000000
931.020000,2.884626,0.786007,-2.675371,0.000000,0.000000
931.120000,2.884626,0.786007,-2.675371,0.000000,0.000000
931.220000,2.884626,0.786007,-2.675371,0.000000,0.000000
931.320000,2.884626,0.786007,-2.675371,0.000000,0.000000
931.420000,2.884626,0.786007,-2.675371,0.000000,0.000000
931.520000,2.884626,0.786007,-2.675371,0.000000,0.000000
931.620000,2.884626,0.786007,-2.675371,0.000000,0.000000
931.720000,2.884626,0.786007,-2.675371,0.000000,0.000000
931.820000,2.884626,0.786007,-2.675371,0.000000,0.000000
931.920000,2.884626,0.786007,-2.675371,0.000000,0.000000
932.020000,2.884626,0.786007,-2.675371,0.000000,0.000000
932.120000,2.884626,0.786007,-2.675371,0.000000,0.000000
932.220000,2.884626,0.786007,-2.675371,0.000000,0.000000
932.320000,2.884626,0.786007,-2.675371,0.000000,0.000000
932.420000,2.884626,0.786007,-2.675371,0.000000,0.000000
932.520000,2.884626,0.786007,-2.675371,0.000000,0.000000
932.620000,2.884626,0.786007,-2.675371,0.000000,0.000000
932.720000,2.884626,0.786007,-2.675371,0.000000,0.000000
932.820000,2.884626,0.786007,-2.675371,0.000000,0.000000
932.920000,2.884626,0.786007,-2.675371,0.000000,0.000000
933.020000,2.884626,0.786007,-2.675371,0.000000,0.000000
933.120000,2.884626,0.786007,-2.675371,0.000000,0.000000
933.220000,2.884626,0.786007,-2.675371,0.000000,0.000000
933.320000,2.884626,0.786007,-2.675371,0.000000,0.000000
933.420000,2.884626,0.786007,-2.675371,0.000000,0.000000
933.520000,2.884626,0.786007,-2.675371,0.000000,0.000000
933.620000,2.884626,0.786007,-2.675371,0.000000,0.000000
933.720000,2.884626,0.786007,-2.675371,0.000000,0.000000
933.820000,2.884626,0.786007,-2.675371,0.000000,0.000000
933.920000,2.884626,0.786007,-2.675371,0.000000,0.000000
934.020000,2.884626,0.786007,-2.675371,0.000000,0.000000
934.120000,2.884626,0.786007,-2.675371,0.000000,0.000000
934.220000,2.884626,0.786007,-2.675371,0.000000,0.000000
934.320000,2.884626,0.786007,-2.675371,0.000000,0.000000
934.420000,2.884626,0.786007,-2.675371,0.000000,0.000000
934.520000,2.884626,0.786007,-2.675371,0.000000,0.000000
934.620000,2.884626,0.786007,-2.675371,0.000000,0.000000
934.720000,2.884626,0.786007,-2.675371,0.000000,0.000000
934.820000,2.884626,0.786007,-2.675371,0.000000,0.000000
934.920000,2.884626,0.786007,-2.675371,0.000000,0.000000
935.020000,2.884626,0.786007,-2.675371,0.000000,0.000000
935.120000,2.884626,0.786007,-2.675371,0.000000,0.000000
935.220000,2.884626,0.786007,-2.675371,0.000000,0.000000
935.320000,2.884626,0.786007,-2.675371,0.000000,0.000000
935.420000,2.884626,0.786007,-2.675371,0.000000,0.000000
935.520000,2.884626,0.786007,-2.675371,0.000000,0.000000
935.620000,2.884626,0.786007,-2.675371,0.000000,0.000000
935.720000,2.884626,0.786007,-2.675371,0.000000,0.000000
935.820000,2.884626,0.786007,-2.675371,0.000000,0.000000
935.920000,2.884626,0.786007,-2.675371,0.000000,0.000000
936.020000,2.884626,0.786007,-2.675371,0.000000,0.000000
936.120000,2.884626,0.786007,-2.675371,0.000000,0.000000
936.220000,2.884626,0.786007,-2.675371,0.000000,0.000000
936.320000,2.884626,0.786007,-2.675371,0.000000,0.000000
936.420000,2.884626,0.786007,-2.675371,0.000000,0.000000
936.520000,2.884626,0.786007,-2.675371,0.000000,0.000000
936.620000,2.884626,0.786007,-2.675371,0.000000,0.000000
936.720000,2.884626,0.786007,-2.675371,0.000000,0.000000
936.820000,2.884626,0.786007,-2.675371,0.000000,0.000000
936.920000,2.884626,0.786007,-2.675371,0.000000,0.000000
937.020000,2.884626,0.786007,-2.675371,0.000000,0.000000
937.120000,2.884626,0.786007,-2.675371,0.000000,0.000000
937.220000,2.884626,0.786007,-2.675371,0.000000,0.000000
937.320000,2.884626,0.786007,-2.675371,0.000000,0.000000
937.420000,2.884626,0.786007,-2.675371,0.000000,0.000000
937.520000,2.884626,0.786007,-2.675371,0.000000,0.000000
937.620000,2.884626,0.786007,-2.675371,0.000000,0.000000
937.720000,2.884626,0.786007,-2.675371,0.000000,0.000000
937.820000,2.884626,0.786007,-2.675371,0.000000,0.000000
937.920000,2.884626,0.786007,-2.675371,0.000000,0.000000
938.020000,2.884626,0.786007,-2.675371,0.000000,0.000000
938.120000,2.884626,0.786007,-2.675371,0.000000,0.000000
938.220000,2.884626,0.786007,-2.675371,0.000000,0.000000
938.320000,2.884626,0.786007,-2.675371,0.000000,0.000000
938.420000,2.884626,0.786007,-2.675371,0.000000,0.000000
938.520000,2.884626,0.786007,-2.675371,0.000000,0.000000
938.620000,2.884626,0.786007,-2.675371,0.000000,0.000000
938.720000,2.884626,0.786007,-2.675371,0.000000,0.000000
938.820000,2.884626,0.786007,-2.675371,0.000000,0.000000
938.920000,2.884626,0.786007,-2.675371,0.000000,0.000000
939.020000,2.884626,0.786007,-2.675371,0.000000,0.000000
939.120000,2.884626,0.786007,-2.675371,0.000000,0.000000
939.220000,2.884626,0.786007,-2.675371,0.000000,0.000000
939.320000,2.884626,0.786007,-2.675371,0.000000,0.000000
939.420000,2.884626,0.786007,-2.675371,0.000000,0.000000
939.520000,2.884626,0.786007,-2.675371,0.000000,0.000000
939.620000,2.884626,0.786007,-2.675371,0.000000,0.000000
939.720000,2.884626,0.786007,-2.675371,0.000000,0.000000
939.820000,2.884626,0.786007,-2.675371,0.000000,0.000000
939.920000,2.884626,0.786007,-2.675371,0.000000,0.000000
940.020000,2.884626,0.786007,-2.675371,0.000000,0.000000
940.120000,2.884626,0.786007,-2.675371,0.000000,0.000000
940.220000,2.884626,0.786007,-2.675371,0.000000,0.000000
940.320000,2.884626,0.786007,-2.675371,0.000000,0.000000
940.420000,2.884626,0.786007,-2.675371,0.000000,0.000000
940.520000,2.884626,0.786007,-2.675371,0.000000,0.000000
940.620000,2.884626,0.786007,-2.675371,0.000000,0.000000
940.720000,2.884626,0.786007,-2.675371,0.000000,0.000000
940.820000,2.884626,0.786007,-2.675371,0.000000,0.000000
940.920000,2.884626,0.786007,-2.675371,0.000000,0.000000
941.020000,2.884626,0.786007,-2.675371,0.000000,0.000000
941.120000,2.884626,0.786007,-2.675371,0.000000,0.000000
941.220000,2.884626,0.786007,-2.675371,0.000000,0.000000
941.320000,2.884626,0.786007,-2.675371,0.000000,0.000000
941.420000,2.884626,0.786007,-2.675371,0.000000,0.000000
941.520000,2.884626,0.786007,-2.675371,0.000000,0.000000
941.620000,2.884626,0.786007,-2.675371,0.000000,0.000000
941.720000,2.884626,0.786007,-2.675371,0.000000,0.000000
941.820000,2.884626,0.786007,-2.675371,0.000000,0.000000
941.920000,2.884626,0.786007,-2.675371,0.000000,0.000000
942.020000,2.884626,0.786007,-2.675371,0.000000,0.000000
942.120000,2.884626,0.786007,-2.675371,0.000000,0.000000
942.220000,2.884626,0.786007,-2.675371,0.000000,0.000000
942.320000,2.884626,0.786007,-2.675371,0.000000,0.000000
942.420000,2.884626,0.786007,-2.675371,0.000000,0.000000
942.520000,2.884626,0.786007,-2.675371,0.000000,0.000000
942.620000,2.884626,0.786007,-2.675371,0.000000,0.000000
942.720000,2.884626,0.786007,-2.675371,0.000000,0.000000
942.820000,2.884626,0.786007,-2.675371,0.000000,0.000000
942.920000,2.884626,0.786007,-2.675371,0.000000,0.000000
943.020000,2.884626,0.786007,-2.675371,0.000000,0.000000
943.120000,2.884626,0.786007,-2.675371,0.000000,0.000000
943.220000,2.884626,0.786007,-2.675371,0.000000,0.000000
943.320000,2.884626,0.786007,-2.675371,0.000000,0.000000
943.420000,2.884626,0.786007,-2.675371,0.000000,0.000000
943.520000,2.884626,0.786007,-2.675371,0.000000,0.000000
943.620000,2.884626,0.786007,-2.675371,0.000000,0.000000
943.720000,2.884626,0.786007,-2.675371,0.000000,0.000000
943.820000,2.884626,0.786007,-2.675371,0.000000,0.000000
943.920000,2.884626,0.786007,-2.675371,0.000000,0.000000
944.020000,2.884626,0.786007,-2.675371,0.000000,0.000000
944.120000,2.884626,0.786007,-2.675371,0.000000,0.000000
944.220000,2.884626,0.786007,-2.675371,0.000000,0.000000
944.320000,2.884626,0.786007,-2.675371,0.000000,0.000000
944.420000,2.884626,0.786007,-2.675371,0.000000,0.000000
944.520000,2.884626,0.786007,-2.675371,0.000000,0.000000
944.620000,2.884626,0.786007,-2.675371,0.000000,0.000000
944.720000,2.884626,0.786007,-2.675371,0.000000,0.000000
944.820000,2.884626,0.786007,-2.675371,0.000000,0.000000
944.920000,2.884626,0.786007,-2.675371,0.000000,0.000000
945.020000,2.884626,0.786007,-2.675371,0.000000,0.000000
945.120000,2.884626,0.786007,-2.675371,0.000000,0.000000
945.220000,2.884626,0.786007,-2.675371,0.000000,0.000000
945.320000,2.884626,0.786007,-2.675371,0.000000,0.000000
945.420000,2.884626,0.786007,-2.675371,0.000000,0.000000
945.520000,2.884626,0.786007,-2.675371,0.000000,0.000000
945.620000,2.884626,0.786007,-2.675371,0.000000,0.000000
945.720000,2.884626,0.786007,-2.675371,0.000000,0.000000
945.820000,2.884626,0.786007,-2.675371,0.000000,0.000000
945.920000,2.884626,0.786007,-2.675371,0.000000,0.000000
946.020000,2.884626,0.786007,-2.675371,0.000000,0.000000
946.120000,2.884626,0.786007,-2.675371,0.000000,0.000000
946.220000,2.884626,0.786007,-2.675371,0.000000,0.000000
946.320000,2.884626,0.786007,-2.675371,0.000000,0.000000
946.420000,2.884626,0.786007,-2.675371,0.000000,0.000000
946.520000,2.884626,0.786007,-2.675371,0.000000,0.000000
946.620000,2.884626,0.786007,-2.675371,0.000000,0.000000
946.720000,2.884626,0.786007,-2.675371,0.000000,0.000000
946.820000,2.884626,0.786007,-2.675371,0.000000,0.000000
946.920000,2.884626,0.786007,-2.675371,0.000000,0.000000
947.020000,2.884626,0.786007,-2.675371,0.000000,0.000000
947.120000,2.884626,0.786007,-2.675371,0.000000,0.000000
947.220000,2.884626,0.786007,-2.675371,0.000000,0.000000
947.320000,2.884626,0.786007,-2.675371,0.000000,0.000000
947.420000,2.884626,0.786007,-2.675371,0.000000,0.000000
947.520000,2.884626,0.786007,-2.675371,0.000000,0.000000
947.620000,2.884626,0.786007,-2.675371,0.000000,0.000000
947.720000,2.884626,0.786007,-2.675371,0.000000,0.000000
947.820000,2.884626,0.786007,-2.675371,0.000000,0.000000
947.920000,2.884626,0.786007,-2.675371,0.000000,0.000000
948.020000,2.884626,0.786007,-2.675371,0.000000,0.000000
948.120000,2.884626,0.786007,-2.675371,0.000000,0.000000
948.220000,2.884626,0.786007,-2.675371,0.000000,0.000000
948.320000,2.884626,0.786007,-2.675371,0.000000,0.000000
948.420000,2.884626,0.786007,-2.675371,0.000000,0.000000
948.520000,2.884626,0.786007,-2.675371,0.000000,0.000000
948.620000,2.884626,0.786007,-2.675371,0.000000,0.000000
948.720000,2.884626,0.786007,-2.675371,0.000000,0.000000
948.820000,2.884626,0.786007,-2.675371,0.000000,0.000000
948.920000,2.884626,0.786007,-2.675371,0.000000,0.000000
949.020000,2.884626,0.786007,-2.675371,0.000000,0.000000
949.120000,2.884626,0.786007,-2.675371,0.000000,0.000000
949.220000,2.884626,0.786007,-2.675371,0.000000,0.000000
949.320000,2.884626,0.786007,-2.675371,0.000000,0.000000
949.420000,2.884626,0.786007,-2.675371,0.000000,0.000000
949.520000,2.884626,0.786007,-2.675371,0.000000,0.000000
949.620000,2.884626,0.786007,-2.675371,0.000000,0.000000
949.720000,2.884626,0.786007,-2.675371,0.000000,0.000000
949.820000,2.884626,0.786007,-2.675371,0.000000,0.000000
949.920000,2.884626,0.786007,-2.675371,0.000000,0.000000
950.020000,2.884626,0.786007,-2.675371,0.000000,0.000000
950.120000,2.884626,0.786007,-2.675371,0.000000,0.000000
950.220000,2.884626,0.786007,-2.675371,0.000000,0.000000
950.320000,2.884626,0.786007,-2.675371,0.000000,0.000000
950.420000,2.884626,0.786007,-2.675371,0.000000,0.000000
950.520000,2.884626,0.786007,-2.675371,0.000000,0.000000
950.620000,2.884626,0.786007,-2.675371,0.000000,0.000000
950.720000,2.884626,0.786007,-2.675371,0.000000,0.000000
950.820000,2.884626,0.786007,-2.675371,0.000000,0.000000
950.920000,2.884626,0.786007,-2.675371,0.000000,0.000000
951.020000,2.884626,0.786007,-2.675371,0.000000,0.000000
951.120000,2.884626,0.786007,-2.675371,0.000000,0.000000
951.220000,2.884626,0.786007,-2.675371,0.000000,0.000000
951.320000,2.884626,0.786007,-2.675371,0.000000,0.000000
951.420000,2.884626,0.786007,-2.675371,0.000000,0.000000
951.520000,2.884626,0.786007,-2.675371,0.000000,0.000000
951.620000,2.884626,0.786007,-2.675371,0.000000,0.000000
951.720000,2.884626,0.786007,-2.675371,0.000000,0.000000
951.820000,2.884626,0.786007,-2.675371,0.000000,0.000000
951.920000,2.884626,0.786007,-2.675371,0.000000,0.000000
952.020000,2.884626,0.786007,-2.675371,0.000000,0.000000
952.120000,2.884626,0.786007,-2.675371,0.000000,0.000000
952.220000,2.884626,0.786007,-2.675371,0.000000,0.000000
952.320000,2.884626,0.786007,-2.675371,0.000000,0.000000
952.420000,2.884626,0.786007,-2.675371,0.000000,0.000000
952.520000,2.884626,0.786007,-2.675371,0.000000,0.000000
952.620000,2.884626,0.786007,-2.675371,0.000000,0.000000
952.720000,2.884626,0.786007,-2.675371,0.000000,0.000000
952.820000,2.884626,0.786007,-2.675371,0.000000,0.000000
952.920000,2.884626,0.786007,-2.675371,0.000000,0.000000
953.020000,2.884626,0.786007,-2.675371,0.000000,0.000000
953.120000,2.884626,0.786007,-2.675371,0.000000,0.000000
953.220000,2.884626,0.786007,-2.675371,0.000000,0.000000
953.320000,2.884626,0.786007,-2.675371,0.000000,0.000000
953.420000,2.884626,0.786007,-2.675371,0.000000,0.000000
953.520000,2.884626,0.786007,-2.675371,0.000000,0.000000
953.620000,2.884626,0.786007,-2.675371,0.000000,0.000000
953.720000,2.884626,0.786007,-2.675371,0.000000,0.000000
953.820000,2.884626,0.786007,-2.675371,0.000000,0.000000
953.920000,2.884626,0.786007,-2.675371,0.000000,0.000000
954.020000,2.884626,0.786007,-2.675371,0.000000,0.000000
954.120000,2.884626,0.786007,-2.675371,0.000000,0.000000
954.220000,2.884626,0.786007,-2.675371,0.000000,0.000000
954.320000,2.884626,0.786007,-2.675371,0.000000,0.000000
954.420000,2.884626,0.786007,-2.675371,0.000000,0.000000
954.520000,2.884626,0.786007,-2.675371,0.000000,0.000000
954.620000,2.884626,0.786007,-2.675371,0.000000,0.000000
954.720000,2.884626,0.786007,-2.675371,0.000000,0.000000
954.820000,2.884626,0.786007,-2.675371,0.000000,0.000000
954.920000,2.884626,0.786007,-2.675371,0.000000,0.000000
955.020000,2.884626,0.786007,-2.675371,0.000000,0.000000
955.120000,2.884626,0.786007,-2.675371,0.000000,0.000000
955.220000,2.884626,0.786007,-2.675371,0.000000,0.000000
955.320000,2.884626,0.786007,-2.675371,0.000000,0.000000
955.420000,2.884626,0.786007,-2.675371,0.000000,0.000000
955.520000,2.884626,0.786007,-2.675371,0.000000,0.000000
955.620000,2.884626,0.786007,-2.675371,0.000000,0.000000
955.720000,2.884626,0.786007,-2.675371,0.000000,0.000000
955.820000,2.884626,0.786007,-2.675371,0.000000,0.000000
955.920000,2.884626,0.786007,-2.675371,0.000000,0.000000
956.020000,2.884626,0.786007,-2.675371,0.000000,0.000000
956.120000,2.884626,0.786007,-2.675371,0.000000,0.000000
956.220000,2.884626,0.786007,-2.675371,0.000000,0.000000
956.320000,2.884626,0.786007,-2.675371,0.000000,0.000000
956.420000,2.884626,0.786007,-2.675371,0.000000,0.000000
956.520000,2.884626,0.786007,-2.675371,0.000000,0.000000
956.620000,2.884626,0.786007,-2.675371,0.000000,0.000000
956.720000,2.884626,0.786007,-2.675371,0.000000,0.000000
956.820000,2.884626,0.786007,-2.675371,0.000000,0.000000
956.920000,2.884626,0.786007,-2.675371,0.000000,0.000000
957.020000,2.884626,0.786007,-2.675371,0.000000,0.000000
957.120000,2.884626,0.786007,-2.675371,0.000000,0.000000
957.220000,2.884626,0.786007,-2.675371,0.000000,0.000000
957.320000,2.884626,0.786007,-2.675371,0.000000,0.000000
957.420000,2.884626,0.786007,-2.675371,0.000000,0.000000
957.520000,2.884626,0.786007,-2.675371,0.000000,0.000000
957.620000,2.884626,0.786007,-2.675371,0.000000,0.000000
957.720000,2.884626,0.786007,-2.675371,0.000000,0.000000
957.820000,2.884626,0.786007,-2.675371,0.000000,0.000000
957.920000,2.884626,0.786007,-2.675371,0.000000,0.000000
958.020000,2.884626,0.786007,-2.675371,0.000000,0.000000
958.120000,2.884626,0.786007,-2.675371,0.000000,0.000000
958.220000,2.884626,0.786007,-2.675371,0.000000,0.000000
958.320000,2.884626,0.786007,-2.675371,0.000000,0.000000
958.420000,2.884626,0.786007,-2.675371,0.000000,0.000000
958.520000,2.884626,0.786007,-2.675371,0.000000,0.000000
958.620000,2.884626,0.786007,-2.675371,0.000000,0.000000
958.720000,2.884626,0.786007,-2.675371,0.000000,0.000000
958.820000,2.884626,0.786007,-2.675371,0.000000,0.000000
958.920000,2.884626,0.786007,-2.675371,0.000000,0.000000
959.020000,2.884626,0.786007,-2.675371,0.000000,0.000000
959.120000,2.884626,0.786007,-2.675371,0.000000,0.000000
959.220000,2.884626,0.786007,-2.675371,0.000000,0.000000
959.320000,2.884626,0.786007,-2.675371,0.000000,0.000000
959.420000,2.884626,0.786007,-2.675371,0.000000,0.000000
959.520000,2.884626,0.786007,-2.675371,0.000000,0.000000
959.620000,2.884626,0.786007,-2.675371,0.000000,0.000000
959.720000,2.884626,0.786007,-2.675371,0.000000,0.000000
959.820000,2.884626,0.786007,-2.675371,0.000000,0.000000
959.920000,2.884626,0.786007,-2.675371,0.000000,0.000000
960.020000,2.884626,0.786007,-2.675371,0.000000,0.000000
960.120000,2.884626,0.786007,-2.675371,0.000000,0.000000
960.220000,2.884626,0.786007,-2.675371,0.000000,0.000000
960.320000,2.884626,0.786007,-2.675371,0.000000,0.000000
960.420000,2.884626,0.786007,-2.675371,0.000000,0.000000
960.520000,2.884626,0.786007,-2.675371,0.000000,0.000000
960.620000,2.884626,0.786007,-2.675371,0.000000,0.000000
960.720000,2.884626,0.786007,-2.675371,0.000000,0.000000
960.820000,2.884626,0.786007,-2.675371,0.000000,0.000000
960.920000,2.884626,0.786007,-2.675371,0.000000,0.000000
961.020000,2.884626,0.786007,-2.675371,0.000000,0.000000
961.120000,2.884626,0.786007,-2.675371,0.000000,0.000000
961.220000,2.884626,0.786007,-2.675371,0.000000,0.000000
961.320000,2.884626,0.786007,-2.675371,0.000000,0.000000
961.420000,2.884626,0.786007,-2.675371,0.000000,0.000000
961.520000,2.884626,0.786007,-2.675371,0.000000,0.000000
961.620000,2.884626,0.786007,-2.675371,0.000000,0.000000
961.720000,2.884626,0.786007,-2.675371,0.000000,0.000000
961.820000,2.884626,0.786007,-2.675371,0.000000,0.000000
961.920000,2.884626,0.786007,-2.675371,0.000000,0.000000
962.020000,2.884626,0.786007,-2.675371,0.000000,0.000000
962.120000,2.884626,0.786007,-2.675371,0.000000,0.000000
962.220000,2.884626,0.786007,-2.675371,0.000000,0.000000
962.320000,2.884626,0.786007,-2.675371,0.000000,0.000000
962.420000,2.884626,0.786007,-2.675371,0.000000,0.000000
962.520000,2.884626,0.786007,-2.675371,0.000000,0.000000
962.620000,2.884626,0.786007,-2.675371,0.000000,0.000000
962.720000,2.884626,0.786007,-2.675371,0.000000,0.000000
962.820000,2.884626,0.786007,-2.675371,0.000000,0.000000
962.920000,2.884626,0.786007,-2.675371,0.000000,0.000000
963.020000,2.884626,0.786007,-2.675371,0.000000,0.000000
963.120000,2.884626,0.786007,-2.675371,0.000000,0.000000
963.220000,2.884626,0.786007,-2.675371,0.000000,0.000000
963.320000,2.884626,0.786007,-2.675371,0.000000,0.000000
963.420000,2.884626,0.786007,-2.675371,0.000000,0.000000
963.520000,2.884626,0.786007,-2.675371,0.000000,0.000000
963.620000,2.884626,0.786007,-2.675371,0.000000,0.000000
963.720000,2.884626,0.786007,-2.675371,0.000000,0.000000
963.820000,2.884626,0.786007,-2.675371,0.000000,0.000000
963.920000,2.884626,0.786007,-2.675371,0.000000,0.000000
964.020000,2.884626,0.786007,-2.675371,0.000000,0.000000
964.120000,2.884626,0.786007,-2.675371,0.000000,0.000000
964.220000,2.884626,0.786007,-2.675371,0.000000,0.000000
964.320000,2.884626,0.786007,-2.675371,0.000000,0.000000
964.420000,2.884626,0.786007,-2.675371,0.000000,0.000000
964.520000,2.884626,0.786007,-2.675371,0.000000,0.000000
964.620000,2.884626,0.786007,-2.675371,0.000000,0.000000
964.720000,2.884626,0.786007,-2.675371,0.000000,0.000000
964.820000,2.884626,0.786007,-2.675371,0.000000,0.000000
964.920000,2.884626,0.786007,-2.675371,0.000000,0.000000
965.020000,2.884626,0.786007,-2.675371,0.000000,0.000000
965.120000,2.884626,0.786007,-2.675371,0.000000,0.000000
965.220000,2.884626,0.786007,-2.675371,0.000000,0.000000
965.320000,2.884626,0.786007,-2.675371,0.000000,0.000000
965.420000,2.884626,0.786007,-2.675371,0.000000,0.000000
965.520000,2.884626,0.786007,-2.675371,0.000000,0.000000
965.620000,2.884626,0.786007,-2.675371,0.000000,0.000000
965.720000,2.884626,0.786007,-2.675371,0.000000,0.000000
965.820000,2.884626,0.786007,-2.675371,0.000000,0.000000
965.920000,2.884626,0.786007,-2.675371,0.000000,0.000000
966.020000,2.884626,0.786007,-2.675371,0.000000,0.000000
966.120000,2.884626,0.786007,-2.675371,0.000000,0.000000
966.220000,2.884626,0.786007,-2.675371,0.000000,0.000000
966.320000,2.884626,0.786007,-2.675371,0.000000,0.000000
966.420000,2.884626,0.786007,-2.675371,0.000000,0.000000
966.520000,2.884626,0.786007,-2.675371,0.000000,0.000000
966.620000,2.884626,0.786007,-2.675371,0.000000,0.000000
966.720000,2.884626,0.786007,-2.675371,0.000000,0.000000
966.820000,2.884626,0.786007,-2.675371,0.000000,0.000000
966.920000,2.884626,0.786007,-2.675371,0.000000,0.000000
967.020000,2.884626,0.786007,-2.675371,0.000000,0.000000
967.120000,2.884626,0.786007,-2.675371,0.000000,0.000000
967.220000,2.884626,0.786007,-2.675371,0.000000,0.000000
967.320000,2.884626,0.786007,-2.675371,0.000000,0.000000
967.420000,2.884626,0.786007,-2.675371,0.000000,0.000000
967.520000,2.884626,0.786007,-2.675371,0.000000,0.000000
967.620000,2.884626,0.786007,-2.675371,0.000000,0.000000
967.720000,2.884626,0.786007,-2.675371,0.000000,0.000000
967.820000,2.884626,0.786007,-2.675371,0.000000,0.000000
967.920000,2.884626,0.786007,-2.675371,0.000000,0.000000
968.020000,2.884626,0.786007,-2.675371,0.000000,0.000000
968.120000,2.884626,0.786007,-2.675371,0.000000,0.000000
968.220000,2.884626,0.786007,-2.675371,0.000000,0.000000
968.320000,2.884626,0.786007,-2.675371,0.000000,0.000000
968.420000,2.884626,0.786007,-2.675371,0.000000,0.000000
968.520000,2.884626,0.786007,-2.675371,0.000000,0.000000
968.620000,2.884626,0.786007,-2.675371,0.000000,0.000000
968.720000,2.884626,0.786007,-2.675371,0.000000,0.000000
968.820000,2.884626,0.786007,-2.675371,0.000000,0.000000
968.920000,2.884626,0.786007,-2.675371,0.000000,0.000000
969.020000,2.884626,0.786007,-2.675371,0.000000,0.000000
969.120000,2.884626,0.786007,-2.675371,0.000000,0.000000
969.220000,2.884626,0.786007,-2.675371,0.000000,0.000000
969.320000,2.884626,0.786007,-2.675371,0.000000,0.000000
969.420000,2.884626,0.786007,-2.675371,0.000000,0.000000
969.520000,2.884626,0.786007,-2.675371,0.000000,0.000000
969.620000,2.884626,0.786007,-2.675371,0.000000,0.000000
969.720000,2.884626,0.786007,-2.675371,0.000000,0.000000
969.820000,2.884626,0.786007,-2.675371,0.000000,0.000000
969.920000,2.884626,0.786007,-2.675371,0.000000,0.000000
970.020000,2.884626,0.786007,-2.675371,0.000000,0.000000
970.120000,2.884626,0.786007,-2.675371,0.000000,0.000000
970.220000,2.884626,0.786007,-2.675371,0.000000,0.000000
970.320000,2.884626,0.786007,-2.675371,0.000000,0.000000
970.420000,2.884626,0.786007,-2.675371,0.000000,0.000000
970.520000,2.884626,0.786007,-2.675371,0.000000,0.000000
970.620000,2.884626,0.786007,-2.675371,0.000000,0.000000
970.720000,2.884626,0.786007,-2.675371,0.000000,0.000000
970.820000,2.884626,0.786007,-2.675371,0.000000,0.000000
970.920000,2.884626,0.786007,-2.675371,0.000000,0.000000
971.020000,2.884626,0.786007,-2.675371,0.000000,0.000000
971.120000,2.884626,0.786007,-2.675371,0.000000,0.000000
971.220000,2.884626,0.786007,-2.675371,0.000000,0.000000
971.320000,2.884626,0.786007,-2.675371,0.000000,0.000000
971.420000,2.884626,0.786007,-2.675371,0.000000,0.000000
971.520000,2.884626,0.786007,-2.675371,0.000000,0.000000
971.620000,2.884626,0.786007,-2.675371,0.000000,0.000000
971.720000,2.884626,0.786007,-2.675371,0.000000,0.000000
971.820000,2.884626,0.786007,-2.675371,0.000000,0.000000
971.920000,2.884626,0.786007,-2.675371,0.000000,0.000000
972.020000,2.884626,0.786007,-2.675371,0.000000,0.000000
972.120000,2.884626,0.786007,-2.675371,0.000000,0.000000
972.220000,2.884626,0.786007,-2.675371,0.000000,0.000000
972.320000,2.884626,0.786007,-2.675371,0.000000,0.000000
972.420000,2.884626,0.786007,-2.675371,0.000000,0.000000
972.520000,2.884626,0.786007,-2.675371,0.000000,0.000000
972.620000,2.884626,0.786007,-2.675371,0.000000,0.000000
972.720000,2.884626,0.786007,-2.675371,0.000000,0.000000
972.820000,2.884626,0.786007,-2.675371,0.000000,0.000000
972.920000,2.884626,0.786007,-2.675371,0.000000,0.000000
973.020000,2.884626,0.786007,-2.675371,0.000000,0.000000
973.120000,2.884626,0.786007,-2.675371,0.000000,0.000000
973.220000,2.884626,0.786007,-2.675371,0.000000,0.000000
973.320000,2.884626,0.786007,-2.675371,0.000000,0.000000
973.420000,2.884626,0.786007,-2.675371,0.000000,0.000000
973.520000,2.884626,0.786007,-2.675371,0.000000,0.000000
973.620000,2.884626,0.786007,-2.675371,0.000000,0.000000
973.720000,2.884626,0.786007,-2.675371,0.000000,0.000000
973.820000,2.884626,0.786007,-2.675371,0.000000,0.000000
973.920000,2.884626,0.786007,-2.675371,0.000000,0.000000
974.020000,2.884626,0.786007,-2.675371,0.000000,0.000000
974.120000,2.884626,0.786007,-2.675371,0.000000,0.000000
974.220000,2.884626,0.786007,-2.675371,0.000000,0.000000
974.320000,2.884626,0.786007,-2.675371,0.000000,0.000000
974.420000,2.884626,0.786007,-2.675371,0.000000,0.000000
974.520000,2.884626,0.786007,-2.675371,0.000000,0.000000
974.620000,2.884626,0.786007,-2.675371,0.000000,0.000000
974.720000,2.884626,0.786007,-2.675371,0.000000,0.000000
974.820000,2.884626,0.786007,-2.675371,0.000000,0.000000
974.920000,2.884626,0.786007,-2.675371,0.000000,0.000000
975.020000,2.884626,0.786007,-2.675371,0.000000,0.000000
975.120000,2.884626,0.786007,-2.675371,0.000000,0.000000
975.220000,2.884626,0.786007,-2.675371,0.000000,0.000000
975.320000,2.884626,0.786007,-2.675371,0.000000,0.000000
975.420000,2.884626,0.786007,-2.675371,0.000000,0.000000
975.520000,2.884626,0.786007,-2.675371,0.000000,0.000000
975.620000,2.884626,0.786007,-2.675371,0.000000,0.000000
975.720000,2.884626,0.786007,-2.675371,0.000000,0.000000
975.820000,2.884626,0.786007,-2.675371,0.000000,0.000000
975.920000,2.884626,0.786007,-2.675371,0.000000,0.000000
976.020000,2.884626,0.786007,-2.675371,0.000000,0.000000
976.120000,2.884626,0.786007,-2.675371,0.000000,0.000000
976.220000,2.884626,0.786007,-2.675371,0.000000,0.000000
976.320000,2.884626,0.786007,-2.675371,0.000000,0.000000
976.420000,2.884626,0.786007,-2.675371,0.000000,0.000000
976.520000,2.884626,0.786007,-2.675371,0.000000,0.000000
976.620000,2.884626,0.786007,-2.675371,0.000000,0.000000
976.720000,2.884626,0.786007,-2.675371,0.000000,0.000000
976.820000,2.884626,0.786007,-2.675371,0.000000,0.000000
976.920000,2.884626,0.786007,-2.675371,0.000000,0.000000
977.020000,2.884626,0.786007,-2.675371,0.000000,0.000000
977.120000,2.884626,0.786007,-2.675371,0.000000,0.000000
977.220000,2.884626,0.786007,-2.675371,0.000000,0.000000
977.320000,2.884626,0.786007,-2.675371,0.000000,0.000000
977.420000,2.884626,0.786007,-2.675371,0.000000,0.000000
977.520000,2.884626,0.786007,-2.675371,0.000000,0.000000
977.620000,2.884626,0.786007,-2.675371,0.000000,0.000000
977.720000,2.884626,0.786007,-2.675371,0.000000,0.000000
977.820000,2.884626,0.786007,-2.675371,0.000000,0.000000
977.920000,2.884626,0.786007,-2.675371,0.000000,0.000000
978.020000,2.884626,0.786007,-2.675371,0.000000,0.000000
978.120000,2.884626,0.786007,-2.675371,0.000000,0.000000
978.220000,2.884626,0.786007,-2.675371,0.000000,0.000000
978.320000,2.884626,0.786007,-2.675371,0.000000,0.000000
978.420000,2.884626,0.786007,-2.675371,0.000000,0.000000
978.520000,2.884626,0.786007,-2.675371,0.000000,0.000000
978.620000,2.884626,0.786007,-2.675371,0.000000,0.000000
978.720000,2.884626,0.786007,-2.675371,0.000000,0.000000
978.820000,2.884626,0.786007,-2.675371,0.000000,0.000000
978.920000,2.884626,0.786007,-2.675371,0.000000,0.000000
979.020000,2.884626,0.786007,-2.675371,0.000000,0.000000
979.120000,2.884626,0.786007,-2.675371,0.000000,0.000000
979.220000,2.884626,0.786007,-2.675371,0.000000,0.000000
979.320000,2.884626,0.786007,-2.675371,0.000000,0.000000
979.420000,2.884626,0.786007,-2.675371,0.000000,0.000000
979.520000,2.884626,0.786007,-2.675371,0.000000,0.000000
979.620000,2.884626,0.786007,-2.675371,0.000000,0.000000
979.720000,2.884626,0.786007,-2.675371,0.000000,0.000000
979.820000,2.884626,0.786007,-2.675371,0.000000,0.000000
979.920000,2.884626,0.786007,-2.675371,0.000000,0.000000
980.020000,2.884626,0.786007,-2.675371,0.000000,0.000000
980.120000,2.884626,0.786007,-2.675371,0.000000,0.000000
980.220000,2.884626,0.786007,-2.675371,0.000000,0.000000
980.320000,2.884626,0.786007,-2.675371,0.000000,0.000000
980.420000,2.884626,0.786007,-2.675371,0.000000,0.000000
980.520000,2.884626,0.786007,-2.675371,0.000000,0.000000
980.620000,2.884626,0.786007,-2.675371,0.000000,0.000000
980.720000,2.884626,0.786007,-2.675371,0.000000,0.000000
980.820000,2.884626,0.786007,-2.675371,0.000000,0.000000
980.920000,2.884626,0.786007,-2.675371,0.000000,0.000000
981.020000,2.884626,0.786007,-2.675371,0.000000,0.000000
981.120000,2.884626,0.786007,-2.675371,0.000000,0.000000
981.220000,2.884626,0.786007,-2.675371,0.000000,0.000000
981.320000,2.884626,0.786007,-2.675371,0.000000,0.000000
981.420000,2.884626,0.786007,-2.675371,0.000000,0.000000
981.520000,2.884626,0.786007,-2.675371,0.000000,0.000000
981.620000,2.884626,0.786007,-2.675371,0.000000,0.000000
981.720000,2.884626,0.786007,-2.675371,0.000000,0.000000
981.820000,2.884626,0.786007,-2.675371,0.000000,0.000000
981.920000,2.884626,0.786007,-2.675371,0.000000,0.000000
982.020000,2.884626,0.786007,-2.675371,0.000000,0.000000
982.120000,2.884626,0.786007,-2.675371,0.000000,0.000000
982.220000,2.884626,0.786007,-2.675371,0.000000,0.000000
982.320000,2.884626,0.786007,-2.675371,0.000000,0.000000
982.420000,2.884626,0.786007,-2.675371,0.000000,0.000000
982.520000,2.884626,0.786007,-2.675371,0.000000,0.000000
982.620000,2.884626,0.786007,-2.675371,0.000000,0.000000
982.720000,2.884626,0.786007,-2.675371,0.000000,0.000000
982.820000,2.884626,0.786007,-2.675371,0.000000,0.000000
982.920000,2.884626,0.786007,-2.675371,0.000000,0.000000
983.020000,2.884626,0.786007,-2.675371,0.000000,0.000000
983.120000,2.884626,0.786007,-2.675371,0.000000,0.000000
983.220000,2.884626,0.786007,-2.675371,0.000000,0.000000
983.320000,2.884626,0.786007,-2.675371,0.000000,0.000000
983.420000,2.884626,0.786007,-2.675371,0.000000,0.000000
983.520000,2.884626,0.786007,-2.675371,0.000000,0.000000
983.620000,2.884626,0.786007,-2.675371,0.000000,0.000000
983.720000,2.884626,0.786007,-2.675371,0.000000,0.000000
983.820000,2.884626,0.786007,-2.675371,0.000000,0.000000
983.920000,2.884626,0.786007,-2.675371,0.000000,0.000000
984.020000,2.884626,0.786007,-2.675371,0.000000,0.000000
984.120000,2.884626,0.786007,-2.675371,0.000000,0.000000
984.220000,2.884626,0.786007,-2.675371,0.000000,0.000000
984.320000,2.884626,0.786007,-2.675371,0.000000,0.000000
984.420000,2.884626,0.786007,-2.675371,0.000000,0.000000
984.520000,2.884626,0.786007,-2.675371,0.000000,0.000000
984.620000,2.884626,0.786007,-2.675371,0.000000,0.000000
984.720000,2.884626,0.786007,-2.675371,0.000000,0.000000
984.820000,2.884626,0.786007,-2.675371,0.000000,0.000000
984.920000,2.884626,0.786007,-2.675371,0.000000,0.000000
985.020000,2.884626,0.786007,-2.675371,0.000000,0.000000
985.120000,2.884626,0.786007,-2.675371,0.000000,0.000000
985.220000,2.884626,0.786007,-2.675371,0.000000,0.000000
985.320000,2.884626,0.786007,-2.675371,0.000000,0.000000
985.420000,2.884626,0.786007,-2.675371,0.000000,0.000000
985.520000,2.884626,0.786007,-2.675371,0.000000,0.000000
985.620000,2.884626,0.786007,-2.675371,0.000000,0.000000
985.720000,2.884626,0.786007,-2.675371,0.000000,0.000000
985.820000,2.884626,0.786007,-2.675371,0.000000,0.000000
985.920000,2.884626,0.786007,-2.675371,0.000000,0.000000
986.020000,2.884626,0.786007,-2.675371,0.000000,0.000000
986.120000,2.884626,0.786007,-2.675371,0.000000,0.000000
986.220000,2.884626,0.786007,-2.675371,0.000000,0.000000
986.320000,2.884626,0.786007,-2.675371,0.000000,0.000000
986.420000,2.884626,0.786007,-2.675371,0.000000,0.000000
986.520000,2.884626,0.786007,-2.675371,0.000000,0.000000
986.620000,2.884626,0.786007,-2.675371,0.000000,0.000000
986.720000,2.884626,0.786007,-2.675371,0.000000,0.000000
986.820000,2.884626,0.786007,-2.675371,0.000000,0.000000
986.920000,2.884626,0.786007,-2.675371,0.000000,0.000000
987.020000,2.884626,0.786007,-2.675371,0.000000,0.000000
987.120000,2.884626,0.786007,-2.675371,0.000000,0.000000
987.220000,2.884626,0.786007,-2.675371,0.000000,0.000000
987.320000,2.884626,0.786007,-2.675371,0.000000,0.000000
987.420000,2.884626,0.786007,-2.675371,0.000000,0.000000
987.520000,2.884626,0.786007,-2.675371,0.000000,0.000000
987.620000,2.884626,0.786007,-2.675371,0.000000,0.000000
987.720000,2.884626,0.786007,-2.675371,0.000000,0.000000
987.820000,2.884626,0.786007,-2.675371,0.000000,0.000000
987.920000,2.884626,0.786007,-2.675371,0.000000,0.000000
988.020000,2.884626,0.786007,-2.675371,0.000000,0.000000
988.120000,2.884626,0.786007,-2.675371,0.000000,0.000000
988.220000,2.884626,0.786007,-2.675371,0.000000,0.000000
988.320000,2.884626,0.786007,-2.675371,0.000000,0.000000
988.420000,2.884626,0.786007,-2.675371,0.000000,0.000000
988.520000,2.884626,0.786007,-2.675371,0.000000,0.000000
988.620000,2.884626,0.786007,-2.675371,0.000000,0.000000
988.720000,2.884626,0.786007,-2.675371,0.000000,0.000000
988.820000,2.884626,0.786007,-2.675371,0.000000,0.000000
988.920000,2.884626,0.786007,-2.675371,0.000000,0.000000
989.020000,2.884626,0.786007,-2.675371,0.000000,0.000000
989.120000,2.884626,0.786007,-2.675371,0.000000,0.000000
989.220000,2.884626,0.786007,-2.675371,0.000000,0.000000
989.320000,2.884626,0.786007,-2.675371,0.000000,0.000000
989.420000,2.884626,0.786007,-2.675371,0.000000,0.000000
989.520000,2.884626,0.786007,-2.675371,0.000000,0.000000
989.620000,2.884626,0.786007,-2.675371,0.000000,0.000000
989.720000,2.884626,0.786007,-2.675371,0.000000,0.000000
989.820000,2.884626,0.786007,-2.675371,0.000000,0.000000
989.920000,2.884626,0.786007,-2.675371,0.000000,0.000000
990.020000,2.884626,0.786007,-2.675371,0.000000,0.000000
990.120000,2.884626,0.786007,-2.675371,0.000000,0.000000
990.220000,2.884626,0.786007,-2.675371,0.000000,0.000000
990.320000,2.884626,0.786007,-2.675371,0.000000,0.000000
990.420000,2.884626,0.786007,-2.675371,0.000000,0.000000
990.520000,2.884626,0.786007,-2.675371,0.000000,0.000000
990.620000,2.884626,0.786007,-2.675371,0.000000,0.000000
990.720000,2.884626,0.786007,-2.675371,0.000000,0.000000
990.820000,2.884626,0.786007,-2.675371,0.000000,0.000000
990.920000,2.884626,0.786007,-2.675371,0.000000,0.000000
991.020000,2.884626,0.786007,-2.675371,0.000000,0.000000
991.120000,2.884626,0.786007,-2.675371,0.000000,0.000000
991.220000,2.884626,0.786007,-2.675371,0.000000,0.000000
991.320000,2.884626,0.786007,-2.675371,0.000000,0.000000
991.420000,2.884626,0.786007,-2.675371,0.000000,0.000000
991.520000,2.884626,0.786007,-2.675371,0.000000,0.000000
991.620000,2.884626,0.786007,-2.675371,0.000000,0.000000
991.720000,2.884626,0.786007,-2.675371,0.000000,0.000000
991.820000,2.884626,0.786007,-2.675371,0.000000,0.000000
991.920000,2.884626,0.786007,-2.675371,0.000000,0.000000
992.020000,2.884626,0.786007,-2.675371,0.000000,0.000000
992.120000,2.884626,0.786007,-2.675371,0.000000,0.000000
992.220000,2.884626,0.786007,-2.675371,0.000000,0.000000
992.320000,2.884626,0.786007,-2.675371,0.000000,0.000000
992.420000,2.884626,0.786007,-2.675371,0.000000,0.000000
992.520000,2.884626,0.786007,-2.675371,0.000000,0.000000
992.620000,2.884626,0.786007,-2.675371,0.000000,0.000000
992.720000,2.884626,0.786007,-2.675371,0.000000,0.000000
992.820000,2.884626,0.786007,-2.675371,0.000000,0.000000
992.920000,2.884626,0.786007,-2.675371,0.000000,0.000000
993.020000,2.884626,0.786007,-2.675371,0.000000,0.000000
993.120000,2.884626,0.786007,-2.675371,0.000000,0.000000
993.220000,2.884626,0.786007,-2.675371,0.000000,0.000000
993.320000,2.884626,0.786007,-2.675371,0.000000,0.000000
993.420000,2.884626,0.786007,-2.675371,0.000000,0.000000
993.520000,2.884626,0.786007,-2.675371,0.000000,0.000000
993.620000,2.884626,0.786007,-2.675371,0.000000,0.000000
993.720000,2.884626,0.786007,-2.675371,0.000000,0.000000
993.820000,2.884626,0.786007,-2.675371,0.000000,0.000000
993.920000,2.884626,0.786007,-2.675371,0.000000,0.000000
994.020000,2.884626,0.786007,-2.675371,0.000000,0.000000
994.120000,2.884626,0.786007,-2.675371,0.000000,0.000000
994.220000,2.884626,0.786007,-2.675371,0.000000,0.000000
994.320000,2.884626,0.786007,-2.675371,0.000000,0.000000
994.420000,2.884626,0.786007,-2.675371,0.000000,0.000000
994.520000,2.884626,0.786007,-2.675371,0.000000,0.000000
994.620000,2.884626,0.786007,-2.675371,0.000000,0.000000
994.720000,2.884626,0.786007,-2.675371,0.000000,0.000000
994.820000,2.884626,0.786007,-2.675371,0.000000,0.000000
994.920000,2.884626,0.786007,-2.675371,0.000000,0.000000
995.020000,2.884626,0.786007,-2.675371,0.000000,0.000000
995.120000,2.884626,0.786007,-2.675371,0.000000,0.000000
995.220000,2.884626,0.786007,-2.675371,0.000000,0.000000
995.320000,2.884626,0.786007,-2.675371,0.000000,0.000000
995.420000,2.884626,0.786007,-2.675371,0.000000,0.000000
995.520000,2.884626,0.786007,-2.675371,0.000000,0.000000
995.620000,2.884626,0.786007,-2.675371,0.000000,0.000000
995.720000,2.884626,0.786007,-2.675371,0.000000,0.000000
995.820000,2.884626,0.786007,-2.675371,0.000000,0.000000
995.920000,2.884626,0.786007,-2.675371,0.000000,0.000000
996.020000,2.884626,0.786007,-2.675371,0.000000,0.000000
996.120000,2.884626,0.786007,-2.675371,0.000000,0.000000
996.220000,2.884626,0.786007,-2.675371,0.000000,0.000000
996.320000,2.884626,0.786007,-2.675371,0.000000,0.000000
996.420000,2.884626,0.786007,-2.675371,0.000000,0.000000
996.520000,2.884626,0.786007,-2.675371,0.000000,0.000000
996.620000,2.884626,0.786007,-2.675371,0.000000,0.000000
996.720000,2.884626,0.786007,-2.675371,0.000000,0.000000
996.820000,2.884626,0.786007,-2.675371,0.000000,0.000000
996.920000,2.884626,0.786007,-2.675371,0.000000,0.000000
997.020000,2.884626,0.786007,-2.675371,0.000000,0.000000
997.120000,2.884626,0.786007,-2.675371,0.000000,0.000000
997.220000,2.884626,0.786007,-2.675371,0.000000,0.000000
997.320000,2.884626,0.786007,-2.675371,0.000000,0.000000
997.420000,2.884626,0.786007,-2.675371,0.000000,0.000000
997.520000,2.884626,0.786007,-2.675371,0.000000,0.000000
997.620000,2.884626,0.786007,-2.675371,0.000000,0.000000
997.720000,2.884626,0.786007,-2.675371,0.000000,0.000000
997.820000,2.884626,0.786007,-2.675371,0.000000,0.000000
997.920000,2.884626,0.786007,-2.675371,0.000000,0.000000
998.020000,2.884626,0.786007,-2.675371,0.000000,0.000000
998.120000,2.884626,0.786007,-2.675371,0.000000,0.000000
998.220000,2.884626,0.786007,-2.675371,0.000000,0.000000
998.320000,2.884626,0.786007,-2.675371,0.000000,0.000000
998.420000,2.884626,0.786007,-2.675371,0.000000,0.000000
998.520000,2.884626,0.786007,-2.675371,0.000000,0.000000
998.620000,2.884626,0.786007,-2.675371,0.000000,0.000000
998.720000,2.884626,0.786007,-2.675371,0.000000,0.000000
998.820000,2.884626,0.786007,-2.675371,0.000000,0.000000
998.920000,2.884626,0.786007,-2.675371,0.000000,0.000000
999.020000,2.884626,0.786007,-2.675371,0.000000,0.000000
999.120000,2.884626,0.786007,-2.675371,0.000000,0.000000
999.220000,2.884626,0.786007,-2.675371,0.000000,0.000000
999.320000,2.884626,0.786007,-2.675371,0.000000,0.000000
999.420000,2.884626,0.786007,-2.675371,0.000000,0.000000
999.520000,2.884626,0.786007,-2.675371,0.000000,0.000000
999.620000,2.884626,0.786007,-2.675371,0.000000,0.000000
999.720000,2.884626,0.786007,-2.675371,0.000000,0.000000
999.820000,2.884626,0.786007,-2.675371,0.000000,0.000000
999.920000,2.884626,0.786007,-2.675371,0.000000,0.000000
1000.020000,2.884626,0.786007,-2.675371,0.000000,0.000000
1000.120000,2.884626,0.786007,-2.675371,0.000000,0.000000
1000.220000,2.884626,0.786007,-2.675371,0.000000,0.000000
1000.320000,2.884626,0.786007,-2.675371,0.000000,0.000000
1000.420000,2.884626,0.786007,-2.675371,0.000000,0.000000
1000.520000,2.884626,0.786007,-2.675371,0.000000,0.000000
1000.620000,2.884626,0.786007,-2.675371,0.000000,0.000000
1000.720000,2.884626,0.786007,-2.675371,0.000000,0.000000
1000.820000,2.884626,0.786007,-2.675371,0.000000,0.000000
1000.920000,2.884626,0.786007,-2.675371,0.000000,0.000000
1001.020000,2.884626,0.786007,-2.675371,0.000000,0.000000
1001.120000,2.884626,0.786007,-2.675371,0.000000,0.000000
1001.220000,2.884626,0.786007,-2.675371,0.000000,0.000000
1001.320000,2.884626,0.786007,-2.675371,0.000000,0.000000
1001.420000,2.884626,0.786007,-2.675371,0.000000,0.000000
1001.520000,2.884626,0.786007,-2.675371,0.000000,0.000000
1001.620000,2.884626,0.786007,-2.675371,0.000000,0.000000
1001.720000,2.884626,0.786007,-2.675371,0.000000,0.000000
1001.820000,2.884626,0.786007,-2.675371,0.000000,0.000000
1001.920000,2.884626,0.786007,-2.675371,0.000000,0.000000
1002.020000,2.884626,0.786007,-2.675371,0.000000,0.000000
1002.120000,2.884626,0.786007,-2.675371,0.000000,0.000000
1002.220000,2.884626,0.786007,-2.675371,0.000000,0.000000
1002.320000,2.884626,0.786007,-2.675371,0.000000,0.000000
1002.420000,2.884626,0.786007,-2.675371,0.000000,0.000000
1002.520000,2.884626,0.786007,-2.675371,0.000000,0.000000
1002.620000,2.884626,0.786007,-2.675371,0.000000,0.000000
1002.720000,2.884626,0.786007,-2.675371,0.000000,0.000000
1002.820000,2.884626,0.786007,-2.675371,0.000000,0.000000
1002.920000,2.884626,0.786007,-2.675371,0.000000,0.000000
1003.020000,2.884626,0.786007,-2.675371,0.000000,0.000000
1003.120000,2.884626,0.786007,-2.675371,0.000000,0.000000
1003.220000,2.884626,0.786007,-2.675371,0.000000,0.000000
1003.320000,2.884626,0.786007,-2.675371,0.000000,0.000000
1003.420000,2.884626,0.786007,-2.675371,0.000000,0.000000
1003.520000,2.884626,0.786007,-2.675371,0.000000,0.000000
1003.620000,2.884626,0.786007,-2.675371,0.000000,0.000000
1003.720000,2.884626,0.786007,-2.675371,0.000000,0.000000
1003.820000,2.884626,0.786007,-2.675371,0.000000,0.000000
1003.920000,2.884626,0.786007,-2.675371,0.000000,0.000000
1004.020000,2.884626,0.786007,-2.675371,0.000000,0.000000
1004.120000,2.884626,0.786007,-2.675371,0.000000,0.000000
1004.220000,2.884626,0.786007,-2.675371,0.000000,0.000000
1004.320000,2.884626,0.786007,-2.675371,0.000000,0.000000
1004.420000,2.884626,0.786007,-2.675371,0.000000,0.000000
1004.520000,2.884626,0.786007,-2.675371,0.000000,0.000000
1004.620000,2.884626,0.786007,-2.675371,0.000000,0.000000
1004.720000,2.884626,0.786007,-2.675371,0.000000,0.000000
1004.820000,2.884626,0.786007,-2.675371,0.000000,0.000000
1004.920000,2.884626,0.786007,-2.675371,0.000000,0.000000
1005.020000,2.884626,0.786007,-2.675371,0.000000,0.000000
1005.120000,2.884626,0.786007,-2.675371,0.000000,0.000000
1005.220000,2.884626,0.786007,-2.675371,0.000000,0.000000
1005.320000,2.884626,0.786007,-2.675371,0.000000,0.000000
1005.420000,2.884626,0.786007,-2.675371,0.000000,0.000000
1005.520000,2.884626,0.786007,-2.675371,0.000000,0.000000
1005.620000,2.884626,0.786007,-2.675371,0.000000,0.000000
1005.720000,2.884626,0.786007,-2.675371,0.000000,0.000000
1005.820000,2.884626,0.786007,-2.675371,0.000000,0.000000
1005.920000,2.884626,0.786007,-2.675371,0.000000,0.000000
1006.020000,2.884626,0.786007,-2.675371,0.000000,0.000000
1006.120000,2.884626,0.786007,-2.675371,0.000000,0.000000
1006.220000,2.884626,0.786007,-2.675371,0.000000,0.000000
1006.320000,2.884626,0.786007,-2.675371,0.000000,0.000000
1006.420000,2.884626,0.786007,-2.675371,0.000000,0.000000
1006.520000,2.884626,0.786007,-2.675371,0.000000,0.000000
1006.620000,2.884626,0.786007,-2.675371,0.000000,0.000000
1006.720000,2.884626,0.786007,-2.675371,0.000000,0.000000
1006.820000,2.884626,0.786007,-2.675371,0.000000,0.000000
1006.920000,2.884626,0.786007,-2.675371,0.000000,0.000000
1007.020000,2.884626,0.786007,-2.675371,0.000000,0.000000
1007.120000,2.884626,0.786007,-2.675371,0.000000,0.000000
1007.220000,2.884626,0.786007,-2.675371,0.000000,0.000000
1007.320000,2.884626,0.786007,-2.675371,0.000000,0.000000
1007.420000,2.884626,0.786007,-2.675371,0.000000,0.000000
1007.520000,2.884626,0.786007,-2.675371,0.000000,0.000000
1007.620000,2.884626,0.786007,-2.675371,0.000000,0.000000
1007.720000,2.884626,0.786007,-2.675371,0.000000,0.000000
1007.820000,2.884626,0.786007,-2.675371,0.000000,0.000000
1007.920000,2.884626,0.786007,-2.675371,0.000000,0.000000
1008.020000,2.884626,0.786007,-2.675371,0.000000,0.000000
1008.120000,2.884626,0.786007,-2.675371,0.000000,0.000000
1008.220000,2.884626,0.786007,-2.675371,0.000000,0.000000
1008.320000,2.884626,0.786007,-2.675371,0.000000,0.000000
1008.420000,2.884626,0.786007,-2.675371,0.000000,0.000000
1008.520000,2.884626,0.786007,-2.675371,0.000000,0.000000
1008.620000,2.884626,0.786007,-2.675371,0.000000,0.000000
1008.720000,2.884626,0.786007,-2.675371,0.000000,0.000000
1008.820000,2.884626,0.786007,-2.675371,0.000000,0.000000
1008.920000,2.884626,0.786007,-2.675371,0.000000,0.000000
1009.020000,2.884626,0.786007,-2.675371,0.000000,0.000000
1009.120000,2.884626,0.786007,-2.675371,0.000000,0.000000
1009.220000,2.884626,0.786007,-2.675371,0.000000,0.000000
1009.320000,2.884626,0.786007,-2.675371,0.000000,0.000000
1009.420000,2.884626,0.786007,-2.675371,0.000000,0.000000
1009.520000,2.884626,0.786007,-2.675371,0.000000,0.000000
1009.620000,2.884626,0.786007,-2.675371,0.000000,0.000000
1009.720000,2.884626,0.786007,-2.675371,0.000000,0.000000
1009.820000,2.884626,0.786007,-2.675371,0.000000,0.000000
1009.920000,2.884626,0.786007,-2.675371,0.000000,0.000000
1010.020000,2.884626,0.786007,-2.675371,0.000000,0.000000
1010.120000,2.884626,0.786007,-2.675371,0.000000,0.000000
1010.220000,2.884626,0.786007,-2.675371,0.000000,0.000000
1010.320000,2.884626,0.786007,-2.675371,0.000000,0.000000
1010.420000,2.884626,0.786007,-2.675371,0.000000,0.000000
1010.520000,2.884626,0.786007,-2.675371,0.000000,0.000000
1010.620000,2.884626,0.786007,-2.675371,0.000000,0.000000
1010.720000,2.884626,0.786007,-2.675371,0.000000,0.000000
1010.820000,2.884626,0.786007,-2.675371,0.000000,0.000000
1010.920000,2.884626,0.786007,-2.675371,0.000000,0.000000
1011.020000,2.884626,0.786007,-2.675371,0.000000,0.000000
1011.120000,2.884626,0.786007,-2.675371,0.000000,0.000000
1011.220000,2.884626,0.786007,-2.675371,0.000000,0.000000
1011.320000,2.884626,0.786007,-2.675371,0.000000,0.000000
1011.420000,2.884626,0.786007,-2.675371,0.000000,0.000000
1011.520000,2.884626,0.786007,-2.675371,0.000000,0.000000
1011.620000,2.884626,0.786007,-2.675371,0.000000,0.000000
1011.720000,2.884626,0.786007,-2.675371,0.000000,0.000000
1011.820000,2.884626,0.786007,-2.675371,0.000000,0.000000
1011.920000,2.884626,0.786007,-2.675371,0.000000,0.000000
1012.020000,2.884626,0.786007,-2.675371,0.000000,0.000000
1012.120000,2.884626,0.786007,-2.675371,0.000000,0.000000
1012.220000,2.884626,0.786007,-2.675371,0.000000,0.000000
1012.320000,2.884626,0.786007,-2.675371,0.000000,0.000000
1012.420000,2.884626,0.786007,-2.675371,0.000000,0.000000
1012.520000,2.884626,0.786007,-2.675371,0.000000,0.000000
1012.620000,2.884626,0.786007,-2.675371,0.000000,0.000000
1012.720000,2.884626,0.786007,-2.675371,0.000000,0.000000
1012.820000,2.884626,0.786007,-2.675371,0.000000,0.000000
1012.920000,2.884626,0.786007,-2.675371,0.000000,0.000000
1013.020000,2.884626,0.786007,-2.675371,0.000000,0.000000
1013.120000,2.884626,0.786007,-2.675371,0.000000,0.000000
1013.220000,2.884626,0.786007,-2.675371,0.000000,0.000000
1013.320000,2.884626,0.786007,-2.675371,0.000000,0.000000
1013.420000,2.884626,0.786007,-2.675371,0.000000,0.000000
1013.520000,2.884626,0.786007,-2.675371,0.000000,0.000000
1013.620000,2.884626,0.786007,-2.675371,0.000000,0.000000
1013.720000,2.884626,0.786007,-2.675371,0.000000,0.000000
1013.820000,2.884626,0.786007,-2.675371,0.000000,0.000000
1013.920000,2.884626,0.786007,-2.675371,0.000000,0.000000
1014.020000,2.884626,0.786007,-2.675371,0.000000,0.000000
1014.120000,2.884626,0.786007,-2.675371,0.000000,0.000000
1014.220000,2.884626,0.786007,-2.675371,0.000000,0.000000
1014.320000,2.884626,0.786007,-2.675371,0.000000,0.000000
1014.420000,2.884626,0.786007,-2.675371,0.000000,0.000000
1014.520000,2.884626,0.786007,-2.675371,0.000000,0.000000
1014.620000,2.884626,0.786007,-2.675371,0.000000,0.000000
1014.720000,2.884626,0.786007,-2.675371,0.000000,0.000000
1014.820000,2.884626,0.786007,-2.675371,0.000000,0.000000
1014.920000,2.884626,0.786007,-2.675371,0.000000,0.000000
1015.020000,2.884626,0.786007,-2.675371,0.000000,0.000000
1015.120000,2.884626,0.786007,-2.675371,0.000000,0.000000
1015.220000,2.884626,0.786007,-2.675371,0.000000,0.000000
1015.320000,2.884626,0.786007,-2.675371,0.000000,0.000000
1015.420000,2.884626,0.786007,-2.675371,0.000000,0.000000
1015.520000,2.884626,0.786007,-2.675371,0.000000,0.000000
1015.620000,2.884626,0.786007,-2.675371,0.000000,0.000000
1015.720000,2.884626,0.786007,-2.675371,0.000000,0.000000
1015.820000,2.884626,0.786007,-2.675371,0.000000,0.000000
1015.920000,2.884626,0.786007,-2.675371,0.000000,0.000000
1016.020000,2.884626,0.786007,-2.675371,0.000000,0.000000
1016.120000,2.884626,0.786007,-2.675371,0.000000,0.000000
1016.220000,2.884626,0.786007,-2.675371,0.000000,0.000000
1016.320000,2.884626,0.786007,-2.675371,0.000000,0.000000
1016.420000,2.884626,0.786007,-2.675371,0.000000,0.000000
1016.520000,2.884626,0.786007,-2.675371,0.000000,0.000000
1016.620000,2.884626,0.786007,-2.675371,0.000000,0.000000
1016.720000,2.884626,0.786007,-2.675371,0.000000,0.000000
1016.820000,2.884626,0.786007,-2.675371,0.000000,0.000000
1016.920000,2.884626,0.786007,-2.675371,0.000000,0.000000
1017.020000,2.884626,0.786007,-2.675371,0.000000,0.000000
1017.120000,2.884626,0.786007,-2.675371,0.000000,0.000000
1017.220000,2.884626,0.786007,-2.675371,0.000000,0.000000
1017.320000,2.884626,0.786007,-2.675371,0.000000,0.000000
1017.420000,2.884626,0.786007,-2.675371,0.000000,0.000000
1017.520000,2.884626,0.786007,-2.675371,0.000000,0.000000
1017.620000,2.884626,0.786007,-2.675371,0.000000,0.000000
1017.720000,2.884626,0.786007,-2.675371,0.000000,0.000000
1017.820000,2.884626,0.786007,-2.675371,0.000000,0.000000
1017.920000,2.884626,0.786007,-2.675371,0.000000,0.000000
1018.020000,2.884626,0.786007,-2.675371,0.000000,0.000000
1018.120000,2.884626,0.786007,-2.675371,0.000000,0.000000
1018.220000,2.884626,0.786007,-2.675371,0.000000,0.000000
1018.320000,2.884626,0.786007,-2.675371,0.000000,0.000000
1018.420000,2.884626,0.786007,-2.675371,0.000000,0.000000
1018.520000,2.884626,0.786007,-2.675371,0.000000,0.000000
1018.620000,2.884626,0.786007,-2.675371,0.000000,0.000000
1018.720000,2.884626,0.786007,-2.675371,0.000000,0.000000
1018.820000,2.884626,0.786007,-2.675371,0.000000,0.000000
1018.920000,2.884626,0.786007,-2.675371,0.000000,0.000000
1019.020000,2.884626,0.786007,-2.675371,0.000000,0.000000
1019.120000,2.884626,0.786007,-2.675371,0.000000,0.000000
1019.220000,2.884626,0.786007,-2.675371,0.000000,0.000000
1019.320000,2.884626,0.786007,-2.675371,0.000000,0.000000
1019.420000,2.884626,0.786007,-2.675371,0.000000,0.000000
1019.520000,2.884626,0.786007,-2.675371,0.000000,0.000000
1019.620000,2.884626,0.786007,-2.675371,0.000000,0.000000
1019.720000,2.884626,0.786007,-2.675371,0.000000,0.000000
1019.820000,2.884626,0.786007,-2.675371,0.000000,0.000000
1019.920000,2.884626,0.786007,-2.675371,0.000000,0.000000
1020.020000,2.884626,0.786007,-2.675371,0.000000,0.000000
1020.120000,2.884626,0.786007,-2.675371,0.000000,0.000000
1020.220000,2.884626,0.786007,-2.675371,0.000000,0.000000
1020.320000,2.884626,0.786007,-2.675371,0.000000,0.000000
1020.420000,2.884626,0.786007,-2.675371,0.000000,0.000000
1020.520000,2.884626,0.786007,-2.675371,0.000000,0.000000
1020.620000,2.884626,0.786007,-2.675371,0.000000,0.000000
1020.720000,2.884626,0.786007,-2.675371,0.000000,0.000000
1020.820000,2.884626,0.786007,-2.675371,0.000000,0.000000
1020.920000,2.884626,0.786007,-2.675371,0.000000,0.000000
1021.020000,2.884626,0.786007,-2.675371,0.000000,0.000000
1021.120000,2.884626,0.786007,-2.675371,0.000000,0.000000
1021.220000,2.884626,0.786007,-2.675371,0.000000,0.000000
1021.320000,2.884626,0.786007,-2.675371,0.000000,0.000000
1021.420000,2.884626,0.786007,-2.675371,0.000000,0.000000
1021.520000,2.884626,0.786007,-2.675371,0.000000,0.000000
1021.620000,2.884626,0.786007,-2.675371,0.000000,0.000000
1021.720000,2.884626,0.786007,-2.675371,0.000000,0.000000
1021.820000,2.884626,0.786007,-2.675371,0.000000,0.000000
1021.920000,2.884626,0.786007,-2.675371,0.000000,0.000000
1022.020000,2.884626,0.786007,-2.675371,0.000000,0.000000
1022.120000,2.884626,0.786007,-2.675371,0.000000,0.000000
1022.220000,2.884626,0.786007,-2.675371,0.000000,0.000000
1022.320000,2.884626,0.786007,-2.675371,0.000000,0.000000
1022.420000,2.884626,0.786007,-2.675371,0.000000,0.000000
1022.520000,2.884626,0.786007,-2.675371,0.000000,0.000000
1022.620000,2.884626,0.786007,-2.675371,0.000000,0.000000
1022.720000,2.884626,0.786007,-2.675371,0.000000,0.000000
1022.820000,2.884626,0.786007,-2.675371,0.000000,0.000000
1022.920000,2.884626,0.786007,-2.675371,0.000000,0.000000
1023.020000,2.884626,0.786007,-2.675371,0.000000,0.000000
1023.120000,2.884626,0.786007,-2.675371,0.000000,0.000000
1023.220000,2.884626,0.786007,-2.675371,0.000000,0.000000
1023.320000,2.884626,0.786007,-2.675371,0.000000,0.000000
1023.420000,2.884626,0.786007,-2.675371,0.000000,0.000000
1023.520000,2.884626,0.786007,-2.675371,0.000000,0.000000
1023.620000,2.884626,0.786007,-2.675371,0.000000,0.000000
1023.720000,2.884626,0.786007,-2.675371,0.000000,0.000000
1023.820000,2.884626,0.786007,-2.675371,0.000000,0.000000
1023.920000,2.884626,0.786007,-2.675371,0.000000,0.000000
1024.020000,2.884626,0.786007,-2.675371,0.000000,0.000000
1024.120000,2.884626,0.786007,-2.675371,0.000000,0.000000
1024.220000,2.884626,0.786007,-2.675371,0.000000,0.000000
1024.320000,2.884626,0.786007,-2.675371,0.000000,0.000000
1024.420000,2.884626,0.786007,-2.675371,0.000000,0.000000
1024.520000,2.884626,0.786007,-2.675371,0.000000,0.000000
1024.620000,2.884626,0.786007,-2.675371,0.000000,0.000000
1024.720000,2.884626,0.786007,-2.675371,0.000000,0.000000
1024.820000,2.884626,0.786007,-2.675371,0.000000,0.000000
1024.920000,2.884626,0.786007,-2.675371,0.000000,0.000000
1025.020000,2.884626,0.786007,-2.675371,0.000000,0.000000
1025.120000,2.884626,0.786007,-2.675371,0.000000,0.000000
1025.220000,2.884626,0.786007,-2.675371,0.000000,0.000000
1025.320000,2.884626,0.786007,-2.675371,0.000000,0.000000
1025.420000,2.884626,0.786007,-2.675371,0.000000,0.000000
1025.520000,2.884626,0.786007,-2.675371,0.000000,0.000000
1025.620000,2.884626,0.786007,-2.675371,0.000000,0.000000
1025.720000,2.884626,0.786007,-2.675371,0.000000,0.000000
1025.820000,2.884626,0.786007,-2.675371,0.000000,0.000000
1025.920000,2.884626,0.786007,-2.675371,0.000000,0.000000
1026.020000,2.884626,0.786007,-2.675371,0.000000,0.000000
1026.120000,2.884626,0.786007,-2.675371,0.000000,0.000000
1026.220000,2.884626,0.786007,-2.675371,0.000000,0.000000
1026.320000,2.884626,0.786007,-2.675371,0.000000,0.000000
1026.420000,2.884626,0.786007,-2.675371,0.000000,0.000000
1026.520000,2.884626,0.786007,-2.675371,0.000000,0.000000
1026.620000,2.884626,0.786007,-2.675371,0.000000,0.000000
1026.720000,2.884626,0.786007,-2.675371,0.000000,0.000000
1026.820000,2.884626,0.786007,-2.675371,0.000000,0.000000
1026.920000,2.884626,0.786007,-2.675371,0.000000,0.000000
1027.020000,2.884626,0.786007,-2.675371,0.000000,0.000000
1027.120000,2.884626,0.786007,-2.675371,0.000000,0.000000
1027.220000,2.884626,0.786007,-2.675371,0.000000,0.000000
1027.320000,2.884626,0.786007,-2.675371,0.000000,0.000000
1027.420000,2.884626,0.786007,-2.675371,0.000000,0.000000
1027.520000,2.884626,0.786007,-2.675371,0.000000,0.000000
1027.620000,2.884626,0.786007,-2.675371,0.000000,0.000000
1027.720000,2.884626,0.786007,-2.675371,0.000000,0.000000
1027.820000,2.884626,0.786007,-2.675371,0.000000,0.000000
1027.920000,2.884626,0.786007,-2.675371,0.000000,0.000000
1028.020000,2.884626,0.786007,-2.675371,0.000000,0.000000
1028.120000,2.884626,0.786007,-2.675371,0.000000,0.000000
1028.220000,2.884626,0.786007,-2.675371,0.000000,0.000000
1028.320000,2.884626,0.786007,-2.675371,0.000000,0.000000
1028.420000,2.884626,0.786007,-2.675371,0.000000,0.000000
1028.520000,2.884626,0.786007,-2.675371,0.000000,0.000000
1028.620000,2.884626,0.786007,-2.675371,0.000000,0.000000
1028.720000,2.884626,0.786007,-2.675371,0.000000,0.000000
1028.820000,2.884626,0.786007,-2.675371,0.000000,0.000000
1028.920000,2.884626,0.786007,-2.675371,0.000000,0.000000
1029.020000,2.884626,0.786007,-2.675371,0.000000,0.000000
1029.120000,2.884626,0.786007,-2.675371,0.000000,0.000000
1029.220000,2.884626,0.786007,-2.675371,0.000000,0.000000
1029.320000,2.884626,0.786007,-2.675371,0.000000,0.000000
1029.420000,2.884626,0.786007,-2.675371,0.000000,0.000000
1029.520000,2.884626,0.786007,-2.675371,0.000000,0.000000
1029.620000,2.884626,0.786007,-2.675371,0.000000,0.000000
1029.720000,2.884626,0.786007,-2.675371,0.000000,0.000000
1029.820000,2.884626,0.786007,-2.675371,0.000000,0.000000
1029.920000,2.884626,0.786007,-2.675371,0.000000,0.000000
1030.020000,2.884626,0.786007,-2.675371,0.000000,0.000000
1030.120000,2.884626,0.786007,-2.675371,0.000000,0.000000
1030.220000,2.884626,0.786007,-2.675371,0.000000,0.000000
1030.320000,2.884626,0.786007,-2.675371,0.000000,0.000000
1030.420000,2.884626,0.786007,-2.675371,0.000000,0.000000
1030.520000,2.884626,0.786007,-2.675371,0.000000,0.000000
1030.620000,2.884626,0.786007,-2.675371,0.000000,0.000000
1030.720000,2.884626,0.786007,-2.675371,0.000000,0.000000
1030.820000,2.884626,0.786007,-2.675371,0.000000,0.000000
1030.920000,2.884626,0.786007,-2.675371,0.000000,0.000000
1031.020000,2.884626,0.786007,-2.675371,0.000000,0.000000
1031.120000,2.884626,0.786007,-2.675371,0.000000,0.000000
1031.220000,2.884626,0.786007,-2.675371,0.000000,0.000000
1031.320000,2.884626,0.786007,-2.675371,0.000000,0.000000
1031.420000,2.884626,0.786007,-2.675371,0.000000,0.000000
1031.520000,2.884626,0.786007,-2.675371,0.000000,0.000000
1031.620000,2.884626,0.786007,-2.675371,0.000000,0.000000
1031.720000,2.884626,0.786007,-2.675371,0.000000,0.000000
1031.820000,2.884626,0.786007,-2.675371,0.000000,0.000000
1031.920000,2.884626,0.786007,-2.675371,0.000000,0.000000
1032.020000,2.884626,0.786007,-2.675371,0.000000,0.000000
1032.120000,2.884626,0.786007,-2.675371,0.000000,0.000000
1032.220000,2.884626,0.786007,-2.675371,0.000000,0.000000
1032.320000,2.884626,0.786007,-2.675371,0.000000,0.000000
1032.420000,2.884626,0.786007,-2.675371,0.000000,0.000000
1032.520000,2.884626,0.786007,-2.675371,0.000000,0.000000
1032.620000,2.884626,0.786007,-2.675371,0.000000,0.000000
1032.720000,2.884626,0.786007,-2.675371,0.000000,0.000000
1032.820000,2.884626,0.786007,-2.675371,0.000000,0.000000
1032.920000,2.884626,0.786007,-2.675371,0.000000,0.000000
1033.020000,2.884626,0.786007,-2.675371,0.000000,0.000000
1033.120000,2.884626,0.786007,-2.675371,0.000000,0.000000
1033.220000,2.884626,0.786007,-2.675371,0.000000,0.000000
1033.320000,2.884626,0.786007,-2.675371,0.000000,0.000000
1033.420000,2.884626,0.786007,-2.675371,0.000000,0.000000
1033.520000,2.884626,0.786007,-2.675371,0.000000,0.000000
1033.620000,2.884626,0.786007,-2.675371,0.000000,0.000000
1033.720000,2.884626,0.786007,-2.675371,0.000000,0.000000
1033.820000,2.884626,0.786007,-2.675371,0.000000,0.000000
1033.920000,2.884626,0.786007,-2.675371,0.000000,0.000000
1034.020000,2.884626,0.786007,-2.675371,0.000000,0.000000
1034.120000,2.884626,0.786007,-2.675371,0.000000,0.000000
1034.220000,2.884626,0.786007,-2.675371,0.000000,0.000000
1034.320000,2.884626,0.786007,-2.675371,0.000000,0.000000
1034.420000,2.884626,0.786007,-2.675371,0.000000,0.000000
1034.520000,2.884626,0.786007,-2.675371,0.000000,0.000000
1034.620000,2.884626,0.786007,-2.675371,0.000000,0.000000
1034.720000,2.884626,0.786007,-2.675371,0.000000,0.000000
1034.820000,2.884626,0.786007,-2.675371,0.000000,0.000000
1034.920000,2.884626,0.786007,-2.675371,0.000000,0.000000
1035.020000,2.884626,0.786007,-2.675371,0.000000,0.000000
1035.120000,2.884626,0.786007,-2.675371,0.000000,0.000000
1035.220000,2.884626,0.786007,-2.675371,0.000000,0.000000
1035.320000,2.884626,0.786007,-2.675371,0.000000,0.000000
1035.420000,2.884626,0.786007,-2.675371,0.000000,0.000000
1035.520000,2.884626,0.786007,-2.675371,0.000000,0.000000
1035.620000,2.884626,0.786007,-2.675371,0.000000,0.000000
1035.720000,2.884626,0.786007,-2.675371,0.000000,0.000000
1035.820000,2.884626,0.786007,-2.675371,0.000000,0.000000
1035.920000,2.884626,0.786007,-2.675371,0.000000,0.000000
1036.020000,2.884626,0.786007,-2.675371,0.000000,0.000000
1036.120000,2.884626,0.786007,-2.675371,0.000000,0.000000
1036.220000,2.884626,0.786007,-2.675371,0.000000,0.000000
1036.320000,2.884626,0.786007,-2.675371,0.000000,0.000000
1036.420000,2.884626,0.786007,-2.675371,0.000000,0.000000
1036.520000,2.884626,0.786007,-2.675371,0.000000,0.000000
1036.620000,2.884626,0.786007,-2.675371,0.000000,0.000000
1036.720000,2.884626,0.786007,-2.675371,0.000000,0.000000
1036.820000,2.884626,0.786007,-2.675371,0.000000,0.000000
1036.920000,2.884626,0.786007,-2.675371,0.000000,0.000000
1037.020000,2.884626,0.786007,-2.675371,0.000000,0.000000
1037.120000,2.884626,0.786007,-2.675371,0.000000,0.000000
1037.220000,2.884626,0.786007,-2.675371,0.000000,0.000000
1037.320000,2.884626,0.786007,-2.675371,0.000000,0.000000
1037.420000,2.884626,0.786007,-2.675371,0.000000,0.000000
1037.520000,2.884626,0.786007,-2.675371,0.000000,0.000000
1037.620000,2.884626,0.786007,-2.675371,0.000000,0.000000
1037.720000,2.884626,0.786007,-2.675371,0.000000,0.000000
1037.820000,2.884626,0.786007,-2.675371,0.000000,0.000000
1037.920000,2.884626,0.786007,-2.675371,0.000000,0.000000
1038.020000,2.884626,0.786007,-2.675371,0.000000,0.000000
1038.120000,2.884626,0.786007,-2.675371,0.000000,0.000000
1038.220000,2.884626,0.786007,-2.675371,0.000000,0.000000
1038.320000,2.884626,0.786007,-2.675371,0.000000,0.000000
1038.420000,2.884626,0.786007,-2.675371,0.000000,0.000000
1038.520000,2.884626,0.786007,-2.675371,0.000000,0.000000
1038.620000,2.884626,0.786007,-2.675371,0.000000,0.000000
1038.720000,2.884626,0.786007,-2.675371,0.000000,0.000000
1038.820000,2.884626,0.786007,-2.675371,0.000000,0.000000
1038.920000,2.884626,0.786007,-2.675371,0.000000,0.000000
1039.020000,2.884626,0.786007,-2.675371,0.000000,0.000000
1039.120000,2.884626,0.786007,-2.675371,0.000000,0.000000
1039.220000,2.884626,0.786007,-2.675371,0.000000,0.000000
1039.320000,2.884626,0.786007,-2.675371,0.000000,0.000000
1039.420000,2.884626,0.786007,-2.675371,0.000000,0.000000
1039.520000,2.884626,0.786007,-2.675371,0.000000,0.000000
1039.620000,2.884626,0.786007,-2.675371,0.000000,0.000000
1039.720000,2.884626,0.786007,-2.675371,0.000000,0.000000
1039.820000,2.884626,0.786007,-2.675371,0.000000,0.000000
1039.920000,2.884626,0.786007,-2.675371,0.000000,0.000000
1040.020000,2.884626,0.786007,-2.675371,0.000000,0.000000
1040.120000,2.884626,0.786007,-2.675371,0.000000,0.000000
1040.220000,2.884626,0.786007,-2.675371,0.000000,0.000000
1040.320000,2.884626,0.786007,-2.675371,0.000000,0.000000
1040.420000,2.884626,0.786007,-2.675371,0.000000,0.000000
1040.520000,2.884626,0.786007,-2.675371,0.000000,0.000000
1040.620000,2.884626,0.786007,-2.675371,0.000000,0.000000
1040.720000,2.884626,0.786007,-2.675371,0.000000,0.000000
1040.820000,2.884626,0.786007,-2.675371,0.000000,0.000000
1040.920000,2.884626,0.786007,-2.675371,0.000000,0.000000
1041.020000,2.884626,0.786007,-2.675371,0.000000,0.000000
1041.120000,2.884626,0.786007,-2.675371,0.000000,0.000000
1041.220000,2.884626,0.786007,-2.675371,0.000000,0.000000
1041.320000,2.884626,0.786007,-2.675371,0.000000,0.000000
1041.420000,2.884626,0.786007,-2.675371,0.000000,0.000000
1041.520000,2.884626,0.786007,-2.675371,0.000000,0.000000
1041.620000,2.884626,0.786007,-2.675371,0.000000,0.000000
1041.720000,2.884626,0.786007,-2.675371,0.000000,0.000000
1041.820000,2.884626,0.786007,-2.675371,0.000000,0.000000
1041.920000,2.884626,0.786007,-2.675371,0.000000,0.000000
1042.020000,2.884626,0.786007,-2.675371,0.000000,0.000000
1042.120000,2.884626,0.786007,-2.675371,0.000000,0.000000
1042.220000,2.884626,0.786007,-2.675371,0.000000,0.000000
1042.320000,2.884626,0.786007,-2.675371,0.000000,0.000000
1042.420000,2.884626,0.786007,-2.675371,0.000000,0.000000
1042.520000,2.884626,0.786007,-2.675371,0.000000,0.000000
1042.620000,2.884626,0.786007,-2.675371,0.000000,0.000000
1042.720000,2.884626,0.786007,-2.675371,0.000000,0.000000
1042.820000,2.884626,0.786007,-2.675371,0.000000,0.000000
1042.920000,2.884626,0.786007,-2.675371,0.000000,0.000000
1043.020000,2.884626,0.786007,-2.675371,0.000000,0.000000
1043.120000,2.884626,0.786007,-2.675371,0.000000,0.000000
1043.220000,2.884626,0.786007,-2.675371,0.000000,0.000000
1043.320000,2.884626,0.786007,-2.675371,0.000000,0.000000
1043.420000,2.884626,0.786007,-2.675371,0.000000,0.000000
1043.520000,2.884626,0.786007,-2.675371,0.000000,0.000000
1043.620000,2.884626,0.786007,-2.675371,0.000000,0.000000
1043.720000,2.884626,0.786007,-2.675371,0.000000,0.000000
1043.820000,2.884626,0.786007,-2.675371,0.000000,0.000000
1043.920000,2.884626,0.786007,-2.675371,0.000000,0.000000
1044.020000,2.884626,0.786007,-2.675371,0.000000,0.000000
1044.120000,2.884626,0.786007,-2.675371,0.000000,0.000000
1044.220000,2.884626,0.786007,-2.675371,0.000000,0.000000
1044.320000,2.884626,0.786007,-2.675371,0.000000,0.000000
1044.420000,2.884626,0.786007,-2.675371,0.000000,0.000000
1044.520000,2.884626,0.786007,-2.675371,0.000000,0.000000
1044.620000,2.884626,0.786007,-2.675371,0.000000,0.000000
1044.720000,2.884626,0.786007,-2.675371,0.000000,0.000000
1044.820000,2.884626,0.786007,-2.675371,0.000000,0.000000
1044.920000,2.884626,0.786007,-2.675371,0.000000,0.000000
1045.020000,2.884626,0.786007,-2.675371,0.000000,0.000000
1045.120000,2.884626,0.786007,-2.675371,0.000000,0.000000
1045.220000,2.884626,0.786007,-2.675371,0.000000,0.000000
1045.320000,2.884626,0.786007,-2.675371,0.000000,0.000000
1045.420000,2.884626,0.786007,-2.675371,0.000000,0.000000
1045.520000,2.884626,0.786007,-2.675371,0.000000,0.000000
1045.620000,2.884626,0.786007,-2.675371,0.000000,0.000000
1045.720000,2.884626,0.786007,-2.675371,0.000000,0.000000
1045.820000,2.884626,0.786007,-2.675371,0.000000,0.000000
1045.920000,2.884626,0.786007,-2.675371,0.000000,0.000000
1046.020000,2.884626,0.786007,-2.675371,0.000000,0.000000
1046.120000,2.884626,0.786007,-2.675371,0.000000,0.000000
1046.220000,2.884626,0.786007,-2.675371,0.000000,0.000000
1046.320000,2.884626,0.786007,-2.675371,0.000000,0.000000
1046.420000,2.884626,0.786007,-2.675371,0.000000,0.000000
1046.520000,2.884626,0.786007,-2.675371,0.000000,0.000000
1046.620000,2.884626,0.786007,-2.675371,0.000000,0.000000
1046.720000,2.884626,0.786007,-2.675371,0.000000,0.000000
1046.820000,2.884626,0.786007,-2.675371,0.000000,0.000000
1046.920000,2.884626,0.786007,-2.675371,0.000000,0.000000
1047.020000,2.884626,0.786007,-2.675371,0.000000,0.000000
1047.120000,2.884626,0.786007,-2.675371,0.000000,0.000000
1047.220000,2.884626,0.786007,-2.675371,0.000000,0.000000
1047.320000,2.884626,0.786007,-2.675371,0.000000,0.000000
1047.420000,2.884626,0.786007,-2.675371,0.000000,0.000000
1047.520000,2.884626,0.786007,-2.675371,0.000000,0.000000
1047.620000,2.884626,0.786007,-2.675371,0.000000,0.000000
1047.720000,2.884626,0.786007,-2.675371,0.000000,0.000000
1047.820000,2.884626,0.786007,-2.675371,0.000000,0.000000
1047.920000,2.884626,0.786007,-2.675371,0.000000,0.000000
1048.020000,2.884626,0.786007,-2.675371,0.000000,0.000000
1048.120000,2.884626,0.786007,-2.675371,0.000000,0.000000
1048.220000,2.884626,0.786007,-2.675371,0.000000,0.000000
1048.320000,2.884626,0.786007,-2.675371,0.000000,0.000000
1048.420000,2.884626,0.786007,-2.675371,0.000000,0.000000
1048.520000,2.884626,0.786007,-2.675371,0.000000,0.000000
1048.620000,2.884626,0.786007,-2.675371,0.000000,0.000000
1048.720000,2.884626,0.786007,-2.675371,0.000000,0.000000
1048.820000,2.884626,0.786007,-2.675371,0.000000,0.000000
1048.920000,2.884626,0.786007,-2.675371,0.000000,0.000000
1049.020000,2.884626,0.786007,-2.675371,0.000000,0.000000
1049.120000,2.884626,0.786007,-2.675371,0.000000,0.000000
1049.220000,2.884626,0.786007,-2.675371,0.000000,0.000000
1049.320000,2.884626,0.786007,-2.675371,0.000000,0.000000
1049.420000,2.884626,0.786007,-2.675371,0.000000,0.000000
1049.520000,2.884626,0.786007,-2.675371,0.000000,0.000000
1049.620000,2.884626,0.786007,-2.675371,0.000000,0.000000
1049.720000,2.884626,0.786007,-2.675371,0.000000,0.000000
1049.820000,2.884626,0.786007,-2.675371,0.000000,0.000000
1049.920000,2.884626,0.786007,-2.675371,0.000000,0.000000
1050.020000,2.884626,0.786007,-2.675371,0.000000,0.000000
1050.120000,2.884626,0.786007,-2.675371,0.000000,0.000000
1050.220000,2.884626,0.786007,-2.675371,0.000000,0.000000
1050.320000,2.884626,0.786007,-2.675371,0.000000,0.000000
1050.420000,2.884626,0.786007,-2.675371,0.000000,0.000000
1050.520000,2.884626,0.786007,-2.675371,0.000000,0.000000
1050.620000,2.884626,0.786007,-2.675371,0.000000,0.000000
1050.720000,2.884626,0.786007,-2.675371,0.000000,0.000000
1050.820000,2.884626,0.786007,-2.675371,0.000000,0.000000
1050.920000,2.884626,0.786007,-2.675371,0.000000,0.000000
1051.020000,2.884626,0.786007,-2.675371,0.000000,0.000000
1051.120000,2.884626,0.786007,-2.675371,0.000000,0.000000
1051.220000,2.884626,0.786007,-2.675371,0.000000,0.000000
1051.320000,2.884626,0.786007,-2.675371,0.000000,0.000000
1051.420000,2.884626,0.786007,-2.675371,0.000000,0.000000
1051.520000,2.884626,0.786007,-2.675371,0.000000,0.000000
1051.620000,2.884626,0.786007,-2.675371,0.000000,0.000000
1051.720000,2.884626,0.786007,-2.675371,0.000000,0.000000
1051.820000,2.884626,0.786007,-2.675371,0.000000,0.000000
1051.920000,2.884626,0.786007,-2.675371,0.000000,0.000000
1052.020000,2.884626,0.786007,-2.675371,0.000000,0.000000
1052.120000,2.884626,0.786007,-2.675371,0.000000,0.000000
1052.220000,2.884626,0.786007,-2.675371,0.000000,0.000000
1052.320000,2.884626,0.786007,-2.675371,0.000000,0.000000
1052.420000,2.884626,0.786007,-2.675371,0.000000,0.000000
1052.520000,2.884626,0.786007,-2.675371,0.000000,0.000000
1052.620000,2.884626,0.786007,-2.675371,0.000000,0.000000
1052.720000,2.884626,0.786007,-2.675371,0.000000,0.000000
1052.820000,2.884626,0.786007,-2.675371,0.000000,0.000000
1052.920000,2.884626,0.786007,-2.675371,0.000000,0.000000
1053.020000,2.884626,0.786007,-2.675371,0.000000,0.000000
1053.120000,2.884626,0.786007,-2.675371,0.000000,0.000000
1053.220000,2.884626,0.786007,-2.675371,0.000000,0.000000
1053.320000,2.884626,0.786007,-2.675371,0.000000,0.000000
1053.420000,2.884626,0.786007,-2.675371,0.000000,0.000000
1053.520000,2.884626,0.786007,-2.675371,0.000000,0.000000
1053.620000,2.884626,0.786007,-2.675371,0.000000,0.000000
1053.720000,2.884626,0.786007,-2.675371,0.000000,0.000000
1053.820000,2.884626,0.786007,-2.675371,0.000000,0.000000
1053.920000,2.884626,0.786007,-2.675371,0.000000,0.000000
1054.020000,2.884626,0.786007,-2.675371,0.000000,0.000000
1054.120000,2.884626,0.786007,-2.675371,0.000000,0.000000
1054.220000,2.884626,0.786007,-2.675371,0.000000,0.000000
1054.320000,2.884626,0.786007,-2.675371,0.000000,0.000000
1054.420000,2.884626,0.786007,-2.675371,0.000000,0.000000
1054.520000,2.884626,0.786007,-2.675371,0.000000,0.000000
1054.620000,2.884626,0.786007,-2.675371,0.000000,0.000000
1054.720000,2.884626,0.786007,-2.675371,0.000000,0.000000
1054.820000,2.884626,0.786007,-2.675371,0.000000,0.000000
1054.920000,2.884626,0.786007,-2.675371,0.000000,0.000000
1055.020000,2.884626,0.786007,-2.675371,0.000000,0.000000
1055.120000,2.884626,0.786007,-2.675371,0.000000,0.000000
1055.220000,2.884626,0.786007,-2.675371,0.000000,0.000000
1055.320000,2.884626,0.786007,-2.675371,0.000000,0.000000
1055.420000,2.884626,0.786007,-2.675371,0.000000,0.000000
1055.520000,2.884626,0.786007,-2.675371,0.000000,0.000000
1055.620000,2.884626,0.786007,-2.675371,0.000000,0.000000
1055.720000,2.884626,0.786007,-2.675371,0.000000,0.000000
1055.820000,2.884626,0.786007,-2.675371,0.000000,0.000000
1055.920000,2.884626,0.786007,-2.675371,0.000000,0.000000
1056.020000,2.884626,0.786007,-2.675371,0.000000,0.000000
1056.120000,2.884626,0.786007,-2.675371,0.000000,0.000000
1056.220000,2.884626,0.786007,-2.675371,0.000000,0.000000
1056.320000,2.884626,0.786007,-2.675371,0.000000,0.000000
1056.420000,2.884626,0.786007,-2.675371,0.000000,0.000000
1056.520000,2.884626,0.786007,-2.675371,0.000000,0.000000
1056.620000,2.884626,0.786007,-2.675371,0.000000,0.000000
1056.720000,2.884626,0.786007,-2.675371,0.000000,0.000000
1056.820000,2.884626,0.786007,-2.675371,0.000000,0.000000
1056.920000,2.884626,0.786007,-2.675371,0.000000,0.000000
1057.020000,2.884626,0.786007,-2.675371,0.000000,0.000000
1057.120000,2.884626,0.786007,-2.675371,0.000000,0.000000
1057.220000,2.884626,0.786007,-2.675371,0.000000,0.000000
1057.320000,2.884626,0.786007,-2.675371,0.000000,0.000000
1057.420000,2.884626,0.786007,-2.675371,0.000000,0.000000
1057.520000,2.884626,0.786007,-2.675371,0.000000,0.000000
1057.620000,2.884626,0.786007,-2.675371,0.000000,0.000000
1057.720000,2.884626,0.786007,-2.675371,0.000000,0.000000
1057.820000,2.884626,0.786007,-2.675371,0.000000,0.000000
1057.920000,2.884626,0.786007,-2.675371,0.000000,0.000000
1058.020000,2.884626,0.786007,-2.675371,0.000000,0.000000
1058.120000,2.884626,0.786007,-2.675371,0.000000,0.000000
1058.220000,2.884626,0.786007,-2.675371,0.000000,0.000000
1058.320000,2.884626,0.786007,-2.675371,0.000000,0.000000
1058.420000,2.884626,0.786007,-2.675371,0.000000,0.000000
1058.520000,2.884626,0.786007,-2.675371,0.000000,0.000000
1058.620000,2.884626,0.786007,-2.675371,0.000000,0.000000
1058.720000,2.884626,0.786007,-2.675371,0.000000,0.000000
1058.820000,2.884626,0.786007,-2.675371,0.000000,0.000000
1058.920000,2.884626,0.786007,-2.675371,0.000000,0.000000
1059.020000,2.884626,0.786007,-2.675371,0.000000,0.000000
1059.120000,2.884626,0.786007,-2.675371,0.000000,0.000000
1059.220000,2.884626,0.786007,-2.675371,0.000000,0.000000
1059.320000,2.884626,0.786007,-2.675371,0.000000,0.000000
1059.420000,2.884626,0.786007,-2.675371,0.000000,0.000000
1059.520000,2.884626,0.786007,-2.675371,0.000000,0.000000
1059.620000,2.884626,0.786007,-2.675371,0.000000,0.000000
1059.720000,2.884626,0.786007,-2.675371,0.000000,0.000000
1059.820000,2.884626,0.786007,-2.675371,0.000000,0.000000
1059.920000,2.884626,0.786007,-2.675371,0.000000,0.000000
1060.020000,2.884626,0.786007,-2.675371,0.000000,0.000000
1060.120000,2.884626,0.786007,-2.675371,0.000000,0.000000
1060.220000,2.884626,0.786007,-2.675371,0.000000,0.000000
1060.320000,2.884626,0.786007,-2.675371,0.000000,0.000000
1060.420000,2.884626,0.786007,-2.675371,0.000000,0.000000
1060.520000,2.884626,0.786007,-2.675371,0.000000,0.000000
1060.620000,2.884626,0.786007,-2.675371,0.000000,0.000000
1060.720000,2.884626,0.786007,-2.675371,0.000000,0.000000
1060.820000,2.884626,0.786007,-2.675371,0.000000,0.000000
1060.920000,2.884626,0.786007,-2.675371,0.000000,0.000000
1061.020000,2.884626,0.786007,-2.675371,0.000000,0.000000
1061.120000,2.884626,0.786007,-2.675371,0.000000,0.000000
1061.220000,2.884626,0.786007,-2.675371,0.000000,0.000000
1061.320000,2.884626,0.786007,-2.675371,0.000000,0.000000
1061.420000,2.884626,0.786007,-2.675371,0.000000,0.000000
1061.520000,2.884626,0.786007,-2.675371,0.000000,0.000000
1061.620000,2.884626,0.786007,-2.675371,0.000000,0.000000
1061.720000,2.884626,0.786007,-2.675371,0.000000,0.000000
1061.820000,2.884626,0.786007,-2.675371,0.000000,0.000000
1061.920000,2.884626,0.786007,-2.675371,0.000000,0.000000
1062.020000,2.884626,0.786007,-2.675371,0.000000,0.000000
1062.120000,2.884626,0.786007,-2.675371,0.000000,0.000000
1062.220000,2.884626,0.786007,-2.675371,0.000000,0.000000
1062.320000,2.884626,0.786007,-2.675371,0.000000,0.000000
1062.420000,2.884626,0.786007,-2.675371,0.000000,0.000000
1062.520000,2.884626,0.786007,-2.675371,0.000000,0.000000
1062.620000,2.884626,0.786007,-2.675371,0.000000,0.000000
1062.720000,2.884626,0.786007,-2.675371,0.000000,0.000000
1062.820000,2.884626,0.786007,-2.675371,0.000000,0.000000
1062.920000,2.884626,0.786007,-2.675371,0.000000,0.000000
1063.020000,2.884626,0.786007,-2.675371,0.000000,0.000000
1063.120000,2.884626,0.786007,-2.675371,0.000000,0.000000
1063.220000,2.884626,0.786007,-2.675371,0.000000,0.000000
1063.320000,2.884626,0.786007,-2.675371,0.000000,0.000000
1063.420000,2.884626,0.786007,-2.675371,0.000000,0.000000
1063.520000,2.884626,0.786007,-2.675371,0.000000,0.000000
1063.620000,2.884626,0.786007,-2.675371,0.000000,0.000000
1063.720000,2.884626,0.786007,-2.675371,0.000000,0.000000
1063.820000,2.884626,0.786007,-2.675371,0.000000,0.000000
1063.920000,2.884626,0.786007,-2.675371,0.000000,0.000000
1064.020000,2.884626,0.786007,-2.675371,0.000000,0.000000
1064.120000,2.884626,0.786007,-2.675371,0.000000,0.000000
1064.220000,2.884626,0.786007,-2.675371,0.000000,0.000000
1064.320000,2.884626,0.786007,-2.675371,0.000000,0.000000
1064.420000,2.884626,0.786007,-2.675371,0.000000,0.000000
1064.520000,2.884626,0.786007,-2.675371,0.000000,0.000000
1064.620000,2.884626,0.786007,-2.675371,0.000000,0.000000
1064.720000,2.884626,0.786007,-2.675371,0.000000,0.000000
1064.820000,2.884626,0.786007,-2.675371,0.000000,0.000000
1064.920000,2.884626,0.786007,-2.675371,0.000000,0.000000
1065.020000,2.884626,0.786007,-2.675371,0.000000,0.000000
1065.120000,2.884626,0.786007,-2.675371,0.000000,0.000000
1065.220000,2.884626,0.786007,-2.675371,0.000000,0.000000
1065.320000,2.884626,0.786007,-2.675371,0.000000,0.000000
1065.420000,2.884626,0.786007,-2.675371,0.000000,0.000000
1065.520000,2.884626,0.786007,-2.675371,0.000000,0.000000
1065.620000,2.884626,0.786007,-2.675371,0.000000,0.000000
1065.720000,2.884626,0.786007,-2.675371,0.000000,0.000000
1065.820000,2.884626,0.786007,-2.675371,0.000000,0.000000
1065.920000,2.884626,0.786007,-2.675371,0.000000,0.000000
1066.020000,2.884626,0.786007,-2.675371,0.000000,0.000000
1066.120000,2.884626,0.786007,-2.675371,0.000000,0.000000
1066.220000,2.884626,0.786007,-2.675371,0.000000,0.000000
1066.320000,2.884626,0.786007,-2.675371,0.000000,0.000000
1066.420000,2.884626,0.786007,-2.675371,0.000000,0.000000
1066.520000,2.884626,0.786007,-2.675371,0.000000,0.000000
1066.620000,2.884626,0.786007,-2.675371,0.000000,0.000000
1066.720000,2.884626,0.786007,-2.675371,0.000000,0.000000
1066.820000,2.884626,0.786007,-2.675371,0.000000,0.000000
1066.920000,2.884626,0.786007,-2.675371,0.000000,0.000000
1067.020000,2.884626,0.786007,-2.675371,0.000000,0.000000
1067.120000,2.884626,0.786007,-2.675371,0.000000,0.000000
1067.220000,2.884626,0.786007,-2.675371,0.000000,0.000000
1067.320000,2.884626,0.786007,-2.675371,0.000000,0.000000
1067.420000,2.884626,0.786007,-2.675371,0.000000,0.000000
1067.520000,2.884626,0.786007,-2.675371,0.000000,0.000000
1067.620000,2.884626,0.786007,-2.675371,0.000000,0.000000
1067.720000,2.884626,0.786007,-2.675371,0.000000,0.000000
1067.820000,2.884626,0.786007,-2.675371,0.000000,0.000000
1067.920000,2.884626,0.786007,-2.675371,0.000000,0.000000
1068.020000,2.884626,0.786007,-2.675371,0.000000,0.000000
1068.120000,2.884626,0.786007,-2.675371,0.000000,0.000000
1068.220000,2.884626,0.786007,-2.675371,0.000000,0.000000
1068.320000,2.884626,0.786007,-2.675371,0.000000,0.000000
1068.420000,2.884626,0.786007,-2.675371,0.000000,0.000000
1068.520000,2.884626,0.786007,-2.675371,0.000000,0.000000
1068.620000,2.884626,0.786007,-2.675371,0.000000,0.000000
1068.720000,2.884626,0.786007,-2.675371,0.000000,0.000000
1068.820000,2.884626,0.786007,-2.675371,0.000000,0.000000
1068.920000,2.884626,0.786007,-2.675371,0.000000,0.000000
1069.020000,2.884626,0.786007,-2.675371,0.000000,0.000000
1069.120000,2.884626,0.786007,-2.675371,0.000000,0.000000
1069.220000,2.884626,0.786007,-2.675371,0.000000,0.000000
1069.320000,2.884626,0.786007,-2.675371,0.000000,0.000000
1069.420000,2.884626,0.786007,-2.675371,0.000000,0.000000
1069.520000,2.884626,0.786007,-2.675371,0.000000,0.000000
1069.620000,2.884626,0.786007,-2.675371,0.000000,0.000000
1069.720000,2.884626,0.786007,-2.675371,0.000000,0.000000
1069.820000,2.884626,0.786007,-2.675371,0.000000,0.000000
1069.920000,2.884626,0.786007,-2.675371,0.000000,0.000000
1070.020000,2.884626,0.786007,-2.675371,0.000000,0.000000
1070.120000,2.884626,0.786007,-2.675371,0.000000,0.000000
1070.220000,2.884626,0.786007,-2.675371,0.000000,0.000000
1070.320000,2.884626,0.786007,-2.675371,0.000000,0.000000
1070.420000,2.884626,0.786007,-2.675371,0.000000,0.000000
1070.520000,2.884626,0.786007,-2.675371,0.000000,0.000000
1070.620000,2.884626,0.786007,-2.675371,0.000000,0.000000
1070.720000,2.884626,0.786007,-2.675371,0.000000,0.000000
1070.820000,2.884626,0.786007,-2.675371,0.000000,0.000000
1070.920000,2.884626,0.786007,-2.675371,0.000000,0.000000
1071.020000,2.884626,0.786007,-2.675371,0.000000,0.000000
1071.120000,2.884626,0.786007,-2.675371,0.000000,0.000000
1071.220000,2.884626,0.786007,-2.675371,0.000000,0.000000
1071.320000,2.884626,0.786007,-2.675371,0.000000,0.000000
1071.420000,2.884626,0.786007,-2.675371,0.000000,0.000000
1071.520000,2.884626,0.786007,-2.675371,0.000000,0.000000
1071.620000,2.884626,0.786007,-2.675371,0.000000,0.000000
1071.720000,2.884626,0.786007,-2.675371,0.000000,0.000000
1071.820000,2.884626,0.786007,-2.675371,0.000000,0.000000
1071.920000,2.884626,0.786007,-2.675371,0.000000,0.000000
1072.020000,2.884626,0.786007,-2.675371,0.000000,0.000000
1072.120000,2.884626,0.786007,-2.675371,0.000000,0.000000
1072.220000,2.884626,0.786007,-2.675371,0.000000,0.000000
1072.320000,2.884626,0.786007,-2.675371,0.000000,0.000000
1072.420000,2.884626,0.786007,-2.675371,0.000000,0.000000
1072.520000,2.884626,0.786007,-2.675371,0.000000,0.000000
1072.620000,2.884626,0.786007,-2.675371,0.000000,0.000000
1072.720000,2.884626,0.786007,-2.675371,0.000000,0.000000
1072.820000,2.884626,0.786007,-2.675371,0.000000,0.000000
1072.920000,2.884626,0.786007,-2.675371,0.000000,0.000000
1073.020000,2.884626,0.786007,-2.675371,0.000000,0.000000
1073.120000,2.884626,0.786007,-2.675371,0.000000,0.000000
1073.220000,2.884626,0.786007,-2.675371,0.000000,0.000000
1073.320000,2.884626,0.786007,-2.675371,0.000000,0.000000
1073.420000,2.884626,0.786007,-2.675371,0.000000,0.000000
1073.520000,2.884626,0.786007,-2.675371,0.000000,0.000000
1073.620000,2.884626,0.786007,-2.675371,0.000000,0.000000
1073.720000,2.884626,0.786007,-2.675371,0.000000,0.000000
1073.820000,2.884626,0.786007,-2.675371,0.000000,0.000000
1073.920000,2.884626,0.786007,-2.675371,0.000000,0.000000
1074.020000,2.884626,0.786007,-2.675371,0.000000,0.000000
1074.120000,2.884626,0.786007,-2.675371,0.000000,0.000000
1074.220000,2.884626,0.786007,-2.675371,0.000000,0.000000
1074.320000,2.884626,0.786007,-2.675371,0.000000,0.000000
1074.420000,2.884626,0.786007,-2.675371,0.000000,0.000000
1074.520000,2.884626,0.786007,-2.675371,0.000000,0.000000
1074.620000,2.884626,0.786007,-2.675371,0.000000,0.000000
1074.720000,2.884626,0.786007,-2.675371,0.000000,0.000000
1074.820000,2.884626,0.786007,-2.675371,0.000000,0.000000
1074.920000,2.884626,0.786007,-2.675371,0.000000,0.000000
1075.020000,2.884626,0.786007,-2.675371,0.000000,0.000000
1075.120000,2.884626,0.786007,-2.675371,0.000000,0.000000
1075.220000,2.884626,0.786007,-2.675371,0.000000,0.000000
1075.320000,2.884626,0.786007,-2.675371,0.000000,0.000000
1075.420000,2.884626,0.786007,-2.675371,0.000000,0.000000
1075.520000,2.884626,0.786007,-2.675371,0.000000,0.000000
1075.620000,2.884626,0.786007,-2.675371,0.000000,0.000000
1075.720000,2.884626,0.786007,-2.675371,0.000000,0.000000
1075.820000,2.884626,0.786007,-2.675371,0.000000,0.000000
1075.920000,2.884626,0.786007,-2.675371,0.000000,0.000000
1076.020000,2.884626,0.786007,-2.675371,0.000000,0.000000
1076.120000,2.884626,0.786007,-2.675371,0.000000,0.000000
1076.220000,2.884626,0.786007,-2.675371,0.000000,0.000000
1076.320000,2.884626,0.786007,-2.675371,0.000000,0.000000
1076.420000,2.884626,0.786007,-2.675371,0.000000,0.000000
1076.520000,2.884626,0.786007,-2.675371,0.000000,0.000000
1076.620000,2.884626,0.786007,-2.675371,0.000000,0.000000
1076.720000,2.884626,0.786007,-2.675371,0.000000,0.000000
1076.820000,2.884626,0.786007,-2.675371,0.000000,0.000000
1076.920000,2.884626,0.786007,-2.675371,0.000000,0.000000
1077.020000,2.884626,0.786007,-2.675371,0.000000,0.000000
1077.120000,2.884626,0.786007,-2.675371,0.000000,0.000000
1077.220000,2.884626,0.786007,-2.675371,0.000000,0.000000
1077.320000,2.884626,0.786007,-2.675371,0.000000,0.000000
1077.420000,2.884626,0.786007,-2.675371,0.000000,0.000000
1077.520000,2.884626,0.786007,-2.675371,0.000000,0.000000
1077.620000,2.884626,0.786007,-2.675371,0.000000,0.000000
1077.720000,2.884626,0.786007,-2.675371,0.000000,0.000000
1077.820000,2.884626,0.786007,-2.675371,0.000000,0.000000
1077.920000,2.884626,0.786007,-2.675371,0.000000,0.000000
1078.020000,2.884626,0.786007,-2.675371,0.000000,0.000000
1078.120000,2.884626,0.786007,-2.675371,0.000000,0.000000
1078.220000,2.884626,0.786007,-2.675371,0.000000,0.000000
1078.320000,2.884626,0.786007,-2.675371,0.000000,0.000000
1078.420000,2.884626,0.786007,-2.675371,0.000000,0.000000
1078.520000,2.884626,0.786007,-2.675371,0.000000,0.000000
1078.620000,2.884626,0.786007,-2.675371,0.000000,0.000000
1078.720000,2.884626,0.786007,-2.675371,0.000000,0.000000
1078.820000,2.884626,0.786007,-2.675371,0.000000,0.000000
1078.920000,2.884626,0.786007,-2.675371,0.000000,0.000000
1079.020000,2.884626,0.786007,-2.675371,0.000000,0.000000
1079.120000,2.884626,0.786007,-2.675371,0.000000,0.000000
1079.220000,2.884626,0.786007,-2.675371,0.000000,0.000000
1079.320000,2.884626,0.786007,-2.675371,0.000000,0.000000
1079.420000,2.884626,0.786007,-2.675371,0.000000,0.000000
1079.520000,2.884626,0.786007,-2.675371,0.000000,0.000000
1079.620000,2.884626,0.786007,-2.675371,0.000000,0.000000
1079.720000,2.884626,0.786007,-2.675371,0.000000,0.000000
1079.820000,2.884626,0.786007,-2.675371,0.000000,0.000000
1079.920000,2.884626,0.786007,-2.675371,0.000000,0.000000
1080.020000,2.884626,0.786007,-2.675371,0.000000,0.000000
1080.120000,2.884626,0.786007,-2.675371,0.000000,0.000000
1080.220000,2.884626,0.786007,-2.675371,0.000000,0.000000
1080.320000,2.884626,0.786007,-2.675371,0.000000,0.000000
1080.420000,2.884626,0.786007,-2.675371,0.000000,0.000000
1080.520000,2.884626,0.786007,-2.675371,0.000000,0.000000
1080.620000,2.884626,0.786007,-2.675371,0.000000,0.000000
1080.720000,2.884626,0.786007,-2.675371,0.000000,0.000000
1080.820000,2.884626,0.786007,-2.675371,0.000000,0.000000
1080.920000,2.884626,0.786007,-2.675371,0.000000,0.000000
1081.020000,2.884626,0.786007,-2.675371,0.000000,0.000000
1081.120000,2.884626,0.786007,-2.675371,0.000000,0.000000
1081.220000,2.884626,0.786007,-2.675371,0.000000,0.000000
1081.320000,2.884626,0.786007,-2.675371,0.000000,0.000000
1081.420000,2.884626,0.786007,-2.675371,0.000000,0.000000
1081.520000,2.884626,0.786007,-2.675371,0.000000,0.000000
1081.620000,2.884626,0.786007,-2.675371,0.000000,0.000000
1081.720000,2.884626,0.786007,-2.675371,0.000000,0.000000
1081.820000,2.884626,0.786007,-2.675371,0.000000,0.000000
1081.920000,2.884626,0.786007,-2.675371,0.000000,0.000000
1082.020000,2.884626,0.786007,-2.675371,0.000000,0.000000
1082.120000,2.884626,0.786007,-2.675371,0.000000,0.000000
1082.220000,2.884626,0.786007,-2.675371,0.000000,0.000000
1082.320000,2.884626,0.786007,-2.675371,0.000000,0.000000
1082.420000,2.884626,0.786007,-2.675371,0.000000,0.000000
1082.520000,2.884626,0.786007,-2.675371,0.000000,0.000000
1082.620000,2.884626,0.786007,-2.675371,0.000000,0.000000
1082.720000,2.884626,0.786007,-2.675371,0.000000,0.000000
1082.820000,2.884626,0.786007,-2.675371,0.000000,0.000000
1082.920000,2.884626,0.786007,-2.675371,0.000000,0.000000
1083.020000,2.884626,0.786007,-2.675371,0.000000,0.000000
1083.120000,2.884626,0.786007,-2.675371,0.000000,0.000000
1083.220000,2.884626,0.786007,-2.675371,0.000000,0.000000
1083.320000,2.884626,0.786007,-2.675371,0.000000,0.000000
1083.420000,2.884626,0.786007,-2.675371,0.000000,0.000000
1083.520000,2.884626,0.786007,-2.675371,0.000000,0.000000
1083.620000,2.884626,0.786007,-2.675371,0.000000,0.000000
1083.720000,2.884626,0.786007,-2.675371,0.000000,0.000000
1083.820000,2.884626,0.786007,-2.675371,0.000000,0.000000
1083.920000,2.884626,0.786007,-2.675371,0.000000,0.000000
1084.020000,2.884626,0.786007,-2.675371,0.000000,0.000000
1084.120000,2.884626,0.786007,-2.675371,0.000000,0.000000
1084.220000,2.884626,0.786007,-2.675371,0.000000,0.000000
1084.320000,2.884626,0.786007,-2.675371,0.000000,0.000000
1084.420000,2.884626,0.786007,-2.675371,0.000000,0.000000
1084.520000,2.884626,0.786007,-2.675371,0.000000,0.000000
1084.620000,2.884626,0.786007,-2.675371,0.000000,0.000000
1084.720000,2.884626,0.786007,-2.675371,0.000000,0.000000
1084.820000,2.884626,0.786007,-2.675371,0.000000,0.000000
1084.920000,2.884626,0.786007,-2.675371,0.000000,0.000000
1085.020000,2.884626,0.786007,-2.675371,0.000000,0.000000
1085.120000,2.884626,0.786007,-2.675371,0.000000,0.000000
1085.220000,2.884626,0.786007,-2.675371,0.000000,0.000000
1085.320000,2.884626,0.786007,-2.675371,0.000000,0.000000
1085.420000,2.884626,0.786007,-2.675371,0.000000,0.000000
1085.520000,2.884626,0.786007,-2.675371,0.000000,0.000000
1085.620000,2.884626,0.786007,-2.675371,0.000000,0.000000
1085.720000,2.884626,0.786007,-2.675371,0.000000,0.000000
1085.820000,2.884626,0.786007,-2.675371,0.000000,0.000000
1085.920000,2.884626,0.786007,-2.675371,0.000000,0.000000
1086.020000,2.884626,0.786007,-2.675371,0.000000,0.000000
1086.120000,2.884626,0.786007,-2.675371,0.000000,0.000000
1086.220000,2.884626,0.786007,-2.675371,0.000000,0.000000
1086.320000,2.884626,0.786007,-2.675371,0.000000,0.000000
1086.420000,2.884626,0.786007,-2.675371,0.000000,0.000000
1086.520000,2.884626,0.786007,-2.675371,0.000000,0.000000
1086.620000,2.884626,0.786007,-2.675371,0.000000,0.000000
1086.720000,2.884626,0.786007,-2.675371,0.000000,0.000000
1086.820000,2.884626,0.786007,-2.675371,0.000000,0.000000
1086.920000,2.884626,0.786007,-2.675371,0.000000,0.000000
1087.020000,2.884626,0.786007,-2.675371,0.000000,0.000000
1087.120000,2.884626,0.786007,-2.675371,0.000000,0.000000
1087.220000,2.884626,0.786007,-2.675371,0.000000,0.000000
1087.320000,2.884626,0.786007,-2.675371,0.000000,0.000000
1087.420000,2.884626,0.786007,-2.675371,0.000000,0.000000
1087.520000,2.884626,0.786007,-2.675371,0.000000,0.000000
1087.620000,2.884626,0.786007,-2.675371,0.000000,0.000000
1087.720000,2.884626,0.786007,-2.675371,0.000000,0.000000
1087.820000,2.884626,0.786007,-2.675371,0.000000,0.000000
1087.920000,2.884626,0.786007,-2.675371,0.000000,0.000000
1088.020000,2.884626,0.786007,-2.675371,0.000000,0.000000
1088.120000,2.884626,0.786007,-2.675371,0.000000,0.000000
1088.220000,2.884626,0.786007,-2.675371,0.000000,0.000000
1088.320000,2.884626,0.786007,-2.675371,0.000000,0.000000
1088.420000,2.884626,0.786007,-2.675371,0.000000,0.000000
1088.520000,2.884626,0.786007,-2.675371,0.000000,0.000000
1088.620000,2.884626,0.786007,-2.675371,0.000000,0.000000
1088.720000,2.884626,0.786007,-2.675371,0.000000,0.000000
1088.820000,2.884626,0.786007,-2.675371,0.000000,0.000000
1088.920000,2.884626,0.786007,-2.675371,0.000000,0.000000
1089.020000,2.884626,0.786007,-2.675371,0.000000,0.000000
1089.120000,2.884626,0.786007,-2.675371,0.000000,0.000000
1089.220000,2.884626,0.786007,-2.675371,0.000000,0.000000
1089.320000,2.884626,0.786007,-2.675371,0.000000,0.000000
1089.420000,2.884626,0.786007,-2.675371,0.000000,0.000000
1089.520000,2.884626,0.786007,-2.675371,0.000000,0.000000
1089.620000,2.884626,0.786007,-2.675371,0.000000,0.000000
1089.720000,2.884626,0.786007,-2.675371,0.000000,0.000000
1089.820000,2.884626,0.786007,-2.675371,0.000000,0.000000
1089.920000,2.884626,0.786007,-2.675371,0.000000,0.000000
1090.020000,2.884626,0.786007,-2.675371,0.000000,0.000000
1090.120000,2.884626,0.786007,-2.675371,0.000000,0.000000
1090.220000,2.884626,0.786007,-2.675371,0.000000,0.000000
1090.320000,2.884626,0.786007,-2.675371,0.000000,0.000000
1090.420000,2.884626,0.786007,-2.675371,0.000000,0.000000
1090.520000,2.884626,0.786007,-2.675371,0.000000,0.000000
1090.620000,2.884626,0.786007,-2.675371,0.000000,0.000000
1090.720000,2.884626,0.786007,-2.675371,0.000000,0.000000
1090.820000,2.884626,0.786007,-2.675371,0.000000,0.000000
1090.920000,2.884626,0.786007,-2.675371,0.000000,0.000000
1091.020000,2.884626,0.786007,-2.675371,0.000000,0.000000
1091.120000,2.884626,0.786007,-2.675371,0.000000,0.000000
1091.220000,2.884626,0.786007,-2.675371,0.000000,0.000000
1091.320000,2.884626,0.786007,-2.675371,0.000000,0.000000
1091.420000,2.884626,0.786007,-2.675371,0.000000,0.000000
1091.520000,2.884626,0.786007,-2.675371,0.000000,0.000000
1091.620000,2.884626,0.786007,-2.675371,0.000000,0.000000
1091.720000,2.884626,0.786007,-2.675371,0.000000,0.000000
1091.820000,2.884626,0.786007,-2.675371,0.000000,0.000000
1091.920000,2.884626,0.786007,-2.675371,0.000000,0.000000
1092.020000,2.884626,0.786007,-2.675371,0.000000,0.000000
1092.120000,2.884626,0.786007,-2.675371,0.000000,0.000000
1092.220000,2.884626,0.786007,-2.675371,0.000000,0.000000
1092.320000,2.884626,0.786007,-2.675371,0.000000,0.000000
1092.420000,2.884626,0.786007,-2.675371,0.000000,0.000000
1092.520000,2.884626,0.786007,-2.675371,0.000000,0.000000
1092.620000,2.884626,0.786007,-2.675371,0.000000,0.000000
1092.720000,2.884626,0.786007,-2.675371,0.000000,0.000000
1092.820000,2.884626,0.786007,-2.675371,0.000000,0.000000
1092.920000,2.884626,0.786007,-2.675371,0.000000,0.000000
1093.020000,2.884626,0.786007,-2.675371,0.000000,0.000000
1093.120000,2.884626,0.786007,-2.675371,0.000000,0.000000
1093.220000,2.884626,0.786007,-2.675371,0.000000,0.000000
1093.320000,2.884626,0.786007,-2.675371,0.000000,0.000000
1093.420000,2.884626,0.786007,-2.675371,0.000000,0.000000
1093.520000,2.884626,0.786007,-2.675371,0.000000,0.000000
1093.620000,2.884626,0.786007,-2.675371,0.000000,0.000000
1093.720000,2.884626,0.786007,-2.675371,0.000000,0.000000
1093.820000,2.884626,0.786007,-2.675371,0.000000,0.000000
1093.920000,2.884626,0.786007,-2.675371,0.000000,0.000000
1094.020000,2.884626,0.786007,-2.675371,0.000000,0.000000
1094.120000,2.884626,0.786007,-2.675371,0.000000,0.000000
1094.220000,2.884626,0.786007,-2.675371,0.000000,0.000000
1094.320000,2.884626,0.786007,-2.675371,0.000000,0.000000
1094.420000,2.884626,0.786007,-2.675371,0.000000,0.000000
1094.520000,2.884626,0.786007,-2.675371,0.000000,0.000000
1094.620000,2.884626,0.786007,-2.675371,0.000000,0.000000
1094.720000,2.884626,0.786007,-2.675371,0.000000,0.000000
1094.820000,2.884626,0.786007,-2.675371,0.000000,0.000000
1094.920000,2.884626,0.786007,-2.675371,0.000000,0.000000
1095.020000,2.884626,0.786007,-2.675371,0.000000,0.000000
1095.120000,2.884626,0.786007,-2.675371,0.000000,0.000000
1095.220000,2.884626,0.786007,-2.675371,0.000000,0.000000
1095.320000,2.884626,0.786007,-2.675371,0.000000,0.000000
1095.420000,2.884626,0.786007,-2.675371,0.000000,0.000000
1095.520000,2.884626,0.786007,-2.675371,0.000000,0.000000
1095.620000,2.884626,0.786007,-2.675371,0.000000,0.000000
1095.720000,2.884626,0.786007,-2.675371,0.000000,0.000000
1095.820000,2.884626,0.786007,-2.675371,0.000000,0.000000
1095.920000,2.884626,0.786007,-2.675371,0.000000,0.000000
1096.020000,2.884626,0.786007,-2.675371,0.000000,0.000000
1096.120000,2.884626,0.786007,-2.675371,0.000000,0.000000
1096.220000,2.884626,0.786007,-2.675371,0.000000,0.000000
1096.320000,2.884626,0.786007,-2.675371,0.000000,0.000000
1096.420000,2.884626,0.786007,-2.675371,0.000000,0.000000
1096.520000,2.884626,0.786007,-2.675371,0.000000,0.000000
1096.620000,2.884626,0.786007,-2.675371,0.000000,0.000000
1096.720000,2.884626,0.786007,-2.675371,0.000000,0.000000
1096.820000,2.884626,0.786007,-2.675371,0.000000,0.000000
1096.920000,2.884626,0.786007,-2.675371,0.000000,0.000000
1097.020000,2.884626,0.786007,-2.675371,0.000000,0.000000
1097.120000,2.884626,0.786007,-2.675371,0.000000,0.000000
1097.220000,2.884626,0.786007,-2.675371,0.000000,0.000000
1097.320000,2.884626,0.786007,-2.675371,0.000000,0.000000
1097.420000,2.884626,0.786007,-2.675371,0.000000,0.000000
1097.520000,2.884626,0.786007,-2.675371,0.000000,0.000000
1097.620000,2.884626,0.786007,-2.675371,0.000000,0.000000
1097.720000,2.884626,0.786007,-2.675371,0.000000,0.000000
1097.820000,2.884626,0.786007,-2.675371,0.000000,0.000000
1097.920000,2.884626,0.786007,-2.675371,0.000000,0.000000
1098.020000,2.884626,0.786007,-2.675371,0.000000,0.000000
1098.120000,2.884626,0.786007,-2.675371,0.000000,0.000000
1098.220000,2.884626,0.786007,-2.675371,0.000000,0.000000
1098.320000,2.884626,0.786007,-2.675371,0.000000,0.000000
1098.420000,2.884626,0.786007,-2.675371,0.000000,0.000000
1098.520000,2.884626,0.786007,-2.675371,0.000000,0.000000
1098.620000,2.884626,0.786007,-2.675371,0.000000,0.000000
1098.720000,2.884626,0.786007,-2.675371,0.000000,0.000000
1098.820000,2.884626,0.786007,-2.675371,0.000000,0.000000
1098.920000,2.884626,0.786007,-2.675371,0.000000,0.000000
1099.020000,2.884626,0.786007,-2.675371,0.000000,0.000000
1099.120000,2.884626,0.786007,-2.675371,0.000000,0.000000
1099.220000,2.884626,0.786007,-2.675371,0.000000,0.000000
1099.320000,2.884626,0.786007,-2.675371,0.000000,0.000000
1099.420000,2.884626,0.786007,-2.675371,0.000000,0.000000
1099.520000,2.884626,0.786007,-2.675371,0.000000,0.000000
1099.620000,2.884626,0.786007,-2.675371,0.000000,0.000000
1099.720000,2.884626,0.786007,-2.675371,0.000000,0.000000
1099.820000,2.884626,0.786007,-2.675371,0.000000,0.000000
1099.920000,2.884626,0.786007,-2.675371,0.000000,0.000000
1100.020000,2.884626,0.786007,-2.675371,0.000000,0.000000
1100.120000,2.884626,0.786007,-2.675371,0.000000,0.000000
1100.220000,2.884626,0.786007,-2.675371,0.000000,0.000000
1100.320000,2.884626,0.786007,-2.675371,0.000000,0.000000
1100.420000,2.884626,0.786007,-2.675371,0.000000,0.000000
1100.520000,2.884626,0.786007,-2.675371,0.000000,0.000000
1100.620000,2.884626,0.786007,-2.675371,0.000000,0.000000
1100.720000,2.884626,0.786007,-2.675371,0.000000,0.000000
1100.820000,2.884626,0.786007,-2.675371,0.000000,0.000000
1100.920000,2.884626,0.786007,-2.675371,0.000000,0.000000
1101.020000,2.884626,0.786007,-2.675371,0.000000,0.000000
1101.120000,2.884626,0.786007,-2.675371,0.000000,0.000000
1101.220000,2.884626,0.786007,-2.675371,0.000000,0.000000
1101.320000,2.884626,0.786007,-2.675371,0.000000,0.000000
1101.420000,2.884626,0.786007,-2.675371,0.000000,0.000000
1101.520000,2.884626,0.786007,-2.675371,0.000000,0.000000
1101.620000,2.884626,0.786007,-2.675371,0.000000,0.000000
1101.720000,2.884626,0.786007,-2.675371,0.000000,0.000000
1101.820000,2.884626,0.786007,-2.675371,0.000000,0.000000
1101.920000,2.884626,0.786007,-2.675371,0.000000,0.000000
1102.020000,2.884626,0.786007,-2.675371,0.000000,0.000000
1102.120000,2.884626,0.786007,-2.675371,0.000000,0.000000
1102.220000,2.884626,0.786007,-2.675371,0.000000,0.000000
1102.320000,2.884626,0.786007,-2.675371,0.000000,0.000000
1102.420000,2.884626,0.786007,-2.675371,0.000000,0.000000
1102.520000,2.884626,0.786007,-2.675371,0.000000,0.000000
1102.620000,2.884626,0.786007,-2.675371,0.000000,0.000000
1102.720000,2.884626,0.786007,-2.675371,0.000000,0.000000
1102.820000,2.884626,0.786007,-2.675371,0.000000,0.000000
1102.920000,2.884626,0.786007,-2.675371,0.000000,0.000000
1103.020000,2.884626,0.786007,-2.675371,0.000000,0.000000
1103.120000,2.884626,0.786007,-2.675371,0.000000,0.000000
1103.220000,2.884626,0.786007,-2.675371,0.000000,0.000000
1103.320000,2.884626,0.786007,-2.675371,0.000000,0.000000
1103.420000,2.884626,0.786007,-2.675371,0.000000,0.000000
1103.520000,2.884626,0.786007,-2.675371,0.000000,0.000000
1103.620000,2.884626,0.786007,-2.675371,0.000000,0.000000
1103.720000,2.884626,0.786007,-2.675371,0.000000,0.000000
1103.820000,2.884626,0.786007,-2.675371,0.000000,0.000000
1103.920000,2.884626,0.786007,-2.675371,0.000000,0.000000
1104.020000,2.884626,0.786007,-2.675371,0.000000,0.000000
1104.120000,2.884626,0.786007,-2.675371,0.000000,0.000000
1104.220000,2.884626,0.786007,-2.675371,0.000000,0.000000
1104.320000,2.884626,0.786007,-2.675371,0.000000,0.000000
1104.420000,2.884626,0.786007,-2.675371,0.000000,0.000000
1104.520000,2.884626,0.786007,-2.675371,0.000000,0.000000
1104.620000,2.884626,0.786007,-2.675371,0.000000,0.000000
1104.720000,2.884626,0.786007,-2.675371,0.000000,0.000000
1104.820000,2.884626,0.786007,-2.675371,0.000000,0.000000
1104.920000,2.884626,0.786007,-2.675371,0.000000,0.000000
1105.020000,2.884626,0.786007,-2.675371,0.000000,0.000000
1105.120000,2.884626,0.786007,-2.675371,0.000000,0.000000
1105.220000,2.884626,0.786007,-2.675371,0.000000,0.000000
1105.320000,2.884626,0.786007,-2.675371,0.000000,0.000000
1105.420000,2.884626,0.786007,-2.675371,0.000000,0.000000
1105.520000,2.884626,0.786007,-2.675371,0.000000,0.000000
1105.620000,2.884626,0.786007,-2.675371,0.000000,0.000000
1105.720000,2.884626,0.786007,-2.675371,0.000000,0.000000
1105.820000,2.884626,0.786007,-2.675371,0.000000,0.000000
1105.920000,2.884626,0.786007,-2.675371,0.000000,0.000000
1106.020000,2.884626,0.786007,-2.675371,0.000000,0.000000
1106.120000,2.884626,0.786007,-2.675371,0.000000,0.000000
1106.220000,2.884626,0.786007,-2.675371,0.000000,0.000000
1106.320000,2.884626,0.786007,-2.675371,0.000000,0.000000
1106.420000,2.884626,0.786007,-2.675371,0.000000,0.000000
1106.520000,2.884626,0.786007,-2.675371,0.000000,0.000000
1106.620000,2.884626,0.786007,-2.675371,0.000000,0.000000
1106.720000,2.884626,0.786007,-2.675371,0.000000,0.000000
1106.820000,2.884626,0.786007,-2.675371,0.000000,0.000000
1106.920000,2.884626,0.786007,-2.675371,0.000000,0.000000
1107.020000,2.884626,0.786007,-2.675371,0.000000,0.000000
1107.120000,2.884626,0.786007,-2.675371,0.000000,0.000000
1107.220000,2.884626,0.786007,-2.675371,0.000000,0.000000
1107.320000,2.884626,0.786007,-2.675371,0.000000,0.000000
1107.420000,2.884626,0.786007,-2.675371,0.000000,0.000000
1107.520000,2.884626,0.786007,-2.675371,0.000000,0.000000
1107.620000,2.884626,0.786007,-2.675371,0.000000,0.000000
1107.720000,2.884626,0.786007,-2.675371,0.000000,0.000000
1107.820000,2.884626,0.786007,-2.675371,0.000000,0.000000
1107.920000,2.884626,0.786007,-2.675371,0.000000,0.000000
1108.020000,2.884626,0.786007,-2.675371,0.000000,0.000000
1108.120000,2.884626,0.786007,-2.675371,0.000000,0.000000
1108.220000,2.884626,0.786007,-2.675371,0.000000,0.000000
1108.320000,2.884626,0.786007,-2.675371,0.000000,0.000000
1108.420000,2.884626,0.786007,-2.675371,0.000000,0.000000
1108.520000,2.884626,0.786007,-2.675371,0.000000,0.000000
1108.620000,2.884626,0.786007,-2.675371,0.000000,0.000000
1108.720000,2.884626,0.786007,-2.675371,0.000000,0.000000
1108.820000,2.884626,0.786007,-2.675371,0.000000,0.000000
1108.920000,2.884626,0.786007,-2.675371,0.000000,0.000000
1109.020000,2.884626,0.786007,-2.675371,0.000000,0.000000
1109.120000,2.884626,0.786007,-2.675371,0.000000,0.000000
1109.220000,2.884626,0.786007,-2.675371,0.000000,0.000000
1109.320000,2.884626,0.786007,-2.675371,0.000000,0.000000
1109.420000,2.884626,0.786007,-2.675371,0.000000,0.000000
1109.520000,2.884626,0.786007,-2.675371,0.000000,0.000000
1109.620000,2.884626,0.786007,-2.675371,0.000000,0.000000
1109.720000,2.884626,0.786007,-2.675371,0.000000,0.000000
1109.820000,2.884626,0.786007,-2.675371,0.000000,0.000000
1109.920000,2.884626,0.786007,-2.675371,0.000000,0.000000
1110.020000,2.884626,0.786007,-2.675371,0.000000,0.000000
1110.120000,2.884626,0.786007,-2.675371,0.000000,0.000000
1110.220000,2.884626,0.786007,-2.675371,0.000000,0.000000
1110.320000,2.884626,0.786007,-2.675371,0.000000,0.000000
1110.420000,2.884626,0.786007,-2.675371,0.000000,0.000000
1110.520000,2.884626,0.786007,-2.675371,0.000000,0.000000
1110.620000,2.884626,0.786007,-2.675371,0.000000,0.000000
1110.720000,2.884626,0.786007,-2.675371,0.000000,0.000000
1110.820000,2.884626,0.786007,-2.675371,0.000000,0.000000
1110.920000,2.884626,0.786007,-2.675371,0.000000,0.000000
1111.020000,2.884626,0.786007,-2.675371,0.000000,0.000000
1111.120000,2.884626,0.786007,-2.675371,0.000000,0.000000
1111.220000,2.884626,0.786007,-2.675371,0.000000,0.000000
1111.320000,2.884626,0.786007,-2.675371,0.000000,0.000000
1111.420000,2.884626,0.786007,-2.675371,0.000000,0.000000
1111.520000,2.884626,0.786007,-2.675371,0.000000,0.000000
1111.620000,2.884626,0.786007,-2.675371,0.000000,0.000000
1111.720000,2.884626,0.786007,-2.675371,0.000000,0.000000
1111.820000,2.884626,0.786007,-2.675371,0.000000,0.000000
1111.920000,2.884626,0.786007,-2.675371,0.000000,0.000000
1112.020000,2.884626,0.786007,-2.675371,0.000000,0.000000
1112.120000,2.884626,0.786007,-2.675371,0.000000,0.000000
1112.220000,2.884626,0.786007,-2.675371,0.000000,0.000000
1112.320000,2.884626,0.786007,-2.675371,0.000000,0.000000
1112.420000,2.884626,0.786007,-2.675371,0.000000,0.000000
1112.520000,2.884626,0.786007,-2.675371,0.000000,0.000000
1112.620000,2.884626,0.786007,-2.675371,0.000000,0.000000
1112.720000,2.884626,0.786007,-2.675371,0.000000,0.000000
1112.820000,2.884626,0.786007,-2.675371,0.000000,0.000000
1112.920000,2.884626,0.786007,-2.675371,0.000000,0.000000
1113.020000,2.884626,0.786007,-2.675371,0.000000,0.000000
1113.120000,2.884626,0.786007,-2.675371,0.000000,0.000000
1113.220000,2.884626,0.786007,-2.675371,0.000000,0.000000
1113.320000,2.884626,0.786007,-2.675371,0.000000,0.000000
1113.420000,2.884626,0.786007,-2.675371,0.000000,0.000000
1113.520000,2.884626,0.786007,-2.675371,0.000000,0.000000
1113.620000,2.884626,0.786007,-2.675371,0.000000,0.000000
1113.720000,2.884626,0.786007,-2.675371,0.000000,0.000000
1113.820000,2.884626,0.786007,-2.675371,0.000000,0.000000
1113.920000,2.884626,0.786007,-2.675371,0.000000,0.000000
1114.020000,2.884626,0.786007,-2.675371,0.000000,0.000000
1114.120000,2.884626,0.786007,-2.675371,0.000000,0.000000
1114.220000,2.884626,0.786007,-2.675371,0.000000,0.000000
1114.320000,2.884626,0.786007,-2.675371,0.000000,0.000000
1114.420000,2.884626,0.786007,-2.675371,0.000000,0.000000
1114.520000,2.884626,0.786007,-2.675371,0.000000,0.000000
1114.620000,2.884626,0.786007,-2.675371,0.000000,0.000000
1114.720000,2.884626,0.786007,-2.675371,0.000000,0.000000
1114.820000,2.884626,0.786007,-2.675371,0.000000,0.000000
1114.920000,2.884626,0.786007,-2.675371,0.000000,0.000000
1115.020000,2.884626,0.786007,-2.675371,0.000000,0.000000
1115.120000,2.884626,0.786007,-2.675371,0.000000,0.000000
1115.220000,2.884626,0.786007,-2.675371,0.000000,0.000000
1115.320000,2.884626,0.786007,-2.675371,0.000000,0.000000
1115.420000,2.884626,0.786007,-2.675371,0.000000,0.000000
1115.520000,2.884626,0.786007,-2.675371,0.000000,0.000000
1115.620000,2.884626,0.786007,-2.675371,0.000000,0.000000
1115.720000,2.884626,0.786007,-2.675371,0.000000,0.000000
1115.820000,2.884626,0.786007,-2.675371,0.000000,0.000000
1115.920000,2.884626,0.786007,-2.675371,0.000000,0.000000
1116.020000,2.884626,0.786007,-2.675371,0.000000,0.000000
1116.120000,2.884626,0.786007,-2.675371,0.000000,0.000000
1116.220000,2.884626,0.786007,-2.675371,0.000000,0.000000
1116.320000,2.884626,0.786007,-2.675371,0.000000,0.000000
1116.420000,2.884626,0.786007,-2.675371,0.000000,0.000000
1116.520000,2.884626,0.786007,-2.675371,0.000000,0.000000
1116.620000,2.884626,0.786007,-2.675371,0.000000,0.000000
1116.720000,2.884626,0.786007,-2.675371,0.000000,0.000000
1116.820000,2.884626,0.786007,-2.675371,0.000000,0.000000
1116.920000,2.884626,0.786007,-2.675371,0.000000,0.000000
1117.020000,2.884626,0.786007,-2.675371,0.000000,0.000000
1117.120000,2.884626,0.786007,-2.675371,0.000000,0.000000
1117.220000,2.884626,0.786007,-2.675371,0.000000,0.000000
1117.320000,2.884626,0.786007,-2.675371,0.000000,0.000000
1117.420000,2.884626,0.786007,-2.675371,0.000000,0.000000
1117.520000,2.884626,0.786007,-2.675371,0.000000,0.000000
1117.620000,2.884626,0.786007,-2.675371,0.000000,0.000000
1117.720000,2.884626,0.786007,-2.675371,0.000000,0.000000
1117.820000,2.884626,0.786007,-2.675371,0.000000,0.000000
1117.920000,2.884626,0.786007,-2.675371,0.000000,0.000000
1118.020000,2.884626,0.786007,-2.675371,0.000000,0.000000
1118.120000,2.884626,0.786007,-2.675371,0.000000,0.000000
1118.220000,2.884626,0.786007,-2.675371,0.000000,0.000000
1118.320000,2.884626,0.786007,-2.675371,0.000000,0.000000
1118.420000,2.884626,0.786007,-2.675371,0.000000,0.000000
1118.520000,2.884626,0.786007,-2.675371,0.000000,0.000000
1118.620000,2.884626,0.786007,-2.675371,0.000000,0.000000
1118.720000,2.884626,0.786007,-2.675371,0.000000,0.000000
1118.820000,2.884626,0.786007,-2.675371,0.000000,0.000000
1118.920000,2.884626,0.786007,-2.675371,0.000000,0.000000
1119.020000,2.884626,0.786007,-2.675371,0.000000,0.000000
1119.120000,2.884626,0.786007,-2.675371,0.000000,0.000000
1119.220000,2.884626,0.786007,-2.675371,0.000000,0.000000
1119.320000,2.884626,0.786007,-2.675371,0.000000,0.000000
1119.420000,2.884626,0.786007,-2.675371,0.000000,0.000000
1119.520000,2.884626,0.786007,-2.675371,0.000000,0.000000
1119.620000,2.884626,0.786007,-2.675371,0.000000,0.000000
1119.720000,2.884626,0.786007,-2.675371,0.000000,0.000000
1119.820000,2.884626,0.786007,-2.675371,0.000000,0.000000
1119.920000,2.884626,0.786007,-2.675371,0.000000,0.000000
1120.020000,2.884626,0.786007,-2.675371,0.000000,0.000000
1120.120000,2.884626,0.786007,-2.675371,0.000000,0.000000
1120.220000,2.884626,0.786007,-2.675371,0.000000,0.000000
1120.320000,2.884626,0.786007,-2.675371,0.000000,0.000000
1120.420000,2.884626,0.786007,-2.675371,0.000000,0.000000
1120.520000,2.884626,0.786007,-2.675371,0.000000,0.000000
1120.620000,2.884626,0.786007,-2.675371,0.000000,0.000000
1120.720000,2.884626,0.786007,-2.675371,0.000000,0.000000
1120.820000,2.884626,0.786007,-2.675371,0.000000,0.000000
1120.920000,2.884626,0.786007,-2.675371,0.000000,0.000000
1121.020000,2.884626,0.786007,-2.675371,0.000000,0.000000
1121.120000,2.884626,0.786007,-2.675371,0.000000,0.000000
1121.220000,2.884626,0.786007,-2.675371,0.000000,0.000000
1121.320000,2.884626,0.786007,-2.675371,0.000000,0.000000
1121.420000,2.884626,0.786007,-2.675371,0.000000,0.000000
1121.520000,2.884626,0.786007,-2.675371,0.000000,0.000000
1121.620000,2.884626,0.786007,-2.675371,0.000000,0.000000
1121.720000,2.884626,0.786007,-2.675371,0.000000,0.000000
1121.820000,2.884626,0.786007,-2.675371,0.000000,0.000000
1121.920000,2.884626,0.786007,-2.675371,0.000000,0.000000
1122.020000,2.884626,0.786007,-2.675371,0.000000,0.000000
1122.120000,2.884626,0.786007,-2.675371,0.000000,0.000000
1122.220000,2.884626,0.786007,-2.675371,0.000000,0.000000
1122.320000,2.884626,0.786007,-2.675371,0.000000,0.000000
1122.420000,2.884626,0.786007,-2.675371,0.000000,0.000000
1122.520000,2.884626,0.786007,-2.675371,0.000000,0.000000
1122.620000,2.884626,0.786007,-2.675371,0.000000,0.000000
1122.720000,2.884626,0.786007,-2.675371,0.000000,0.000000
1122.820000,2.884626,0.786007,-2.675371,0.000000,0.000000
1122.920000,2.884626,0.786007,-2.675371,0.000000,0.000000
1123.020000,2.884626,0.786007,-2.675371,0.000000,0.000000
1123.120000,2.884626,0.786007,-2.675371,0.000000,0.000000
1123.220000,2.884626,0.786007,-2.675371,0.000000,0.000000
1123.320000,2.884626,0.786007,-2.675371,0.000000,0.000000
1123.420000,2.884626,0.786007,-2.675371,0.000000,0.000000
1123.520000,2.884626,0.786007,-2.675371,0.000000,0.000000
1123.620000,2.884626,0.786007,-2.675371,0.000000,0.000000
1123.720000,2.884626,0.786007,-2.675371,0.000000,0.000000
1123.820000,2.884626,0.786007,-2.675371,0.000000,0.000000
1123.920000,2.884626,0.786007,-2.675371,0.000000,0.000000
1124.020000,2.884626,0.786007,-2.675371,0.000000,0.000000
1124.120000,2.884626,0.786007,-2.675371,0.000000,0.000000
1124.220000,2.884626,0.786007,-2.675371,0.000000,0.000000
1124.320000,2.884626,0.786007,-2.675371,0.000000,0.000000
1124.420000,2.884626,0.786007,-2.675371,0.000000,0.000000
1124.520000,2.884626,0.786007,-2.675371,0.000000,0.000000
1124.620000,2.884626,0.786007,-2.675371,0.000000,0.000000
1124.720000,2.884626,0.786007,-2.675371,0.000000,0.000000
1124.820000,2.884626,0.786007,-2.675371,0.000000,0.000000
1124.920000,2.884626,0.786007,-2.675371,0.000000,0.000000
1125.020000,2.884626,0.786007,-2.675371,0.000000,0.000000
1125.120000,2.884626,0.786007,-2.675371,0.000000,0.000000
1125.220000,2.884626,0.786007,-2.675371,0.000000,0.000000
1125.320000,2.884626,0.786007,-2.675371,0.000000,0.000000
1125.420000,2.884626,0.786007,-2.675371,0.000000,0.000000
1125.520000,2.884626,0.786007,-2.675371,0.000000,0.000000
1125.620000,2.884626,0.786007,-2.675371,0.000000,0.000000
1125.720000,2.884626,0.786007,-2.675371,0.000000,0.000000
1125.820000,2.884626,0.786007,-2.675371,0.000000,0.000000
1125.920000,2.884626,0.786007,-2.675371,0.000000,0.000000
1126.020000,2.884626,0.786007,-2.675371,0.000000,0.000000
1126.120000,2.884626,0.786007,-2.675371,0.000000,0.000000
1126.220000,2.884626,0.786007,-2.675371,0.000000,0.000000
1126.320000,2.884626,0.786007,-2.675371,0.000000,0.000000
1126.420000,2.884626,0.786007,-2.675371,0.000000,0.000000
1126.520000,2.884626,0.786007,-2.675371,0.000000,0.000000
1126.620000,2.884626,0.786007,-2.675371,0.000000,0.000000
1126.720000,2.884626,0.786007,-2.675371,0.000000,0.000000
1126.820000,2.884626,0.786007,-2.675371,0.000000,0.000000
1126.920000,2.884626,0.786007,-2.675371,0.000000,0.000000
1127.020000,2.884626,0.786007,-2.675371,0.000000,0.000000
1127.120000,2.884626,0.786007,-2.675371,0.000000,0.000000
1127.220000,2.884626,0.786007,-2.675371,0.000000,0.000000
1127.320000,2.884626,0.786007,-2.675371,0.000000,0.000000
1127.420000,2.884626,0.786007,-2.675371,0.000000,0.000000
1127.520000,2.884626,0.786007,-2.675371,0.000000,0.000000
1127.620000,2.884626,0.786007,-2.675371,0.000000,0.000000
1127.720000,2.884626,0.786007,-2.675371,0.000000,0.000000
1127.820000,2.884626,0.786007,-2.675371,0.000000,0.000000
1127.920000,2.884626,0.786007,-2.675371,0.000000,0.000000
1128.020000,2.884626,0.786007,-2.675371,0.000000,0.000000
1128.120000,2.884626,0.786007,-2.675371,0.000000,0.000000
1128.220000,2.884626,0.786007,-2.675371,0.000000,0.000000
1128.320000,2.884626,0.786007,-2.675371,0.000000,0.000000
1128.420000,2.884626,0.786007,-2.675371,0.000000,0.000000
1128.520000,2.884626,0.786007,-2.675371,0.000000,0.000000
1128.620000,2.884626,0.786007,-2.675371,0.000000,0.000000
1128.720000,2.884626,0.786007,-2.675371,0.000000,0.000000
1128.820000,2.884626,0.786007,-2.675371,0.000000,0.000000
1128.920000,2.884626,0.786007,-2.675371,0.000000,0.000000
1129.020000,2.884626,0.786007,-2.675371,0.000000,0.000000
1129.120000,2.884626,0.786007,-2.675371,0.000000,0.000000
1129.220000,2.884626,0.786007,-2.675371,0.000000,0.000000
1129.320000,2.884626,0.786007,-2.675371,0.000000,0.000000
1129.420000,2.884626,0.786007,-2.675371,0.000000,0.000000
1129.520000,2.884626,0.786007,-2.675371,0.000000,0.000000
1129.620000,2.884626,0.786007,-2.675371,0.000000,0.000000
1129.720000,2.884626,0.786007,-2.675371,0.000000,0.000000
1129.820000,2.884626,0.786007,-2.675371,0.000000,0.000000
1129.920000,2.884626,0.786007,-2.675371,0.000000,0.000000
1130.020000,2.884626,0.786007,-2.675371,0.000000,0.000000
1130.120000,2.884626,0.786007,-2.675371,0.000000,0.000000
1130.220000,2.884626,0.786007,-2.675371,0.000000,0.000000
1130.320000,2.884626,0.786007,-2.675371,0.000000,0.000000
1130.420000,2.884626,0.786007,-2.675371,0.000000,0.000000
1130.520000,2.884626,0.786007,-2.675371,0.000000,0.000000
1130.620000,2.884626,0.786007,-2.675371,0.000000,0.000000
1130.720000,2.884626,0.786007,-2.675371,0.000000,0.000000
1130.820000,2.884626,0.786007,-2.675371,0.000000,0.000000
1130.920000,2.884626,0.786007,-2.675371,0.000000,0.000000
1131.020000,2.884626,0.786007,-2.675371,0.000000,0.000000
1131.120000,2.884626,0.786007,-2.675371,0.000000,0.000000
1131.220000,2.884626,0.786007,-2.675371,0.000000,0.000000
1131.320000,2.884626,0.786007,-2.675371,0.000000,0.000000
1131.420000,2.884626,0.786007,-2.675371,0.000000,0.000000
1131.520000,2.884626,0.786007,-2.675371,0.000000,0.000000
1131.620000,2.884626,0.786007,-2.675371,0.000000,0.000000
1131.720000,2.884626,0.786007,-2.675371,0.000000,0.000000
1131.820000,2.884626,0.786007,-2.675371,0.000000,0.000000
1131.920000,2.884626,0.786007,-2.675371,0.000000,0.000000
1132.020000,2.884626,0.786007,-2.675371,0.000000,0.000000
1132.120000,2.884626,0.786007,-2.675371,0.000000,0.000000
1132.220000,2.884626,0.786007,-2.675371,0.000000,0.000000
1132.320000,2.884626,0.786007,-2.675371,0.000000,0.000000
1132.420000,2.884626,0.786007,-2.675371,0.000000,0.000000
1132.520000,2.884626,0.786007,-2.675371,0.000000,0.000000
1132.620000,2.884626,0.786007,-2.675371,0.000000,0.000000
1132.720000,2.884626,0.786007,-2.675371,0.000000,0.000000
1132.820000,2.884626,0.786007,-2.675371,0.000000,0.000000
1132.920000,2.884626,0.786007,-2.675371,0.000000,0.000000
1133.020000,2.884626,0.786007,-2.675371,0.000000,0.000000
1133.120000,2.884626,0.786007,-2.675371,0.000000,0.000000
1133.220000,2.884626,0.786007,-2.675371,0.000000,0.000000
1133.320000,2.884626,0.786007,-2.675371,0.000000,0.000000
1133.420000,2.884626,0.786007,-2.675371,0.000000,0.000000
1133.520000,2.884626,0.786007,-2.675371,0.000000,0.000000
1133.620000,2.884626,0.786007,-2.675371,0.000000,0.000000
1133.720000,2.884626,0.786007,-2.675371,0.000000,0.000000
1133.820000,2.884626,0.786007,-2.675371,0.000000,0.000000
1133.920000,2.884626,0.786007,-2.675371,0.000000,0.000000
1134.020000,2.884626,0.786007,-2.675371,0.000000,0.000000
1134.120000,2.884626,0.786007,-2.675371,0.000000,0.000000
1134.220000,2.884626,0.786007,-2.675371,0.000000,0.000000
1134.320000,2.884626,0.786007,-2.675371,0.000000,0.000000
1134.420000,2.884626,0.786007,-2.675371,0.000000,0.000000
1134.520000,2.884626,0.786007,-2.675371,0.000000,0.000000
1134.620000,2.884626,0.786007,-2.675371,0.000000,0.000000
1134.720000,2.884626,0.786007,-2.675371,0.000000,0.000000
1134.820000,2.884626,0.786007,-2.675371,0.000000,0.000000
1134.920000,2.884626,0.786007,-2.675371,0.000000,0.000000
1135.020000,2.884626,0.786007,-2.675371,0.000000,0.000000
1135.120000,2.884626,0.786007,-2.675371,0.000000,0.000000
1135.220000,2.884626,0.786007,-2.675371,0.000000,0.000000
1135.320000,2.884626,0.786007,-2.675371,0.000000,0.000000
1135.420000,2.884626,0.786007,-2.675371,0.000000,0.000000
1135.520000,2.884626,0.786007,-2.675371,0.000000,0.000000
1135.620000,2.884626,0.786007,-2.675371,0.000000,0.000000
1135.720000,2.884626,0.786007,-2.675371,0.000000,0.000000
1135.820000,2.884626,0.786007,-2.675371,0.000000,0.000000
1135.920000,2.884626,0.786007,-2.675371,0.000000,0.000000
1136.020000,2.884626,0.786007,-2.675371,0.000000,0.000000
1136.120000,2.884626,0.786007,-2.675371,0.000000,0.000000
1136.220000,2.884626,0.786007,-2.675371,0.000000,0.000000
1136.320000,2.884626,0.786007,-2.675371,0.000000,0.000000
1136.420000,2.884626,0.786007,-2.675371,0.000000,0.000000
1136.520000,2.884626,0.786007,-2.675371,0.000000,0.000000
1136.620000,2.884626,0.786007,-2.675371,0.000000,0.000000
1136.720000,2.884626,0.786007,-2.675371,0.000000,0.000000
1136.820000,2.884626,0.786007,-2.675371,0.000000,0.000000
1136.920000,2.884626,0.786007,-2.675371,0.000000,0.000000
1137.020000,2.884626,0.786007,-2.675371,0.000000,0.000000
1137.120000,2.884626,0.786007,-2.675371,0.000000,0.000000
1137.220000,2.884626,0.786007,-2.675371,0.000000,0.000000
1137.320000,2.884626,0.786007,-2.675371,0.000000,0.000000
1137.420000,2.884626,0.786007,-2.675371,0.000000,0.000000
1137.520000,2.884626,0.786007,-2.675371,0.000000,0.000000
1137.620000,2.884626,0.786007,-2.675371,0.000000,0.000000
1137.720000,2.884626,0.786007,-2.675371,0.000000,0.000000
1137.820000,2.884626,0.786007,-2.675371,0.000000,0.000000
1137.920000,2.884626,0.786007,-2.675371,0.000000,0.000000
1138.020000,2.884626,0.786007,-2.675371,0.000000,0.000000
1138.120000,2.884626,0.786007,-2.675371,0.000000,0.000000
1138.220000,2.884626,0.786007,-2.675371,0.000000,0.000000
1138.320000,2.884626,0.786007,-2.675371,0.000000,0.000000
1138.420000,2.884626,0.786007,-2.675371,0.000000,0.000000
1138.520000,2.884626,0.786007,-2.675371,0.000000,0.000000
1138.620000,2.884626,0.786007,-2.675371,0.000000,0.000000
1138.720000,2.884626,0.786007,-2.675371,0.000000,0.000000
1138.820000,2.884626,0.786007,-2.675371,0.000000,0.000000
1138.920000,2.884626,0.786007,-2.675371,0.000000,0.000000
1139.020000,2.884626,0.786007,-2.675371,0.000000,0.000000
1139.120000,2.884626,0.786007,-2.675371,0.000000,0.000000
1139.220000,2.884626,0.786007,-2.675371,0.000000,0.000000
1139.320000,2.884626,0.786007,-2.675371,0.000000,0.000000
1139.420000,2.884626,0.786007,-2.675371,0.000000,0.000000
1139.520000,2.884626,0.786007,-2.675371,0.000000,0.000000
1139.620000,2.884626,0.786007,-2.675371,0.000000,0.000000
1139.720000,2.884626,0.786007,-2.675371,0.000000,0.000000
1139.820000,2.884626,0.786007,-2.675371,0.000000,0.000000
1139.920000,2.884626,0.786007,-2.675371,0.000000,0.000000
1140.020000,2.884626,0.786007,-2.675371,0.000000,0.000000
1140.120000,2.884626,0.786007,-2.675371,0.000000,0.000000
1140.220000,2.884626,0.786007,-2.675371,0.000000,0.000000
1140.320000,2.884626,0.786007,-2.675371,0.000000,0.000000
1140.420000,2.884626,0.786007,-2.675371,0.000000,0.000000
1140.520000,2.884626,0.786007,-2.675371,0.000000,0.000000
1140.620000,2.884626,0.786007,-2.675371,0.000000,0.000000
1140.720000,2.884626,0.786007,-2.675371,0.000000,0.000000
1140.820000,2.884626,0.786007,-2.675371,0.000000,0.000000
1140.920000,2.884626,0.786007,-2.675371,0.000000,0.000000
1141.020000,2.884626,0.786007,-2.675371,0.000000,0.000000
1141.120000,2.884626,0.786007,-2.675371,0.000000,0.000000
1141.220000,2.884626,0.786007,-2.675371,0.000000,0.000000
1141.320000,2.884626,0.786007,-2.675371,0.000000,0.000000
1141.420000,2.884626,0.786007,-2.675371,0.000000,0.000000
1141.520000,2.884626,0.786007,-2.675371,0.000000,0.000000
1141.620000,2.884626,0.786007,-2.675371,0.000000,0.000000
1141.720000,2.884626,0.786007,-2.675371,0.000000,0.000000
1141.820000,2.884626,0.786007,-2.675371,0.000000,0.000000
1141.920000,2.884626,0.786007,-2.675371,0.000000,0.000000
1142.020000,2.884626,0.786007,-2.675371,0.000000,0.000000
1142.120000,2.884626,0.786007,-2.675371,0.000000,0.000000
1142.220000,2.884626,0.786007,-2.675371,0.000000,0.000000
1142.320000,2.884626,0.786007,-2.675371,0.000000,0.000000
1142.420000,2.884626,0.786007,-2.675371,0.000000,0.000000
1142.520000,2.884626,0.786007,-2.675371,0.000000,0.000000
1142.620000,2.884626,0.786007,-2.675371,0.000000,0.000000
1142.720000,2.884626,0.786007,-2.675371,0.000000,0.000000
1142.820000,2.884626,0.786007,-2.675371,0.000000,0.000000
1142.920000,2.884626,0.786007,-2.675371,0.000000,0.000000
1143.020000,2.884626,0.786007,-2.675371,0.000000,0.000000
1143.120000,2.884626,0.786007,-2.675371,0.000000,0.000000
1143.220000,2.884626,0.786007,-2.675371,0.000000,0.000000
1143.320000,2.884626,0.786007,-2.675371,0.000000,0.000000
1143.420000,2.884626,0.786007,-2.675371,0.000000,0.000000
1143.520000,2.884626,0.786007,-2.675371,0.000000,0.000000
1143.620000,2.884626,0.786007,-2.675371,0.000000,0.000000
1143.720000,2.884626,0.786007,-2.675371,0.000000,0.000000
1143.820000,2.884626,0.786007,-2.675371,0.000000,0.000000
1143.920000,2.884626,0.786007,-2.675371,0.000000,0.000000
1144.020000,2.884626,0.786007,-2.675371,0.000000,0.000000
1144.120000,2.884626,0.786007,-2.675371,0.000000,0.000000
1144.220000,2.884626,0.786007,-2.675371,0.000000,0.000000
1144.320000,2.884626,0.786007,-2.675371,0.000000,0.000000
1144.420000,2.884626,0.786007,-2.675371,0.000000,0.000000
1144.520000,2.884626,0.786007,-2.675371,0.000000,0.000000
1144.620000,2.884626,0.786007,-2.675371,0.000000,0.000000
1144.720000,2.884626,0.786007,-2.675371,0.000000,0.000000
1144.820000,2.884626,0.786007,-2.675371,0.000000,0.000000
1144.920000,2.884626,0.786007,-2.675371,0.000000,0.000000
1145.020000,2.884626,0.786007,-2.675371,0.000000,0.000000
1145.120000,2.884626,0.786007,-2.675371,0.000000,0.000000
1145.220000,2.884626,0.786007,-2.675371,0.000000,0.000000
1145.320000,2.884626,0.786007,-2.675371,0.000000,0.000000
1145.420000,2.884626,0.786007,-2.675371,0.000000,0.000000
1145.520000,2.884626,0.786007,-2.675371,0.000000,0.000000
1145.620000,2.884626,0.786007,-2.675371,0.000000,0.000000
1145.720000,2.884626,0.786007,-2.675371,0.000000,0.000000
1145.820000,2.884626,0.786007,-2.675371,0.000000,0.000000
1145.920000,2.884626,0.786007,-2.675371,0.000000,0.000000
1146.020000,2.884626,0.786007,-2.675371,0.000000,0.000000
1146.120000,2.884626,0.786007,-2.675371,0.000000,0.000000
1146.220000,2.884626,0.786007,-2.675371,0.000000,0.000000
1146.320000,2.884626,0.786007,-2.675371,0.000000,0.000000
1146.420000,2.884626,0.786007,-2.675371,0.000000,0.000000
1146.520000,2.884626,0.786007,-2.675371,0.000000,0.000000
1146.620000,2.884626,0.786007,-2.675371,0.000000,0.000000
1146.720000,2.884626,0.786007,-2.675371,0.000000,0.000000
1146.820000,2.884626,0.786007,-2.675371,0.000000,0.000000
1146.920000,2.884626,0.786007,-2.675371,0.000000,0.000000
1147.020000,2.884626,0.786007,-2.675371,0.000000,0.000000
1147.120000,2.884626,0.786007,-2.675371,0.000000,0.000000
1147.220000,2.884626,0.786007,-2.675371,0.000000,0.000000
1147.320000,2.884626,0.786007,-2.675371,0.000000,0.000000
1147.420000,2.884626,0.786007,-2.675371,0.000000,0.000000
1147.520000,2.884626,0.786007,-2.675371,0.000000,0.000000
1147.620000,2.884626,0.786007,-2.675371,0.000000,0.000000
1147.720000,2.884626,0.786007,-2.675371,0.000000,0.000000
1147.820000,2.884626,0.786007,-2.675371,0.000000,0.000000
1147.920000,2.884626,0.786007,-2.675371,0.000000,0.000000
1148.020000,2.884626,0.786007,-2.675371,0.000000,0.000000
1148.120000,2.884626,0.786007,-2.675371,0.000000,0.000000
1148.220000,2.884626,0.786007,-2.675371,0.000000,0.000000
1148.320000,2.884626,0.786007,-2.675371,0.000000,0.000000
1148.420000,2.884626,0.786007,-2.675371,0.000000,0.000000
1148.520000,2.884626,0.786007,-2.675371,0.000000,0.000000
1148.620000,2.884626,0.786007,-2.675371,0.000000,0.000000
1148.720000,2.884626,0.786007,-2.675371,0.000000,0.000000
1148.820000,2.884626,0.786007,-2.675371,0.000000,0.000000
1148.920000,2.884626,0.786007,-2.675371,0.000000,0.000000
1149.020000,2.884626,0.786007,-2.675371,0.000000,0.000000
1149.120000,2.884626,0.786007,-2.675371,0.000000,0.000000
1149.220000,2.884626,0.786007,-2.675371,0.000000,0.000000
1149.320000,2.884626,0.786007,-2.675371,0.000000,0.000000
1149.420000,2.884626,0.786007,-2.675371,0.000000,0.000000
1149.520000,2.884626,0.786007,-2.675371,0.000000,0.000000
1149.620000,2.884626,0.786007,-2.675371,0.000000,0.000000
1149.720000,2.884626,0.786007,-2.675371,0.000000,0.000000
1149.820000,2.884626,0.786007,-2.675371,0.000000,0.000000
1149.920000,2.884626,0.786007,-2.675371,0.000000,0.000000
1150.020000,2.884626,0.786007,-2.675371,0.000000,0.000000
1150.120000,2.884626,0.786007,-2.675371,0.000000,0.000000
1150.220000,2.884626,0.786007,-2.675371,0.000000,0.000000
1150.320000,2.884626,0.786007,-2.675371,0.000000,0.000000
1150.420000,2.884626,0.786007,-2.675371,0.000000,0.000000
1150.520000,2.884626,0.786007,-2.675371,0.000000,0.000000
1150.620000,2.884626,0.786007,-2.675371,0.000000,0.000000
1150.720000,2.884626,0.786007,-2.675371,0.000000,0.000000
1150.820000,2.884626,0.786007,-2.675371,0.000000,0.000000
1150.920000,2.884626,0.786007,-2.675371,0.000000,0.000000
1151.020000,2.884626,0.786007,-2.675371,0.000000,0.000000
1151.120000,2.884626,0.786007,-2.675371,0.000000,0.000000
1151.220000,2.884626,0.786007,-2.675371,0.000000,0.000000
1151.320000,2.884626,0.786007,-2.675371,0.000000,0.000000
1151.420000,2.884626,0.786007,-2.675371,0.000000,0.000000
1151.520000,2.884626,0.786007,-2.675371,0.000000,0.000000
1151.620000,2.884626,0.786007,-2.675371,0.000000,0.000000
1151.720000,2.884626,0.786007,-2.675371,0.000000,0.000000
1151.820000,2.884626,0.786007,-2.675371,0.000000,0.000000
1151.920000,2.884626,0.786007,-2.675371,0.000000,0.000000
1152.020000,2.884626,0.786007,-2.675371,0.000000,0.000000
1152.120000,2.884626,0.786007,-2.675371,0.000000,0.000000
1152.220000,2.884626,0.786007,-2.675371,0.000000,0.000000
1152.320000,2.884626,0.786007,-2.675371,0.000000,0.000000
1152.420000,2.884626,0.786007,-2.675371,0.000000,0.000000
1152.520000,2.884626,0.786007,-2.675371,0.000000,0.000000
1152.620000,2.884626,0.786007,-2.675371,0.000000,0.000000
1152.720000,2.884626,0.786007,-2.675371,0.000000,0.000000
1152.820000,2.884626,0.786007,-2.675371,0.000000,0.000000
1152.920000,2.884626,0.786007,-2.675371,0.000000,0.000000
1153.020000,2.884626,0.786007,-2.675371,0.000000,0.000000
1153.120000,2.884626,0.786007,-2.675371,0.000000,0.000000
1153.220000,2.884626,0.786007,-2.675371,0.000000,0.000000
1153.320000,2.884626,0.786007,-2.675371,0.000000,0.000000
1153.420000,2.884626,0.786007,-2.675371,0.000000,0.000000
1153.520000,2.884626,0.786007,-2.675371,0.000000,0.000000
1153.620000,2.884626,0.786007,-2.675371,0.000000,0.000000
1153.720000,2.884626,0.786007,-2.675371,0.000000,0.000000
1153.820000,2.884626,0.786007,-2.675371,0.000000,0.000000
1153.920000,2.884626,0.786007,-2.675371,0.000000,0.000000
1154.020000,2.884626,0.786007,-2.675371,0.000000,0.000000
1154.120000,2.884626,0.786007,-2.675371,0.000000,0.000000
1154.220000,2.884626,0.786007,-2.675371,0.000000,0.000000
1154.320000,2.884626,0.786007,-2.675371,0.000000,0.000000
1154.420000,2.884626,0.786007,-2.675371,0.000000,0.000000
1154.520000,2.884626,0.786007,-2.675371,0.000000,0.000000
1154.620000,2.884626,0.786007,-2.675371,0.000000,0.000000
1154.720000,2.884626,0.786007,-2.675371,0.000000,0.000000
1154.820000,2.884626,0.786007,-2.675371,0.000000,0.000000
1154.920000,2.884626,0.786007,-2.675371,0.000000,0.000000
1155.020000,2.884626,0.786007,-2.675371,0.000000,0.000000
1155.120000,2.884626,0.786007,-2.675371,0.000000,0.000000
1155.220000,2.884626,0.786007,-2.675371,0.000000,0.000000
1155.320000,2.884626,0.786007,-2.675371,0.000000,0.000000
1155.420000,2.884626,0.786007,-2.675371,0.000000,0.000000
1155.520000,2.884626,0.786007,-2.675371,0.000000,0.000000
1155.620000,2.884626,0.786007,-2.675371,0.000000,0.000000
1155.720000,2.884626,0.786007,-2.675371,0.000000,0.000000
1155.820000,2.884626,0.786007,-2.675371,0.000000,0.000000
1155.920000,2.884626,0.786007,-2.675371,0.000000,0.000000
1156.020000,2.884626,0.786007,-2.675371,0.000000,0.000000
1156.120000,2.884626,0.786007,-2.675371,0.000000,0.000000
1156.220000,2.884626,0.786007,-2.675371,0.000000,0.000000
1156.320000,2.884626,0.786007,-2.675371,0.000000,0.000000
1156.420000,2.884626,0.786007,-2.675371,0.000000,0.000000
1156.520000,2.884626,0.786007,-2.675371,0.000000,0.000000
1156.620000,2.884626,0.786007,-2.675371,0.000000,0.000000
1156.720000,2.884626,0.786007,-2.675371,0.000000,0.000000
1156.820000,2.884626,0.786007,-2.675371,0.000000,0.000000
1156.920000,2.884626,0.786007,-2.675371,0.000000,0.000000
1157.020000,2.884626,0.786007,-2.675371,0.000000,0.000000
1157.120000,2.884626,0.786007,-2.675371,0.000000,0.000000
1157.220000,2.884626,0.786007,-2.675371,0.000000,0.000000
1157.320000,2.884626,0.786007,-2.675371,0.000000,0.000000
1157.420000,2.884626,0.786007,-2.675371,0.000000,0.000000
1157.520000,2.884626,0.786007,-2.675371,0.000000,0.000000
1157.620000,2.884626,0.786007,-2.675371,0.000000,0.000000
1157.720000,2.884626,0.786007,-2.675371,0.000000,0.000000
1157.820000,2.884626,0.786007,-2.675371,0.000000,0.000000
1157.920000,2.884626,0.786007,-2.675371,0.000000,0.000000
1158.020000,2.884626,0.786007,-2.675371,0.000000,0.000000
1158.120000,2.884626,0.786007,-2.675371,0.000000,0.000000
1158.220000,2.884626,0.786007,-2.675371,0.000000,0.000000
1158.320000,2.884626,0.786007,-2.675371,0.000000,0.000000
1158.420000,2.884626,0.786007,-2.675371,0.000000,0.000000
1158.520000,2.884626,0.786007,-2.675371,0.000000,0.000000
1158.620000,2.884626,0.786007,-2.675371,0.000000,0.000000
1158.720000,2.884626,0.786007,-2.675371,0.000000,0.000000
1158.820000,2.884626,0.786007,-2.675371,0.000000,0.000000
1158.920000,2.884626,0.786007,-2.675371,0.000000,0.000000
1159.020000,2.884626,0.786007,-2.675371,0.000000,0.000000
1159.120000,2.884626,0.786007,-2.675371,0.000000,0.000000
1159.220000,2.884626,0.786007,-2.675371,0.000000,0.000000
1159.320000,2.884626,0.786007,-2.675371,0.000000,0.000000
1159.420000,2.884626,0.786007,-2.675371,0.000000,0.000000
1159.520000,2.884626,0.786007,-2.675371,0.000000,0.000000
1159.620000,2.884626,0.786007,-2.675371,0.000000,0.000000
1159.720000,2.884626,0.786007,-2.675371,0.000000,0.000000
1159.820000,2.884626,0.786007,-2.675371,0.000000,0.000000
1159.920000,2.884626,0.786007,-2.675371,0.000000,0.000000
1160.020000,2.884626,0.786007,-2.675371,0.000000,0.000000
1160.120000,2.884626,0.786007,-2.675371,0.000000,0.000000
1160.220000,2.884626,0.786007,-2.675371,0.000000,0.000000
1160.320000,2.884626,0.786007,-2.675371,0.000000,0.000000
1160.420000,2.884626,0.786007,-2.675371,0.000000,0.000000
1160.520000,2.884626,0.786007,-2.675371,0.000000,0.000000
1160.620000,2.884626,0.786007,-2.675371,0.000000,0.000000
1160.720000,2.884626,0.786007,-2.675371,0.000000,0.000000
1160.820000,2.884626,0.786007,-2.675371,0.000000,0.000000
1160.920000,2.884626,0.786007,-2.675371,0.000000,0.000000
1161.020000,2.884626,0.786007,-2.675371,0.000000,0.000000
1161.120000,2.884626,0.786007,-2.675371,0.000000,0.000000
1161.220000,2.884626,0.786007,-2.675371,0.000000,0.000000
1161.320000,2.884626,0.786007,-2.675371,0.000000,0.000000
1161.420000,2.884626,0.786007,-2.675371,0.000000,0.000000
1161.520000,2.884626,0.786007,-2.675371,0.000000,0.000000
1161.620000,2.884626,0.786007,-2.675371,0.000000,0.000000
1161.720000,2.884626,0.786007,-2.675371,0.000000,0.000000
1161.820000,2.884626,0.786007,-2.675371,0.000000,0.000000
1161.920000,2.884626,0.786007,-2.675371,0.000000,0.000000
1162.020000,2.884626,0.786007,-2.675371,0.000000,0.000000
1162.120000,2.884626,0.786007,-2.675371,0.000000,0.000000
1162.220000,2.884626,0.786007,-2.675371,0.000000,0.000000
1162.320000,2.884626,0.786007,-2.675371,0.000000,0.000000
1162.420000,2.884626,0.786007,-2.675371,0.000000,0.000000
1162.520000,2.884626,0.786007,-2.675371,0.000000,0.000000
1162.620000,2.884626,0.786007,-2.675371,0.000000,0.000000
1162.720000,2.884626,0.786007,-2.675371,0.000000,0.000000
1162.820000,2.884626,0.786007,-2.675371,0.000000,0.000000
1162.920000,2.884626,0.786007,-2.675371,0.000000,0.000000
1163.020000,2.884626,0.786007,-2.675371,0.000000,0.000000
1163.120000,2.884626,0.786007,-2.675371,0.000000,0.000000
1163.220000,2.884626,0.786007,-2.675371,0.000000,0.000000
1163.320000,2.884626,0.786007,-2.675371,0.000000,0.000000
1163.420000,2.884626,0.786007,-2.675371,0.000000,0.000000
1163.520000,2.884626,0.786007,-2.675371,0.000000,0.000000
1163.620000,2.884626,0.786007,-2.675371,0.000000,0.000000
1163.720000,2.884626,0.786007,-2.675371,0.000000,0.000000
1163.820000,2.884626,0.786007,-2.675371,0.000000,0.000000
1163.920000,2.884626,0.786007,-2.675371,0.000000,0.000000
1164.020000,2.884626,0.786007,-2.675371,0.000000,0.000000
1164.120000,2.884626,0.786007,-2.675371,0.000000,0.000000
1164.220000,2.884626,0.786007,-2.675371,0.000000,0.000000
1164.320000,2.884626,0.786007,-2.675371,0.000000,0.000000
1164.420000,2.884626,0.786007,-2.675371,0.000000,0.000000
1164.520000,2.884626,0.786007,-2.675371,0.000000,0.000000
1164.620000,2.884626,0.786007,-2.675371,0.000000,0.000000
1164.720000,2.884626,0.786007,-2.675371,0.000000,0.000000
1164.820000,2.884626,0.786007,-2.675371,0.000000,0.000000
1164.920000,2.884626,0.786007,-2.675371,0.000000,0.000000
1165.020000,2.884626,0.786007,-2.675371,0.000000,0.000000
1165.120000,2.884626,0.786007,-2.675371,0.000000,0.000000
1165.220000,2.884626,0.786007,-2.675371,0.000000,0.000000
1165.320000,2.884626,0.786007,-2.675371,0.000000,0.000000
1165.420000,2.884626,0.786007,-2.675371,0.000000,0.000000
1165.520000,2.884626,0.786007,-2.675371,0.000000,0.000000
1165.620000,2.884626,0.786007,-2.675371,0.000000,0.000000
1165.720000,2.884626,0.786007,-2.675371,0.000000,0.000000
1165.820000,2.884626,0.786007,-2.675371,0.000000,0.000000
1165.920000,2.884626,0.786007,-2.675371,0.000000,0.000000
1166.020000,2.884626,0.786007,-2.675371,0.000000,0.000000
1166.120000,2.884626,0.786007,-2.675371,0.000000,0.000000
1166.220000,2.884626,0.786007,-2.675371,0.000000,0.000000
1166.320000,2.884626,0.786007,-2.675371,0.000000,0.000000
1166.420000,2.884626,0.786007,-2.675371,0.000000,0.000000
1166.520000,2.884626,0.786007,-2.675371,0.000000,0.000000
1166.620000,2.884626,0.786007,-2.675371,0.000000,0.000000
1166.720000,2.884626,0.786007,-2.675371,0.000000,0.000000
1166.820000,2.884626,0.786007,-2.675371,0.000000,0.000000
1166.920000,2.884626,0.786007,-2.675371,0.000000,0.000000
1167.020000,2.884626,0.786007,-2.675371,0.000000,0.000000
1167.120000,2.884626,0.786007,-2.675371,0.000000,0.000000
1167.220000,2.884626,0.786007,-2.675371,0.000000,0.000000
1167.320000,2.884626,0.786007,-2.675371,0.000000,0.000000
1167.420000,2.884626,0.786007,-2.675371,0.000000,0.000000
1167.520000,2.884626,0.786007,-2.675371,0.000000,0.000000
1167.620000,2.884626,0.786007,-2.675371,0.000000,0.000000
1167.720000,2.884626,0.786007,-2.675371,0.000000,0.000000
1167.820000,2.884626,0.786007,-2.675371,0.000000,0.000000
1167.920000,2.884626,0.786007,-2.675371,0.000000,0.000000
1168.020000,2.884626,0.786007,-2.675371,0.000000,0.000000
1168.120000,2.884626,0.786007,-2.675371,0.000000,0.000000
1168.220000,2.884626,0.786007,-2.675371,0.000000,0.000000
1168.320000,2.884626,0.786007,-2.675371,0.000000,0.000000
1168.420000,2.884626,0.786007,-2.675371,0.000000,0.000000
1168.520000,2.884626,0.786007,-2.675371,0.000000,0.000000
1168.620000,2.884626,0.786007,-2.675371,0.000000,0.000000
1168.720000,2.884626,0.786007,-2.675371,0.000000,0.000000
1168.820000,2.884626,0.786007,-2.675371,0.000000,0.000000
1168.920000,2.884626,0.786007,-2.675371,0.000000,0.000000
1169.020000,2.884626,0.786007,-2.675371,0.000000,0.000000
1169.120000,2.884626,0.786007,-2.675371,0.000000,0.000000
1169.220000,2.884626,0.786007,-2.675371,0.000000,0.000000
1169.320000,2.884626,0.786007,-2.675371,0.000000,0.000000
1169.420000,2.884626,0.786007,-2.675371,0.000000,0.000000
1169.520000,2.884626,0.786007,-2.675371,0.000000,0.000000
1169.620000,2.884626,0.786007,-2.675371,0.000000,0.000000
1169.720000,2.884626,0.786007,-2.675371,0.000000,0.000000
1169.820000,2.884626,0.786007,-2.675371,0.000000,0.000000
1169.920000,2.884626,0.786007,-2.675371,0.000000,0.000000
1170.020000,2.884626,0.786007,-2.675371,0.000000,0.000000
1170.120000,2.884626,0.786007,-2.675371,0.000000,0.000000
1170.220000,2.884626,0.786007,-2.675371,0.000000,0.000000
1170.320000,2.884626,0.786007,-2.675371,0.000000,0.000000
1170.420000,2.884626,0.786007,-2.675371,0.000000,0.000000
1170.520000,2.884626,0.786007,-2.675371,0.000000,0.000000
1170.620000,2.884626,0.786007,-2.675371,0.000000,0.000000
1170.720000,2.884626,0.786007,-2.675371,0.000000,0.000000
1170.820000,2.884626,0.786007,-2.675371,0.000000,0.000000
1170.920000,2.884626,0.786007,-2.675371,0.000000,0.000000
1171.020000,2.884626,0.786007,-2.675371,0.000000,0.000000
1171.120000,2.884626,0.786007,-2.675371,0.000000,0.000000
1171.220000,2.884626,0.786007,-2.675371,0.000000,0.000000
1171.320000,2.884626,0.786007,-2.675371,0.000000,0.000000
1171.420000,2.884626,0.786007,-2.675371,0.000000,0.000000
1171.520000,2.884626,0.786007,-2.675371,0.000000,0.000000
1171.620000,2.884626,0.786007,-2.675371,0.000000,0.000000
1171.720000,2.884626,0.786007,-2.675371,0.000000,0.000000
1171.820000,2.884626,0.786007,-2.675371,0.000000,0.000000
1171.920000,2.884626,0.786007,-2.675371,0.000000,0.000000
1172.020000,2.884626,0.786007,-2.675371,0.000000,0.000000
1172.120000,2.884626,0.786007,-2.675371,0.000000,0.000000
1172.220000,2.884626,0.786007,-2.675371,0.000000,0.000000
1172.320000,2.884626,0.786007,-2.675371,0.000000,0.000000
1172.420000,2.884626,0.786007,-2.675371,0.000000,0.000000
1172.520000,2.884626,0.786007,-2.675371,0.000000,0.000000
1172.620000,2.884626,0.786007,-2.675371,0.000000,0.000000
1172.720000,2.884626,0.786007,-2.675371,0.000000,0.000000
1172.820000,2.884626,0.786007,-2.675371,0.000000,0.000000
1172.920000,2.884626,0.786007,-2.675371,0.000000,0.000000
1173.020000,2.884626,0.786007,-2.675371,0.000000,0.000000
1173.120000,2.884626,0.786007,-2.675371,0.000000,0.000000
1173.220000,2.884626,0.786007,-2.675371,0.000000,0.000000
1173.320000,2.884626,0.786007,-2.675371,0.000000,0.000000
1173.420000,2.884626,0.786007,-2.675371,0.000000,0.000000
1173.520000,2.884626,0.786007,-2.675371,0.000000,0.000000
1173.620000,2.884626,0.786007,-2.675371,0.000000,0.000000
1173.720000,2.884626,0.786007,-2.675371,0.000000,0.000000
1173.820000,2.884626,0.786007,-2.675371,0.000000,0.000000
1173.920000,2.884626,0.786007,-2.675371,0.000000,0.000000
1174.020000,2.884626,0.786007,-2.675371,0.000000,0.000000
1174.120000,2.884626,0.786007,-2.675371,0.000000,0.000000
1174.220000,2.884626,0.786007,-2.675371,0.000000,0.000000
1174.320000,2.884626,0.786007,-2.675371,0.000000,0.000000
1174.420000,2.884626,0.786007,-2.675371,0.000000,0.000000
1174.520000,2.884626,0.786007,-2.675371,0.000000,0.000000
1174.620000,2.884626,0.786007,-2.675371,0.000000,0.000000
1174.720000,2.884626,0.786007,-2.675371,0.000000,0.000000
1174.820000,2.884626,0.786007,-2.675371,0.000000,0.000000
1174.920000,2.884626,0.786007,-2.675371,0.000000,0.000000
1175.020000,2.884626,0.786007,-2.675371,0.000000,0.000000
1175.120000,2.884626,0.786007,-2.675371,0.000000,0.000000
1175.220000,2.884626,0.786007,-2.675371,0.000000,0.000000
1175.320000,2.884626,0.786007,-2.675371,0.000000,0.000000
1175.420000,2.884626,0.786007,-2.675371,0.000000,0.000000
1175.520000,2.884626,0.786007,-2.675371,0.000000,0.000000
1175.620000,2.884626,0.786007,-2.675371,0.000000,0.000000
1175.720000,2.884626,0.786007,-2.675371,0.000000,0.000000
1175.820000,2.884626,0.786007,-2.675371,0.000000,0.000000
1175.920000,2.884626,0.786007,-2.675371,0.000000,0.000000
1176.020000,2.884626,0.786007,-2.675371,0.000000,0.000000
1176.120000,2.884626,0.786007,-2.675371,0.000000,0.000000
1176.220000,2.884626,0.786007,-2.675371,0.000000,0.000000
1176.320000,2.884626,0.786007,-2.675371,0.000000,0.000000
1176.420000,2.884626,0.786007,-2.675371,0.000000,0.000000
1176.520000,2.884626,0.786007,-2.675371,0.000000,0.000000
1176.620000,2.884626,0.786007,-2.675371,0.000000,0.000000
1176.720000,2.884626,0.786007,-2.675371,0.000000,0.000000
1176.820000,2.884626,0.786007,-2.675371,0.000000,0.000000
1176.920000,2.884626,0.786007,-2.675371,0.000000,0.000000
1177.020000,2.884626,0.786007,-2.675371,0.000000,0.000000
1177.120000,2.884626,0.786007,-2.675371,0.000000,0.000000
1177.220000,2.884626,0.786007,-2.675371,0.000000,0.000000
1177.320000,2.884626,0.786007,-2.675371,0.000000,0.000000
1177.420000,2.884626,0.786007,-2.675371,0.000000,0.000000
1177.520000,2.884626,0.786007,-2.675371,0.000000,0.000000
1177.620000,2.884626,0.786007,-2.675371,0.000000,0.000000
1177.720000,2.884626,0.786007,-2.675371,0.000000,0.000000
1177.820000,2.884626,0.786007,-2.675371,0.000000,0.000000
1177.920000,2.884626,0.786007,-2.675371,0.000000,0.000000
1178.020000,2.884626,0.786007,-2.675371,0.000000,0.000000
1178.120000,2.884626,0.786007,-2.675371,0.000000,0.000000
1178.220000,2.884626,0.786007,-2.675371,0.000000,0.000000
1178.320000,2.884626,0.786007,-2.675371,0.000000,0.000000
1178.420000,2.884626,0.786007,-2.675371,0.000000,0.000000
1178.520000,2.884626,0.786007,-2.675371,0.000000,0.000000
1178.620000,2.884626,0.786007,-2.675371,0.000000,0.000000
1178.720000,2.884626,0.786007,-2.675371,0.000000,0.000000
1178.820000,2.884626,0.786007,-2.675371,0.000000,0.000000
1178.920000,2.884626,0.786007,-2.675371,0.000000,0.000000
1179.020000,2.884626,0.786007,-2.675371,0.000000,0.000000
1179.120000,2.884626,0.786007,-2.675371,0.000000,0.000000
1179.220000,2.884626,0.786007,-2.675371,0.000000,0.000000
1179.320000,2.884626,0.786007,-2.675371,0.000000,0.000000
1179.420000,2.884626,0.786007,-2.675371,0.000000,0.000000
1179.520000,2.884626,0.786007,-2.675371,0.000000,0.000000
1179.620000,2.884626,0.786007,-2.675371,0.000000,0.000000
1179.720000,2.884626,0.786007,-2.675371,0.000000,0.000000
1179.820000,2.884626,0.786007,-2.675371,0.000000,0.000000
1179.920000,2.884626,0.786007,-2.675371,0.000000,0.000000
1180.020000,2.884626,0.786007,-2.675371,0.000000,0.000000
1180.120000,2.884626,0.786007,-2.675371,0.000000,0.000000
1180.220000,2.884626,0.786007,-2.675371,0.000000,0.000000
1180.320000,2.884626,0.786007,-2.675371,0.000000,0.000000
1180.420000,2.884626,0.786007,-2.675371,0.000000,0.000000
1180.520000,2.884626,0.786007,-2.675371,0.000000,0.000000
1180.620000,2.884626,0.786007,-2.675371,0.000000,0.000000
1180.720000,2.884626,0.786007,-2.675371,0.000000,0.000000
1180.820000,2.884626,0.786007,-2.675371,0.000000,0.000000
1180.920000,2.884626,0.786007,-2.675371,0.000000,0.000000
1181.020000,2.884626,0.786007,-2.675371,0.000000,0.000000
1181.120000,2.884626,0.786007,-2.675371,0.000000,0.000000
1181.220000,2.884626,0.786007,-2.675371,0.000000,0.000000
1181.320000,2.884626,0.786007,-2.675371,0.000000,0.000000
1181.420000,2.884626,0.786007,-2.675371,0.000000,0.000000
1181.520000,2.884626,0.786007,-2.675371,0.000000,0.000000
1181.620000,2.884626,0.786007,-2.675371,0.000000,0.000000
1181.720000,2.884626,0.786007,-2.675371,0.000000,0.000000
1181.820000,2.884626,0.786007,-2.675371,0.000000,0.000000
1181.920000,2.884626,0.786007,-2.675371,0.000000,0.000000
1182.020000,2.884626,0.786007,-2.675371,0.000000,0.000000
1182.120000,2.884626,0.786007,-2.675371,0.000000,0.000000
1182.220000,2.884626,0.786007,-2.675371,0.000000,0.000000
1182.320000,2.884626,0.786007,-2.675371,0.000000,0.000000
1182.420000,2.884626,0.786007,-2.675371,0.000000,0.000000
1182.520000,2.884626,0.786007,-2.675371,0.000000,0.000000
1182.620000,2.884626,0.786007,-2.675371,0.000000,0.000000
1182.720000,2.884626,0.786007,-2.675371,0.000000,0.000000
1182.820000,2.884626,0.786007,-2.675371,0.000000,0.000000
1182.920000,2.884626,0.786007,-2.675371,0.000000,0.000000
1183.020000,2.884626,0.786007,-2.675371,0.000000,0.000000
1183.120000,2.884626,0.786007,-2.675371,0.000000,0.000000
1183.220000,2.884626,0.786007,-2.675371,0.000000,0.000000
